id,slug,name,datereleased,yearreleased,background_image,rating,metacritic,playtime,platforms,genres,description
3631,infamous-second-son,inFAMOUS Second Son,2014-03-21,2014,https://media.rawg.io/media/games/be2/be239d5eb4d0bf02bf722aff51e694ad.jpg,3.91,80.0,0,PlayStation,Action,"Action adventure game inFAMOUS: Second Son is a spin-off to the original inFAMOUS series. Players take control of Delsin Rowe from the third-person perspective in the open-world environment. The story takes place in Seattle 7 years after Cole McGrath’s sacrifice and the annihilation of The Beast (the ending of inFAMOUS 2). The protagonist is a 24-year-old local from the Akomish reservation. He has a Conduit’s superpower that gives him the control of different materials. Delsin also has an extraordinary parkour skill that allows him to climb vertical surfaces. Having supernatural power, Delsin is set up against mutant hunters from Department of Unified Protection (D.U.P.) As the story progresses, Delsin comes across new Conduits and acquire new special abilities spending Blast Shards scattered throughout the map of Seattle. While completing Delsin’s story players are able to choose whether they want to follow the good branch (healing civilians and stopping unnecessary violence) or the evil branch (murdering innocents and redundant enemies)."
3635,rogue-legacy,Rogue Legacy,2013-06-27,2013,https://media.rawg.io/media/games/598/59851e152a6898c8bf79069b5bf2f4db.jpg,3.87,85.0,6,"PC, PlayStation, Xbox, iOS, Nintendo","Action, RPG, Indie, Platformer","The game begins in the castle, in which the heroes are ""settled"", there are also important things for the game, money and useful qualities. Much can be bought outside the castle. You meet not only enemies but also other characters with whom interaction is possible. The smith can sell weapons and armour, and the gipsy can sell different magic things. A meeting with an architect can help with the exploration and reconstruction of the castle. The study of the castle promises useful finds. Among other spaces of the game are a forest, a dungeon and a tower. At the disposal of the player, there is a book in which all the messages encountered during the game are collected. Messages inform us about what is there and what is happening. The map is always generated anew and randomly, and the hero always dies at the end of the game, but all of his money is saved, and they can improve the character of the new game. The gameplay consists of searching and developing strengths and things, battling with opponents and finally - killing the main boss."
3636,the-last-of-us-remastered,The Last Of Us Remastered,2014-07-29,2014,https://media.rawg.io/media/games/364/3642d850efb217c58feab80b8affaa89.jpg,4.69,95.0,16,PlayStation,"Action, Adventure","The Last of Us is a post-apocalypse 3rd person adventure with a distinct focus on naturalness and photorealistic graphics. It is the first title in the IP, followed by the second part, coming out in 2019 by Naughty Dog, mostly known for 'Crash Bandicoot' and 'Uncharted' series. You play as Joel, delivering small requests in America, the year 2033, precisely 20 years after Cordyceps fungus catastrophe which have turned human hosts into infected shrooms. Your next quest is to deliver 14 years-old Ellie, immune to the virus to the hospital in the other end of a state. It is a usual story of two characters getting along throughout their journey. You need to fight fungus infected and usual soldiers, patrolling the territory — ammo and health are of the essence here, because it is post-apocalypse and everyone is short of resources. You face multiple encounters with bosses, various traps, and numerous puzzles. Let alone the number of collectibles telling a complete story of an epidemic world."
3639,entwined,Entwined,2014-06-09,2014,https://media.rawg.io/media/screenshots/3ab/3ab0b96d9457789e1ef2e007008d17fe.jpg,2.73,59.0,0,PlayStation,"Action, Arcade","In Entwined, the player has to control two souls to lead them to perfect harmony. Plot The main protagonists are the souls of an orange fish and a blue bird. They fall in love, but due to their incompatible environments, they can't stay together. However, if they become so entwined that they learn to move in complete unison, they can merge into a dragon. This creature can traverse any environment. Controls The player takes control of both protagonists at the same time. Being a PlayStation exclusive title, Entwined strongly relies on the console's controller analog sticks. With the right stick, the player guides the bird, while the left stick navigates the fish. Gameplay The two protagonists fly forward through a tube, similar to the old flight simulators like Tempest 2000. On their way, they have to gather collectible gems and avoid obstacles. The collectibles are color-coded orange and blue for the fish and the bird, respectively. Completing these objectives allows the player to fill two colored meters while hitting obstacles drops the meters down. Once they are full, the two souls begin to merge. They have to avoid being hit during the merger process. Otherwise, it will be interrupted. When the fusion is complete, the two characters become a dragon. The player can control the dragon and freely explore the final part of each stage, which turns into a 3D environment."
3640,hohokum,Hohokum,2014-07-22,2014,https://media.rawg.io/media/screenshots/8ec/8ece4995d49eab2c9771546fdd48388d.jpg,2.98,72.0,1,"PC, PlayStation","Adventure, Arcade, Casual, Indie","Hohokum is a platformer with a heavy focus on exploring the world and crafting your way through the levels with the help of artistic means. The title is developed by Honeyslug and is the only game within the corresponding IP. Gameplay and features One must navigate an unknown creature called Long Mover who looks very much like a worm through the 2D platforming sections composed of different-colored minimalistic objects and NPCs. 17 locations called worlds have no connection whatsoever and may be explored in any way one desires. The player may affect only the speed of Long Mover — slow him down or speed him up. However, the game build interaction with an NPCs through the back-riding mechanics — all of the information about goals or secondary tasks is known from the locals who ride the player's back. The purpose of almost every level is to wake the creature within its bounds by tickling its eyes. Key features It is both feature and philosophy of the game — highlighting no narrative or instructions the game lets the player move into and flow within its worlds. The absence of story, nonetheless, compensates with goals — each world has one primary and multiple secondary tasks. Meeting the requirements in all areas brings the player to “the end” — the credits meaning an apparent end of the gameplay. Namely, the play may be continued afterward."
3642,abyss-odyssey,Abyss Odyssey,2014-07-15,2014,https://media.rawg.io/media/games/186/186641799044a7daa32d2845d354758a.jpg,2.78,69.0,5,"PC, PlayStation, Xbox","Action, Adventure, Indie","Abyss Odyssey is an action platformer game developed by the ACE Team. The game also features several roguelike elements. Plot The game follows several heroes that descend into the dungeons of a 19th century Chile city of Santiago to find a warlock, whose dreams wreck havoc on the streets of a South American town. Gameplay In its gameplay, Abyss Odyssey fuses several genres into one, creating something absolutely new. The players control a character, whose main objective is to complete procedurally generated levels without dying and killing as many monsters as they can on the way to the exit from the level. The implementation of procedural generation results in a high degree of replayability as no level will play out the same. Due to the infusion of roguelike elements to the game, the players only have one life. Upon death, the players are given a weaker character to play as. This new character sets out to avenge the death of a previous one. It is possible to revive your dead character by finding them and using a special alter that has to be found somewhere on the level. The game's combat is heavily inspired by several Japanese fighting games. The players are awarded new loot upon timing their moves correctly. Abyss Odyssey features a unique level unlock system, that is driven by the community. On the game's release, only the first act was available for playing. The next ones were unlocked upon a certain number of players beating the game's bosses."
3647,child-of-light,Child of Light,2014-04-29,2014,https://media.rawg.io/media/games/c47/c4796c4c49e7e06ad328e07aa8944cdd.jpg,3.86,77.0,3,"PC, PlayStation, Xbox, Nintendo","RPG, Indie","A girl named Aurora is the daughter of the Duke of Austria, who recently married again. Aurora suffers from a physical ailment, because of which she sleeps a lot. Once upon awakening, the girl finds herself in the mythical world of Lemuria. The princess meets a firefly named Ignikulius, who leads Aurora to the Forest Fairy, who was captured in a stained-glass window. After liberation, the fairy tells that the dark Queen Umbra stole the sun and the moon of Lemuria. The fairy gives Aurora a flute, stars and, together with them, the ability to fly. But the Aurora pursues her own goals. She seeks to return to her father, who became very ill after his daughter disappeared. After going through numerous adventures with many characters, faced face to face with her own nightmares and defeating them, Aurora defeats Umbra and becomes the new queen of Lemuria. You can play not only for Aurora but also for her companion firefly - in multiplayer mode."
3651,sniper-elite-3,Sniper Elite 3,2014-06-26,2014,https://media.rawg.io/media/games/fe6/fe68940746007261e34da4d9cce81423.jpg,3.52,67.0,5,"PC, PlayStation, Xbox, Nintendo","Action, Shooter, Adventure","This prequel to Sniper Elite V2 is set three years before the events of the previous game, in Northern Africa during the World War II. The player assumes the role of US special forces operative Karl Fairburne. His task is to eliminate the Nazi German general Franz Vahlen before he completes his project of a doomsday weapon. The locations and background events are inspired by the real historical places and battles. The gameplay is strongly oriented towards stealth action. Your protagonist is a talented marksman who can use a variety of sniper rifles. Finding a perfect spot to snipe from is as important as changing it, since you cannot hold one position for too long without being detected. Fairburne’s condition and the environment influence his accuracy; for example, he cannot shoot straight after running or against the wind. A unique targeting system allows you to see where your bullet will hit the enemy’s body or a vehicle and the amount of damage it can deal. Fairburne can also use other types of guns, as well as explosives. Kills earn the player the points that push your character towards higher ranks. Besides the story mode, there’s a co-op mode and five multiplayer modes, including the classic deathmatch and “capture the flag”."
3656,grid-autosport,GRID Autosport,2014-06-24,2014,https://media.rawg.io/media/games/973/973b8b5538d064a73f0c3b745827254c.jpg,3.67,78.0,6,"PC, PlayStation, Xbox, iOS, Android, Apple Macintosh, Linux, Nintendo","Sports, Racing","Grid Autosport is a racing game with a variety of in-game maps. It is the ninth part of the TOCA series, which follow a wide assortment of motorsports with a center on touring racing. Gameplay The Autosport's gameplay resembles natural playground for all titles of its kind — the player is coursing between the different championships in which they can race the other AI-controlled enemies or participate in online events. Plot Different from many projects of its sort, Grid Autosport resembles some narrative — the player follows into the footsteps of a racing professional with the different opportunities to express themselves. One may take the career ladder to get various rewards throughout the multiplayer, practice in the split\screen mode with a friend or proceed into the usual course of actions in the racing game — the singleplayer mode. Key features The emphasis in the game is given to the realistic collisions display. One may customize their vehicle in five parameters each corresponding to the different characteristics and choose out of four classes of cars to play with. Special edition There are two versions of the game: standard and special edition. The only latter's difference is Mercedes Benz SLS AMG vehicle added."
3662,ea-sports-ufc,EA SPORTS UFC,2014-06-17,2014,https://media.rawg.io/media/games/1b9/1b9b1b82d204e9656019f73c577cb804.jpg,3.3,71.0,0,"PlayStation, Xbox, iOS, Android","Simulation, Sports, Fighting","FEEL THE FIGHT The creators of the critically-acclaimed Fight Night franchise bring you into the next-generation of fighting. Step into the Octagon™ with EA SPORTS UFC and make your opponent feel every strike, takedown and submission. Video output in Full HD 1080p requires 1080p native display. Use of PSN and SEN account are subject to the Terms of Service and User Agreement and applicable privacy policy (see terms at sonyentertainmentnetwork.com/terms-of-service & sonyentertainmentnetwork.com/privacy-policy). *Online multiplayer also requires a PlayStation®Plus subscription. 1080p HD Video Output Online Play (Optional) This item is being licensed or sublicensed to you by Sony Computer Entertainment America and is subject to the Network Terms of Service and User Agreement, this item’s use restrictions and other applicable terms located at www.us.playstation.com/support/useragreements. If you do not wish to accept all these terms, do not download this item. One-time license fee for play on purchasing account’s designated, primary PS4™ system and other PS4 systems when signed in with purchasing account."
3666,tales-from-space-mutant-blobs-attack,Tales From Space: Mutant Blobs Attack,2012-02-21,2012,https://media.rawg.io/media/screenshots/76b/76b1760b03a011c015feeac9572ad22d.jpg,3.19,83.0,3,"PC, PlayStation, Apple Macintosh, Linux, Nintendo","Action, Adventure, Indie, Platformer","Tales from Space: Mutant Blobs Attack is a side-scrolling platformer developed by DrinkBox Studios. The game serves as a prequel to another game by the studio, Tales From Space: About a Blob. Plot The game tells the story of the blob who is named Blob. Blob escapes from his own homeworld and ends up on Earth, where he begins consuming everything he finds while exploring the planet. Gameplay The players control Blob. At the beginning of the level, Blob is tiny, but when he eats something, he gets a bit bigger. This allows the players to grom Blob to enormous sizes by eating the loosely-placed items in the in-game world. The main objective of the player is to pass a specific obstacle located at every level of the game to complete it. The players can use Blob's multiple mutant abilities. For example, he can transform into a rocket for a limited amount of time, stick to walls or even use telekinesis to manipulate the in-game items. The game heavily relies on its advanced physics simulation system. The levels are highly interactive, so the question of how to approach a specific level is completely up to the player. Style The 1950s heavily inspire the game's art style. Architecture, music, and even this era-specific humor can be found in the game. The game features a distinct animation style which can also be found in the old Batman or Spider-man TV shows."
3675,pixeljunk-shooter-ultimate,PixelJunk Shooter Ultimate,2014-06-03,2014,https://media.rawg.io/media/screenshots/cf4/cf48c1e7b9d83a3b256b6b137e7b19e5.jpg,3.07,,3,"PC, PlayStation","Action, Shooter","PixelJunk Shooter Ultimate edition includes PixelJunk Shooter and PixelJunk Shooter 2. Corresponding to the PixelJunk series, Ultimate covers the forth and the fifth parts of the franchise, consisting of 10 titles overall. Remastered version The refreshed version brings out the new mode of the same name: Ultimate, which changes design style of the game. The players can choose between Classic and Ultimate. It is also known that now progress can be transferred between the two parts of the original series and the lighting and fluid physics have been modified. ###Gameplay The title is a top-down twin-stick shooter with a focus on the exploring the planets' landscapes and fighting the other explorers. The goal of every level is to find and save trapped scientists out of pits and grooves in the rock. Among the instruments of achieving this goal one may find a wide variety of guns, used to fight enemies and destroy some rocks; as well as fluid controlling abilities of the ship — it can transfer water, magma, and ferrofluid. There is a total of 30 levels (15 in every game) divided into six stages each one of which ends with a boss fight. ###Online The game yields the second part's multiplayer — any owner of the Ultimate edition may participate in The League Battle matches, which utilize the Capture-The-Flag mechanics and force all players to defend their territory."
3678,war-thunder,War Thunder,2013-08-15,2013,https://media.rawg.io/media/games/d07/d0790809a13027251b6d0f4dc7538c58.jpg,3.2,81.0,6,"PC, PlayStation, Xbox, Apple Macintosh, Linux","Action, Shooter, Massively Multiplayer","War Thunder is a free-to-play cross-platform vehicular combat MMO with more than 1000 playable aircraft, helicopters, tanks or ships sprawled over huge maps that feature real-life locations and battles that transpired over the course of 20th century, most notably during WWII. Gameplay Air and land warfare pits 2 sides against each other up to 32 players who must battle over points or achieving total elimination against enemy forces across huge maps. There are also PVE missions including dynamic historical campaigns and solo missions plus the custom events that add limitations or put certain victory conditions. Changes Back in 2013 War Thunder featured 50 vehicles from the German and Russian trees of air forces and a small selection of maps to choose from. Over the course of the open beta and up to the original release in December 2016, the developers have added over 800 land and air vehicles spawning from British, Japanese, American and other vehicle trees, expanded the map selection, upgraded the interface and tweaked out the graphics and sound for better optimization. Recent updates Now War Thunder also has naval battles and with the latest update added helicopters to the mix. All the while constantly maintaining the game’s balance, polishing the visuals and the impeccable sound design, fixing bugs and implementing new features."
3679,worms-battlegrounds,Worms Battlegrounds,2014-05-30,2014,https://media.rawg.io/media/screenshots/772/77272915ed66e464986ad6afcdf52407.jpg,3.17,66.0,0,"PlayStation, Xbox",Strategy,"Worms™ Battlegrounds brings friends and families together in the noble pursuit of self‐improvement, world domination and exploding sheep. Form Clans, Take On The World Join together with friends and other Worms™ Battlegrounds players to form a fearsome team name your clan, design your own emblem, promote other players to act as leaders and officers. Enter your clan into the league and fight together to make your mark on the leaderboards. Nobody wants an empty trophy cabinet! Slick Single Player Gameplay Too Story Mode’ adds a ton of variety by introducing physics based contraptions for the first time ever. A plethora of interesting machinery spices up the gameplay, and makes solo Worms™ much more fun! The single‐player game isn’t only about dealing death and destruction, it’s also about negotiating tricky swinging rope bridges and rescuing friendlies from death defying traps! The player spends much more time playing, and much less time waiting for their A.I. opponent to take a shot. Additional hardware required for Remote Play. Use of PSN and SEN account are subject to the Terms of Service and User Agreement and applicable privacy policy (see terms at sonyentertainmentnetwork.com/terms-of-service & sonyentertainmentnetwork.com/privacy-policy). *Online multiplayer also requires a PlayStation®Plus subscription. 1-4 players Network Players 2-4 DUALSHOCK®4 Remote Play 1080p HD Video Output Online Play (Optional) Software subject to license (us.playstation.com/softwarelicense). Online activity subject to Terms of Services and User Agreement (www.playstationnetwork.com/terms-of-service). One-time license fee for play on account’s designated primary PS4™ system and other PS4™ systems when signed in with that account. Worms™ Battlegrounds Developed by Team17 Digital Ltd. © 2014. Team17 Digital Ltd‚ Worms™‚ and Worms™ Battlegrounds are trademarks or registered trademarks of Team17 Digital Limited. Original concept by Andy Davidson. All other trademarks‚ copyrights and logos are property of their respective owners. Developed and published by Team17 Digital Limited."
3687,watch-dogs,Watch Dogs,2014-05-27,2014,https://media.rawg.io/media/games/879/879c930f9c6787c920153fa2df452eb3.jpg,3.58,77.0,17,"PC, PlayStation, Xbox, Nintendo","Action, Adventure","In WATCH_DOGS you play as Aiden Pierce. A professional hacker that can do anything that he pleases with the city due to a new electronic system that now controls almost every aspect of the city - ctOS. By using Aiden's phone, you are able to penetrate any device in the whole city and do whatever you want it. For example, you can hack through someone phone and rob his bank account, or gain control camera system and observe things around you. But after one heist that goes wrong, Pierce must hide his family. But while riding to safety, his car is shot by a mercenary called Maurice Vega, and Pierce's niece dies. Interrogating Maurice did not lead to any clue who hired him, and when he returns in the city, he falls into a whole war between the hackers, involving his former partner Damien Brenks, hacking syndicate DedSec and other characters in the game. By blackmailing Aiden, he is forced to help the hackers in order to save his family."
3697,serious-sam-3-bfe,Serious Sam 3: BFE,2011-11-22,2011,https://media.rawg.io/media/games/12e/12ea6b35b65df38258e25885a0a392a6.jpg,3.45,72.0,4,"PC, PlayStation, Xbox, Apple Macintosh, Linux","Action, Shooter, Indie","The alien monster destroyed all earthlings, except one. But this one has a full set of everything that can be called hardcore and brutality. From the athletic figure and the hoarse voice to short phrases that leave no doubt in the victory. He goes to the past, for it can return everything as it was. This type of hero sets everything else, the plot is clear and straightforward - run and shoot. It happens on twelve levels, the landscapes of which are created by Nature for bloody and dynamic battles. Everyone who likes to shoot and run will be happy with everything in this game. The best in the genre is collected in one place and cleaned to chemical purity. Even the monsters you meet as old friends - and they also try for you with all their might. They roar, beat and shoot, covering the sky. There are enough weapons in the game, including hand-to-hand combat skills. Separate pleasure - if you kill monsters by your hands, you need to find your own approach to each. One monster needs to be pulled out of the eye, the other will die only if you wrest the heart. The heart, by the way, can then be thrown in someone - it can kill. There are a lot of pleasant surprises of this kind in the game."
3699,bound-by-flame,Bound by Flame,2014-05-06,2014,https://media.rawg.io/media/games/b80/b8035df01ad6626401f49a38ac69625a.jpg,3.06,56.0,6,"PC, PlayStation, Xbox, Linux","Action, RPG","In this RPG where all your choices lead to consequences, you will have to choose between unleashing the powers of the beast within and rejecting the demonic influence that wants to claim your humanity. Freely develop your abilities and combat style through three skill trees: swing the heavy weapons of the Fighter, wield the sneaky dual daggers of the Ranger, or use the devastating flame spells of the Pyromancer. Recruit companions who will live, love, hate and fight alongside you against the dreadful creatures of Vertiel, in real-time epic battles based on tactics and reaction. The bigger the danger, the greater the temptation to draw on the demon’s power at the cost of your soul… which way will YOU choose?"
3704,sportsfriends,Sportsfriends,2014-05-06,2014,https://media.rawg.io/media/screenshots/2e5/2e5a94a8ec2b21ce543e302870df83bf.jpg,2.96,,1,"PC, PlayStation, Apple Macintosh, Linux","Sports, Arcade, Indie","Sportsfriends is a set of four party games designed by Die Gute Fabrik: BaraBariBall, Super Pole Riders, Hokra and Johann Sebastian Joust. Gameplay BaraBariBall is generally a fighting game in which the player’s objective is to keep the ball possessed by pushing off the opponents and jumping to throw it into their water space. In Super Pole Riders, a player is supposed to keep the ball on the end of a zip line by operating a pole – the ball can be either pushed along or kicked. Hokra is a minimalist competition between two teams which objective is to possess the ball for the maximum of time and to keep it in the team’s territory. Johann Sebastian Joust (or simply J. S. Joust) is an individual game in which player attempts to interfere other players’ controller manipulations by increasing the speed of background music playing. Key features The whole game is simulating a retro-fashioned aesthetics. It is a multi-feature competition which can be focused not only on graphics but also on audio and provides various forms of participation to 2-4 players. Johann Sebastian Joust is compatible only with Linux or Mac OS. It is the most minimalistic variation of the game as it does not require the use of the monitor and is non-graphic. Super Pole Riders is a sequel to Pole Riders, providing more options of the ball’s control."
3705,titan-attacks,Titan Attacks!,2012-02-03,2012,https://media.rawg.io/media/screenshots/b7b/b7b2c1c2ffb15a99201c2d57b0de04bc.jpg,2.72,,3,"PC, PlayStation, Apple Macintosh, Linux, Nintendo","Action, Casual, Indie","Titan Attacks is a fixed shooter, reminiscent and inspired by the games like Space Invaders, where the player is taking control over last surviving tank on the planet and has to defend the Earth from the swarms of alien ships from the largest moon of Saturn – Titan. While defeating the aliens, the player will collect money that can be spent to upgrade and strengthen up the tank. Not only Titan Attacks brings classic arcade shoot ‘em up genre, but with several twists. Previously mentioned upgrade system, new strategies, new enemy types, and neo-retro visuals are forming fast-paced and intentionally addictive gameplay. The game consists of 100 levels, forming five distinct worlds to play through Earth, Moon, Mars, Saturn, and Titan. At the end of each world is a boss fight against the largest and strongest enemy ships. It received a universal 7/10 score across multiple rating systems."
3726,trials-fusion,Trials Fusion,2014-04-15,2014,https://media.rawg.io/media/screenshots/69b/69bb243ea9896ddfc2e051b58e81624d.jpg,3.52,80.0,4,"PC, PlayStation, Xbox",Racing,"The ideological heir to the mobile hit mid-2000 Gravity Defied, Trials Fusion is an extra challenging platformer with trial bikes. The game is the sequel to Trials Evolution first in the series, released on the consoles from Sony. The game is rendered fully in 3D but uses only a 2D perspective for player’s comfort. The player controls the biker, whose task is to pass the obstacle course by performing tricks. The game is well-known for its complexity, which only increases by the end of the game: the geometry of the tracks becoming more complicated. In the new part, the developers added a free mode in which the player can perform as many tricks as possible using the right analog stick of the controller. Despite the obvious focus on the gameplay, the game has a story. In 2042, an unidentified fell from the skies onto the world and new Anomaly AI system had been launched. These events changed the changed world forever and created perfect conditions for all crazy tracks the game includes."
3727,final-fantasy-xiv-a-realm-reborn,FINAL FANTASY XIV: A Realm Reborn,2013-08-27,2013,https://media.rawg.io/media/screenshots/515/515e8cda2f9e3ea1ca2785e99c1a1893.jpg,4.21,83.0,34,"PC, PlayStation, Apple Macintosh","RPG, Massively Multiplayer","FINAL FANTASY XIV: A Realm Reborn is a massively multiplayer RPG developed by Square Enix. It is the direct continuation of FINAL FANTASY XIV. FFXIV: A Realm Reborn is a heavily updated version of the original FINAL FANTASY XIV with a different graphics engine, netcode, and storyline. The game was made because the game sold poorly and wasn't met with critical acclaim. Plot The game takes place in Eorzea five years after the events of the original game. FINAL FANTASY XIV ended on an apocalyptic note - a dragon god destroyed most of the Eorzea. Thanks to the blessing of the Gods, the player-created characters were able to escape certain death and were sent five years to the future. In a rebuilt world they face the danger of invasion by the Empire of the north. Gameplay In FFXIV, the players interact with each other in a world that continues to live on even without any players on the server. At the beginning of the game, the players are met by a character creation screen where they choose the name, race, gender, build, appearance and the base class. It is also necessary to choose a game world for your character. Players level up their characters by gaining EXP. EXP is gained by raiding dungeons, taking part in server-wide events, killing monsters, and completing quests. The game's combat system revolves around using a combination of character-specific weapon skills, the use of magic, and the physical attacks themselves."
3729,lego-the-hobbit,LEGO The Hobbit,2014-04-08,2014,https://media.rawg.io/media/games/e4f/e4fb3fd188f61fabec48dca22e6ef28a.jpg,3.4,70.0,2,"PC, PlayStation, Xbox, Apple Macintosh, Nintendo","Action, Adventure, Family","LEGO The Hobbit is another installment in the LEGO series of games adapted from popular movie franchises. It is based on the first two films in Peter Jackson's The Hobbit film trilogy, that was, in turn, adapted from John R.R. Tolkien's book of the same name. Like with all LEGO games, its visual style imitates a world that is entirely made of LEGO constructions and inhabited by mini-figures. Plot The game follows the plot of the movies rather than the original book. LEGO The Hobbit recreates The Hobbit story using voice samples from the movies, while also parodying it with the addition of the tongue-in-cheek humor. The plot takes place in the high fantasy world of Middle-Earth. Bilbo Baggins, the main protagonist, is a hobbit. He lived a peaceful life until one day a company of thirteen dwarves and the wizard named Gandalf called him to join them on an adventure. Bilbo and his new friends left out on a quest to reconquer the dwarves' home, the Lonely Mountain, and its treasures from the wicked dragon Smaug. Gameplay The player controls the Thorin's party, switching between characters when needed. Each character has his unique abilities, such as climbing or shooting arrows. The game is divided into a series of short, linear levels that correspond to certain scenes in the movies. On the way, the player has to smash objects made of LEGO and sometimes use them to assemble new objects. The game also has a cooperative multiplayer for two."
3734,mercenary-kings,Mercenary Kings,2014-03-25,2014,https://media.rawg.io/media/screenshots/809/809fd6c9fedf0a13bb6c197176c102a7.jpg,2.9,76.0,3,"PC, PlayStation, Xbox, Apple Macintosh, Linux, Nintendo","Action, Adventure, RPG, Indie","Indie genre is getting bigger and stronger every day and one of the most successful and desired by fans sub-genres of indies – pixel art is evolving too. This genre is dedicated to those players who feel deep nostalgia while thinking about old memories connected to playing classic video games on systems such as (S)NES or Sega. Mercenary Kings is one of those games which brings nostalgia at its fullest. For the most part, this is the re-imagining of old and classic game called Metal Slug. It is a side-scrolling 2D-action game made by Tribute Games company. In Mercenary Kings you can run, jump, crouch and roll but most importantly – you have to shoot. And shoot a lot. There are about 100 missions in the game, also you can play it with three of your friends in local co-op mode. There is main hub where the player has to prepare for missions before going out. Also, there are boss battles, hostage rescues and item collection. Enemies when killed drop loot with witch player can upgrade his or her weapons. This is simple yet addicting and fun game for those who search for something nostalgic."
3740,fez,FEZ,2012-04-13,2012,https://media.rawg.io/media/games/4cb/4cb855e8ef1578415a928e53c9f51867.png,3.99,91.0,2,"PC, PlayStation, Xbox, iOS, Apple Macintosh, Linux, Nintendo","Action, Adventure, Indie, Puzzle, Platformer","FEZ is a 2D and 3D game at the same time. Even though it is a platformer game in which you solve puzzles in the dimension your looking at, you can manipulate with the world itself by rotating it all around. Because of that very interesting mechanic that is not so popular in the industry, the game is actually is a 2D in a 3D world. In order to proceed from one level to another, you have to collect cubes or fragments of it. However, by rotating the world, you can actually gain access to some places that wouldn't be available without this mechanic. Gomez, our protagonist, must restore the order in his universe by passing through the levels and collecting little fragments of it. But he will face no threat at all. Your only challenge is to actually beat these quite peculiar puzzles, basically without any guidelines at all. As stated by a developer himself, this game is about ""stop and smell the flower"", which makes it a brilliant stress-relief or a relaxing sort of the game with slow gameplay and nice atmosphere."
3746,luftrausers,LUFTRAUSERS,2014-03-17,2014,https://media.rawg.io/media/screenshots/4eb/4eb2e76cfd81c0e076415790a90ec294.jpg,3.58,80.0,3,"PC, PlayStation, iOS, Android, Apple Macintosh, Linux","Action, Simulation, Arcade, Indie","LUFTRAUSERS is a shoot 'em up game developed by Vlambeer. It is a remake of an earlier game of the same name by Vlambeer made on Flash. LUFTRAUSERS is an arcade two-dimensional plane sim that uses retro pixelated style. The player controls a plane that somewhat reminds a vehicle developed in the German V-Waffen (retaliatory weapons) project. The plane's main weapon can shoot only in the direction of flying so the players need some skill shooting and flying at the same time. Further into the game upgrades for the plane are unlocked, such as new weapons, body kits, and engines. There is 125 plane builds available in the game. The build the player uses affects the music player in the game. Every plane subsystem brings something new into the game's music. The main objective of the player is to survive against the enemies overwhelming force, which includes reactive and experimental planes, zeppelins, boats, ships, subs and so on. A scoring system is also present in the game. Upon the enemies destruction, the player gains a score multiplier."
3748,steamworld-dig,SteamWorld Dig,2013-08-08,2013,https://media.rawg.io/media/games/e07/e07737df8469bf32d132ba9eaffc3461.jpg,3.82,76.0,4,"PC, PlayStation, Xbox, Apple Macintosh, Linux, Nintendo","Action, Adventure, Indie, Puzzle, Platformer","SteamWorld Dig is an independent platforming action game developed by Image & Form. It is the second installment in the series. You play as a steam-powered robot named Rusty. He moves to a town of Tubleton after inheriting his uncle's mine. He starts to mine and explore the underground world unraveling the remains of human civilization on his way. The main objective is to investigate the mines. At the beginning of the game the player is only equipped with a pickaxe, but more and more mining equipment is unlocked as the game progresses. The equipment is also upgradable as the game goes on. The mines are procedurally generated on every playthrough and useful items appear in different places. Collected ores and resources can be sold in a shop outside the mine. There are several underground worlds to explore which feature various enemies. If the player gets lost in the mine they can either use the ladders that are sold in the store or use the self-destruct button. All collected loot is lost on death but can be picked up again."
3751,dark-souls-ii,Dark Souls II,2014-03-11,2014,https://media.rawg.io/media/games/651/6512783a214618584d144d5d852ba595.jpg,4.04,91.0,44,"PC, PlayStation, Xbox","Action, RPG","Dark Souls II is the third installment in the well-known Souls series. It’s a different game from all the others because of its directors. With Dark Souls II the main director and founder of Souls-like genre Hidetaka Miyazaki took place only as a supervisor of the project, leaving a place of the director of the game for two young video game designers Tomohiro Shibuya and Yui Tanimura. One could ask if the game is as good and beautiful as other past games in the Series and the answer would be that Dark Souls II is different yet deep and unforgiving as all the other titles in the series. The famous difficulty of previous games is still there but the world is much simpler yet connected and dangerous. Enemies still respond after death of a player but only about 15 times. After that they disappear forever. Boss battles are much simpler, this time focuses on many simpler bosses at a time instead of one powerful boss. Dark Souls II is one of those games which were painfully downgraded in a favor of hardware of consoles, that means that players got less graphically advanced version than promised. Yet the game is interesting and deep and it’s definitely a must play for every Souls fan."
3752,vessel,Vessel,2012-03-01,2012,https://media.rawg.io/media/screenshots/b4a/b4ab3798b6f64d3b2866959090b1843a.jpg,2.89,81.0,1,"PC, PlayStation, Xbox","Action, Strategy, Indie, Puzzle","Vessel is a game about an engineer who operates machines in a heavily industrialized steampunk world. The player assumes the role of Arkwright, a genius scientist who invented a new type of automaton called Fluro. The Fluros are amorphous creatures that can be made of any type of liquid and perform tasks for people. One day, the Fluros mutated and went out of control, ruining most of the world’s machines. Arkwright has to find the cause of the malfunction and restore control over the Fluros. The gameplay consists of solving physics-based puzzles and manipulating the ridiculously complex machinery in a 2.5D environment. Arkwright jumps the platforms and pushes buttons to activate machines in a certain way. He can also use devices called Seeds to create new Fluros out of the liquids found on the levels, including lava. The Fluros, in turn, can be manipulated to perform helpful actions, such as to pull switches that are inaccessible for Arkwright. The liquid is the central element of the game, and a special graphics engine was made to animate it. The music by the famous DJ Jon Hopkins works as a hint for the player, becoming more complex when he or she does the right actions."
3757,south-park-the-stick-of-truth,South Park: The Stick of Truth,2014-03-04,2014,https://media.rawg.io/media/games/8ca/8ca40b562a755d6a0e30d48e6c74b178.jpg,4.22,84.0,12,"PC, PlayStation, Xbox, Nintendo","Adventure, RPG","South Park: The Stick of Truth is an action RPG based on the American animated series South Park. Players assume the role of the New Kid, who moved to eponymous fictional town in Colorado State with his parents. According to the storyline, the New Kid meets the army of humans led by Wizard King Cartman in the Kupa Keep Kingdom (Cartman’s backyard) and gets his nickname Douchebag. Cartman, as well as other characters of the original series, introduce The Stick of Truth, the key to the war between humans and elves, to the New Kid. Once The Stick is stolen by elves, the war and the whole adventure of Douchebag begins. The game is viewed from the third-person perspective. To start the campaign, players have to choose one of the character types (Fighter, Thief, Mage, and Jew), each with its own parameters and special abilities. Completing the levels and eliminating the enemies gives experience points that could be spent on learning new skills or upgrading the level. The gameplay also features fast travel ability. Remarkable characters of the original series – Cartman, Butters, Stan, and Kyle – join the protagonist during his wild adventure."
3759,castlevania-lords-of-shadow-2,Castlevania: Lords of Shadow 2,2014-02-21,2014,https://media.rawg.io/media/games/df1/df1214c2454b88285fc78fc36bc12cde.jpg,3.77,58.0,7,"PC, PlayStation, Xbox","Action, Adventure","Castlevania: Lords of Shadow 2 is an action-adventure and a straight continuation of the first part of the franchise. It is also 39th part of the vast Castlevania series. The game currently features no successors. Gameplay The game, unlike its predecessor, features an open-world structure. The player follows the adventures of Gabriel Belmont through medieval settings and modern environments. Sometimes — at the start of the story, to be precise — the players gain control of Dracula who possesses Gabriel and gives him similar powers. The game consists of many fighting sequences in which combos are of importance — the various swords and claws, some allowing the protagonist to replenish his health and the other dealing massive damage to the enemies. Story The game is highly story-driven. At the start, the developers present the players with the scenes of flashbacks, in which the transformation to Dracula is shown. While set in medieval settings, events depict Dracula as he quickly gets ambushed by his resurrected son and thrown back into the modern times where he starts his adventures. DLC The Revelations DLC released a month after the initial game announcement brings some story arc to the game, while the others: ""Dark Dracula"" and ""Armored Dracula"" bring only new characters skins and sprites."
3763,tales-of-symphonia,Tales of Symphonia (2014),2014-02-25,2014,https://media.rawg.io/media/screenshots/1cc/1cc5de44a7cc16510f7a139ae5493b6d.jpg,4.05,,4,"PC, PlayStation, Nintendo","Adventure, RPG","THE EPIC BATTLE FOR SURVIVAL In a dying world, legend has it that a Chosen One will one day rise from amongst the people and the land will be reborn. The line between good and evil blurs in this epic adventure where the fate of two interlocked worlds hangs in the balance. AN EPIC ADVENTURE – Over 80 hours of gameplay in this epic, emotionally charged storyline. REAL-TIME 3D BATTLE SYSTEM – Experience the fierce, action-packed battle system. Combine hundreds of special attacks and magic spells. A CLASSIC ART STYLE LIVES ON – Become absorbed in endearing cel-shaded characters designed by renowned artist Kosuke Fujishima FIRST TIME ON STEAM – Based on the PlayStation®3 port of the original GameCube game, this RPG classic is finally available for PC."
3766,thief,Thief,2014-02-25,2014,https://media.rawg.io/media/games/59a/59a3ebcba3d08c51532c6ca877aff256.jpg,3.25,70.0,5,"PC, PlayStation, Xbox, Apple Macintosh","Action, Adventure","Thief is a stealth-action game, the 4th installment in the Thief series and the first game since 2004 Thief: Deadly Shadows. The game was made as an attempt to reboot the franchise. Just as previous entries, the game takes place in the dark fantasy world with notable steampunk and Victorian era influence. You play as Garrett, the master thief who awakens after one-year slumber caused by accident in one of his missions. He finds out that his hometown is plagued by a mysterious disease “The Gloom.” The gameplay can be described as first-person stealth-action with the heavy emphasis on the variability of completing missions. Sneaking behind the enemies is usually a more effective way of performing tasks than openly fighting with them. Garrett possesses several different tools and weapons like lockpicks, prybar, etc. One of Garrett’s few weapons is bow which has 8 types of arrows and the full range of application from killing and poisoning enemies to putting out torches and distracting guards."
3767,assassins-creed-freedom-cry,Assassin's Creed Freedom Cry,2014-02-18,2014,https://media.rawg.io/media/games/d2f/d2f925d2c1518d45c45f91cc32afce68.jpg,3.09,73.0,4,"PC, PlayStation, Xbox, Nintendo","Action, Adventure","Assassin’s Creed Freedom Cry is a standalone expansion for Assassin's Creed IV: Black Flag and set 12 years after its events. The game introduces a brand new character - a pirate called Adéwalé who joins the Order of Assassins in order to stop slavery in Haiti. He confronts the local government and starts to sabotage their actions. Freedom Cry, like the original game, is a pirate-themed title with an accent on sea battles. The story is split into nine missions. You can explore an open-world sea map and attack ships to set slaves free. The ship development system and the amount of weaponry are reduced compared to Black Flag. The game also features land missions and side quests that allow you to upgrade your character and get additional bonuses. You even can recruit unchained slaves to your crew so they will help you in battles. Freedom Cry follows the traditions of the series and combines stealth elements, used mostly during city missions with open combat. You have several weapon types including swords, guns and throwing knives to distract enemies."
3771,rayman-legends,Rayman Legends,2013-08-29,2013,https://media.rawg.io/media/games/85c/85c8ae70e7cdf0105f06ef6bdce63b8b.jpg,4.16,89.0,5,"PC, PlayStation, Xbox, Nintendo",Platformer,"Rayman Legends is a fifth main title in the original series of platform games. The new Rayman chapter is a direct sequel to the 2011 game Rayman Origins. The game is set in an imaginary world inhabited by both friendly and hostile creatures. The main character Rayman, a shapeless magical being, accompanied by his closest friends is expected to protect the fictional world from evil. The story begins a century after the Origins events. Bubble Dreamers’ nightmares as well as the Magician (both are main antagonists) has grown up in their power, so only awakened after the 100-year sleep Rayman and his friends Globox and Teensies are able to stop the terrible villains. As the story takes place in various locations depending on the game stage, the environment, as well as difficulty, differs from time to time. The gameplay is about completing multiple platform levels, collecting lums and defeating enemies. In addition to Rayman, Globox and Teensies players can assume the roles of several new game characters. Rayman Legends also features a co-op game mode."
3772,strider,Strider,2012-02-16,2012,https://media.rawg.io/media/screenshots/12e/12ee2600684863837596c0dbb1923fca.jpg,3.32,78.0,4,"PC, PlayStation, Xbox","Action, Adventure, Arcade","Strider is a platforming hack and slash game developed by Double Helix Games. The game is a reboot of 1989 title, yet the developers didn't intend the game to be viewed as one. The title retells the original game's story. In the dystopian future, the best assassin of an organization called Strider is sent to eliminate the dictatorship of Grandmaster Melo who took over Earth and is now based in Kazakh City. Strider features fast combat with the element of acrobatics. Similar to the original NES game, it is an intense side-scrolling action title. The players are free to explore Kazakh City in order to obtain new abilities and equipment. There are also several pickups scattered across the level. The pickups were intended to be found and collected rather than being temporary bonuses. The game features three modes: Story Mode, Beacon Run, where the players have to reach multiple checkpoints as fast as possible, and Survival where players are put up against waves of enemies. The game features a ranking system and public leaderboards."
3790,outlast,Outlast,2013-09-03,2013,https://media.rawg.io/media/games/9dd/9ddabb34840ea9227556670606cf8ea3.jpg,3.73,80.0,3,"PC, PlayStation, Xbox, Apple Macintosh, Linux, Nintendo","Action, Indie","Cinematic gameplay is used to make a stylistic point, and this psychological horror game performs just that. Outlast follows the story of investigative journalist Miles Upshur, that got the lead on the inhuman experiments, performed on the asylum patients. Outlast forces players to run away from danger, simply because there is no combat system. All Miles can do is to document what is happening inside the Mount Massive Asylum. Players do not have a flashlight, only a night vision camera, which constantly requires batteries in order to function. Miles will be pursued through the halls, rooms, yards and enclosed laboratories by distressed and aggressive inhabitants. Over the course of the game, players will have to solve puzzles by locating and collecting items and travel through the Asylum with realistic movement animation and horror sting sound effect, in order to make players sympathize with the protagonists."
3801,assassins-creed-liberation-hd,Assassin’s Creed Liberation HD,2013-11-13,2013,https://media.rawg.io/media/games/ffd/ffd241ae3648999c599917f40cf78ca2.jpg,2.89,64.0,8,"PC, PlayStation, Xbox, Nintendo","Action, Adventure","Introducing Assassin’s Creed® Liberation HD, the striking chapter of the pre-American Revolution Assassin’s Creed saga which arrives for the first time on HD consoles and PC. With improved gameplay, a deeper story, and HD graphics, Liberation is an immersive and full Assassin’s Creed experience. The year is 1765. As the events leading up to the American Revolution heat up in the north, Spanish forces plan to take control of Louisiana in the south – but they have yet to reckon with Aveline, a deadly Assassin who will use every weapon and ability in her arsenal on her quest for freedom. . Whether eliminating her enemies with her multiple assassinations technique or luring them into deadly traps using her tools, Aveline strikes mortal fear into the hearts of those who stand in her way. As an Assassin, Aveline soon finds herself on an unforgettable journey that will take her from the crowded streets of New Orleans to voodoo-haunted swamps and ancient Mayan ruins. She will play a pivotal role in the turbulent New Orleans revolution and the beginning of a new nation. As she fights for freedom, not for herself, but for those whose life and hopes have been squashed.Key FeaturesAVELINE IS BACK As Aveline, an Assassin of mixed French and African heritage, you must use your skill, instinct and weaponry – including a machete, poison-dart blowpipe, a whip and duelling pistols – to hunt down and eliminate your enemies. EXPERIENCE THE UN-UNITED STATES OF AMERICA Feast your eyes on a richly detailed world, thanks to the AnvilNext engine which features groundbreaking physics, animation and innovative combat system. Outmaneuver your enemies in the Louisiana bayou with the unique Tree Navigation system, and eliminate them from above with deadly precision. Deep dive under water as you search for lost Mayan treasures, but stay alert; the hostile wilderness and humid swamps are full of menacing animals. COMPLETELY IMPROVED EXPERIENCE Taking full advantage of its new hardware, Liberation HD introduces graphical improvements such as high-dynamic-range (HDR) rendering, high definition environments and characters, updated cinematics the sum of which delivers a complete graphic overhaul of the title. The gameplay experience has been revamped too with updated missions that improve the pacing, new missions that dive deeper into Aveline’s story, and updated world design for more gameplay options during mission. Finally, a particular attention was given to the audio with re-mastered music and all-new SFX."
3822,escape-plan-ps4,Escape Plan,2013-12-03,2013,https://media.rawg.io/media/games/183/183bd193be11348ef8467569dd90a383.jpg,2.88,,0,PlayStation,Puzzle,"The award-winning survival-humor game for the PS Vita system is now available for the PS4™ system!Help hapless heroes Lil and Laarg interact with unique and twisted puzzles of each room. Only you can help them survive before their captor and nemesis, Bakuki, recycles them and turns them into his minions. Access 78 puzzle rooms and also receive access to Bakuki's Lair, featuring an additional 19 rooms. Caged among the chaos of Bakuki's Lair, Lil and Laarg are doomed without your help. Guide Lil and Laarg to safety by dashing past sausages blasted at your face, skipping over scalding hot cheese and avoiding a bevy of confusing death traps. For one price, get Escape Plan™ on PS4™ and PlayStation®Vita systems. Purchase it on your PS4™ system and it will automatically appear for download on your PS Vita system at no additional cost. Please Re-enter Text Here Software subject to license (us.playstation.com/softwarelicense). Online activity subject to Terms of Services and User Agreement (www.sonyenteretainmentnetwork.com/terms-of-service). One-time license fee for play on account’s designated primary PS4™ system and other PS4™ systems when signed in with that account."
3834,contrast,Contrast,2013-11-15,2013,https://media.rawg.io/media/games/5f2/5f25cf08217b40b9d8f02f95db1fdc1d.jpg,3.33,62.0,4,"PC, PlayStation, Xbox, Android","Action, Adventure, Indie, Puzzle","CONTRAST is a puzzle/platform game where you can move between a fantastic 3D world and a mysterious shadowy universe in 2D in the blink of an eye. Delve into a dreamlike and surreal 1920s world, inspired by the performance art world of vaudeville and film noir, and cradled by a smooth and sultry jazz ambiance. In this universe, where the boundaries between showmanship, magic, intrigue and deception are blurred, you play Dawn, the imaginary friend of a young girl named Didi. You have the power to slip from the 3D dreamscape into the parallel 2D shadow world bound to it. Cast light on a shadowy story by manipulating light sources in the 3D world to distort, enlarge or stretch the 2D shadow world. Manipulating and shifting between light and shadow will be the key elements that you will need to use to solve our world of shadow-based puzzles and help progress Didi's story! Key Features Shift between the physical 3D world and the 2D shadow world, at any lit wall surface Create unique shadow landscapes by manipulating light sources and real world objects, and use this ability to solve mind-bending puzzles Experience a new story and world, exploring adult themes through a child’s eyes Immerse yourself in a lush vaudevillian world of cabaret singers, circus performers, and magic"
3838,need-for-speed-rivals,Need for Speed Rivals,2013-11-15,2013,https://media.rawg.io/media/games/1fa/1fa75f0895240b12fc65cc98ae9649fd.jpg,3.15,77.0,2,"PC, PlayStation, Xbox","Racing, Arcade","Welcome to Redview County, where a street-racing rivalry between cops and racers never stops as both sides compete in an all-out war featuring the fastest cars, mods and technology in a gritty open road environment. Play as either a cop or racer, where each side of the law has its own set of high stakes challenges, rewards and consequences. Risk everything in the ultimate high stakes rivalry. Video output in Full HD 1080p requires 1080p native display. Use of PSN and SEN account are subject to the Terms of Service and User Agreement and applicable privacy policy (see terms at sonyentertainmentnetwork.com/terms-of-service & sonyentertainmentnetwork.com/privacy-policy). *Online multiplayer also requires a PlayStation®Plus subscription. 1080p HD Video Output Online Play (Optional) This item is being licensed or sublicensed to you by Sony Computer Entertainment America and is subject to the Network Terms of Service and User Agreement, this item’s use restrictions and other applicable terms located at www.us.playstation.com/support/useragreements. If you do not wish to accept all these terms, do not download this item. One-time license fee for play on purchasing account’s designated, primary PS4™ system and other PS4 systems when signed in with purchasing account."
3841,assassins-creed-iv-black-flag,Assassin’s Creed IV: Black Flag,2013-10-29,2013,https://media.rawg.io/media/games/849/849414b978db37d4563ff9e4b0d3a787.jpg,4.14,85.0,25,"PC, PlayStation, Xbox, Nintendo",Action,"Assasin's Creed IV: Black Flag is a pirate game. Being the fourth “numbered” instalment in the series, the story follows a new protagonist, Edward Kenway, who tries to build his Pirate Republic. Help legendary pirates like ""Blackbeard"", Charles Vane and other well-known pirates establish their empire while fighting the mystery of the Observatory - something very valuable for the Templars. Also, you will have to continue your infiltration in Abstergo and discover some new details about itself. Although being in the Assasin's Creed series, the game provides you with some new mechanics. Giving the player full control of the ship, you will have to cross the open-world sea and fight for your piracy. Ships will be sinking, destroyed and massacred. If you prefer exploring, a whole new underwater world is ready for you with its beauty and danger lurking in the streams of Carribeans. Experience the pirate life at its best. (?) (needs a better ending)"
3842,battlefield-4,Battlefield 4,2013-10-29,2013,https://media.rawg.io/media/games/ac7/ac7b8327343da12c971cfc418f390a11.jpg,3.94,81.0,6,"PC, PlayStation, Xbox",Shooter,"The game allows you to gain experience of everything that can happen with the soldiers of the special forces during the most diverse missions. A full arsenal of modern weapons, from dozens of models of knives, small and heavier guns, from boats and helicopters to tanks and warships - all this is either at the player's disposal or meets him during missions. On land and sea, in the city and in the air. The game responds to everyone and everything. Weather - rain and wind change everything, as in life. The wet foliage behaves differently than the dry, gusts of the wind act on everything in the entire space of the map, the shower makes the air less transparent, thickens the darkness. Water is not just a surface, but water, with waves that you swing - in multiplayer, these waves are for everyone, their behavior is calculated exactly as the real waves would behave, players feel them precisely with the same difference for their position, as if they were in the actual sea, on the same wavelength, but in different places. Seven missions, five additions, three variants of the ending. The ability to see the gameplay through the eyes of any of the players, above the entire card, in a third-person mode and in the ""Free Cam"" mode. Multiple multiplayer modes, classes and game factions."
3843,blacklight-retribution,Blacklight: Retribution,2012-04-03,2012,https://media.rawg.io/media/screenshots/b44/b44e00fd4718f0a22981c370d7855b35.jpg,2.53,75.0,2,"PC, PlayStation","Action, Shooter","Blacklight: Retribution is a multiplayer only game in the cyberpunk setting, a direct sequel to Blacklight: Tango Down. Aside from the tutorial level and matches against bots with human teammates, there is no single player content. Current game modes include not only staples of the genre like Deathmatch and Team Deathmatch, Capture the Flag and King of the Hill, but there is also a twist on the formula in case of Kill Confirmed mode. Players will have to kill enemies, but in order for the kill to count, it’s necessary to collect tokens from them. Teammates can pick up tokens from their friends in order to deny the kill points for the enemy team. Later added Onslaught and Siege modes brought more gimmick objective-based gameplay to the game. Total of sixteen maps of different sizes, complexity, and styles, which on top of the fully customizable equipment and appearances allows players to find unique look and playstyle, fitting for them."
3848,killzone-shadow-fall,Killzone Shadow Fall,2013-11-15,2013,https://media.rawg.io/media/games/dfa/dfa0906773ebb8a50d15548ac5b8ee5e.jpg,3.16,73.0,0,PlayStation,Shooter,"The sixth game of the Killzone series exclusive to Sony PlayStation consoles. The story begins several years after the construction of “The Wall”. The year is 2370, planetary colonization sparks a conflict between two factions on the remote planet. Michael Kellan and his son Lucas attempt to sneak to it. Like it predecessors Shadow Fall features faction packed the first-person shooter in the sci-fi game world. But if previous games portrayed large-scale warzones with many allies and foes Shadow Fall favour more stealthy gameplay with the semi-open level design with main protagonists being alone for half of the singleplayer campaign. Also a coop mode available with up to 4 players in a session. Multiplayer rocks 10 maps and 3 classes, but the number of the playable variants can vary: users are granted the ability to create custom map presets called “Warzones”. All classes from are available the start but you can upgrade skills and items."
3849,knack,Knack,2013-11-15,2013,https://media.rawg.io/media/games/99d/99dddca3736b9fbcfa7630054de24a5f.jpg,3.1,54.0,5,PlayStation,Action,"Knack is a beat 'em up platformer released by SCE Japan. It is the first title in the series, followed by Knack II, released 4 years afterward. The game was fancied to be a new generation Crash Bandicoot, it released simultaneously with the PS4 console and was provided bundled in some regions. Gameplay centers around its self-titled protagonist whose primary ability is to disintegrate into little pieces called Relics and absorb various materials to be its parts. Thus Knack may turn into ice- iron- and crystal Knack getting bigger and smaller depending on the number of respectable materials within him. Other than that Knack is a usual beat them up: the player will be dodging, jumping, punching and kicking enemies in various fashions. The game tells a story of a high-end world populated with advanced humans who have discovered the powers of Relics to compose Knack-like creatures and goblins who are presented as a lower race continually trying to start a war or rob humans."
3850,lego-marvel,LEGO Marvel Super Heroes,2013-10-22,2013,https://media.rawg.io/media/games/a87/a8743bdee8627c55bb9f2f01b9136ac1.jpg,3.84,78.0,8,"PC, PlayStation, Xbox, iOS, Android, Apple Macintosh, Nintendo","Action, Adventure, Family","LEGO Marvel Super Heroes is an action-adventure video game set in Marvel universe where players have to play with Marvel characters as Lego heroes. The gameplay of LEGO Marvel Super Heroes is similar to other past LEGO games based on other super heroes yet it is one of the best-selling games in Lego video game series. You can control 180 different characters of Marvel comics like Spider-Man or Hulk, each with their own unique abilities. The main antagonist of LEGO Marvel Super Heroes is Galactus. Interestingly,the Marvel Comics co-creator Stan Lee is also playable in the Stan Lee in Peril missions and has lots of abilities from other Marvel super heroes. In this game, players can explore a Marvel version of New York City. There are also side missions which are told by Deadpool and has their own unique storylines. In LEGO Marvel Super Heroes there are 15 main missions and 12 side missions in total."
3855,nba-2k14,NBA 2K14,2013-10-01,2013,https://media.rawg.io/media/games/872/8721094b44212218051621bc6fbee27d.jpg,3.31,80.0,7,"PC, PlayStation, Xbox",Sports,"NBA 2K14 is the ninth installment in the 2K series of basketball simulators. This game is centered around LeBron James, the famous player from the Miami Heat club. Modes The game has a traditional MyCareer mode as well as an arcade mode. It also features a variety of online multiplayer modes. There are two new modes introduced in NBA 2K14. The story mode, called ""LeBron: Path to Greatness,"" was inspired by Jordan Challenge mode from the NBA 2K11. It follows an imaginary version of LeBron's career, in which the players control LeBron in a sequence of matches. The other mode, Training Camp, is a tutorial mode that allows the players to get used to controls Changes from previous games NBA 2K14 didn't change much since the previous parts of the series. Besides the aforementioned new modes, there are a few slight additions. The AI was improved to become less predictable, especially while defending. The controls now include a pass assist option that allows the players with the perfect timing to perform precision passes. The game introduces European league teams, although they do not have a separate mode. Soundtrack LeBron James has personally selected the playlist for the game. It includes mostly hip-hop music by artists such as Kanye West, Kendrick Lamar, Jay Z, and Eminem, but also a few pop-rock songs by Imagine Dragons, Coldplay, and Phil Collins."
3857,velocity-ultra,Velocity Ultra,2013-05-15,2013,https://media.rawg.io/media/screenshots/4a0/4a06552772363af7e02b6486fb5f86c1.jpg,3.24,,4,"PC, PlayStation","Action, Shooter, Indie","Velocity®Ultra is an award-winning top down shooter that puts you in control of the galaxy’s only Quarp Jet, an advanced spacecraft with the ability to teleport at will. Tasked with rescuing survivors from a collapsed black hole, you’ll need to use both firepower and quick-wits to catapult the Quarp Jet through 50 levels of sci-fi action.Featuring explosive visual effects, an anime-inspired art style and an exhilarating electronic soundtrack, Velocity Ultra combines the speed, ferocity and challenge of classical arcade shooters while introducing a whole new layer of complexity to the genre with unique puzzle mechanics.Key FeaturesFly the most advanced spacecraft in the galaxy through 50 challenging levels.Solve devious puzzles and outsmart enemies using a range of space-shifting controls.Full Steamworks integration including over 30 achievements and a full collection of Steam Trading Cards.Online leaderboards and a pitch-perfect ranking system for every level.Fully configurable keyboard controls and full gamepad support.Bonus missions and a range of hidden mini-games to discover as you play."
3861,castlestorm,CastleStorm,2013-05-29,2013,https://media.rawg.io/media/screenshots/461/461b1d304a8f67b6174cef5faaa32a49.jpg,2.89,73.0,3,"PC, PlayStation, Xbox, Nintendo","Action, Strategy, Indie","The clouds bring rumors of war…It’s Knights vs. Vikings in CastleStorm, where medieval warfare meets 2D physics-based destruction! Controlling the battle in real time, players will harness the power of medieval artillery, manage a fearsome ground attack, and cast powerful spells! CastleStorm features a story-driven solo campaign, a custom castle editor, online multiplayer, co-op modes, and more. Building castles and knocking them down has never been so much fun!CastleStorm is a physics based tower destruction game, combining elements of real time strategy, resource management, and a beautiful blend of challenging gameplay scenarios.Multiplayer battles and Co-Op. CastleStorm features multiple modes of multiplayer action for both local and online play:• 1 vs. 1 split-screen mode, simply try and beat your opponent• Survival Co-op: Two players team up to fight off waves of enemies together! One player will control the ballista, the other controls ground forces• Last Stand Co-op: Both players control a hero and fight off endless waves of enemies together!Build your own castle! CastleStorm features a tower construction editor allowing players to construct their own custom castles that will be used in battle. Castles must be constructed wisely, as choices determine which types of troops and resources will be available during battle!Twelve incredibly beautiful environments and a comical story. Sir Gareth leads his troops into battle against the raging Vikings to recover the stolen gem and bring peace to the realm!Multiple paths to victory. You can choose how to defeat your enemy. Capture the flag, destroy their castle, or complete another predetermined level objective in order to claim victory. Each level features multiple objectives, each with their own rewards!An arsenal that would make any medieval warrior proud! Harness the power of medieval ballista weaponry, and launch an assortment of explosive weapons including Morningstars, Apple Grenades, Homing Eagles, and even flying sheep to defeat an onslaught of enemies trying to capture your flag and destroy your castle. Deploy a fearsome ground attack of swordsmen, knights, and donkey riders in order to protect your castle gates, and if all else fails, call upon powerful spells to help keep the enemy at bay.You’ve won the battle, now power up so you can win the war! As you power up in CastleStorm, new weapons and troop classes become available for use in battle. #StormingCastlesIsSoMuchFun"
3863,how-to-survive,How to Survive,2013-10-23,2013,https://media.rawg.io/media/screenshots/73a/73a2c7af85d51bbdb20516bf2128fd7d.jpg,3.05,60.0,3,"PC, PlayStation, Xbox, Nintendo","Action, Adventure, RPG","How to Survive is survival horror action role-playing with a top-down perspective. The players gain control over the three survivors who, after the shipwreck, were trapped on the archipelago full of zombies. Three main characters are representing three different ways to play the game: Kenji is the most balanced handyman, incredibly fast Abbie and fighter Jack. In the game, two game modes: story campaign and challenge mode, you can both go with a company of two friends. The essence of the Challenge mode is that the heroes need to get to the opposite part of the island, where they are waiting for the boat. To survive the calamity, players need to collect materials and craft weapons - do everything to survive on a hostile island. As the hero level ups, new skills will be available. Players are not limited in time and can perform all tasks at their own pace. For an additional difficulty, the game has Ironman mode."
3877,magrunner-dark-pulse,Magrunner: Dark Pulse,2013-06-19,2013,https://media.rawg.io/media/games/25e/25ee259fb2926db1abb8dadddf7ad4bc.jpg,2.59,,1,"PC, PlayStation, Xbox","Action, Adventure, Puzzle, Platformer","When technology meets Cthulhu!Magrunner: Dark Pulse is an action-puzzle game in which technology confronts the Cthulhu Mythos, as imagined by author, H. P. Lovecraft.You are Dax, one of seven Magrunners selected among the elite to participate in MagTech Corporation's space training program. But, what should be the chance of a lifetime quickly becomes a horrific nightmare.Equipped with your Magtech glove, you must harness the ability to magnetically polarize and manipulate objects in the environment to survive and surpass challenging puzzles. Your reflexes and ingenuity will be pushed to their limits as you make your way through 40+ immense and dangerous levels, including high-tech training rooms and the endless chasms of the lost cosmos, on a path to confront the horrendous creatures of Cthulhu!"
3882,god-of-war-ascension,God of War: Ascension,2013-03-12,2013,https://media.rawg.io/media/games/c13/c13815d4923dc9778ff959985ad4dd43.jpg,3.84,80.0,2,PlayStation,Action,"This prequel to the very first game in the God of War series and the seventh game in the franchise. It is exclusive for the Sony PlayStation 3 console. The game still uses the ancient Greek mythology as visual inspiration and the primary story source. The player takes control over the warrior Kratos. At the beginning of the game, the protagonist was imprisoned after he violated the blood oath given to the god of war Ares. One of the three goddesses of revenge Megera tortures Kratos, but he manages to break free and start the path to revenge on the gods of Olympus. Kratos still uses the dual Blade of Chaos. They can be improved, but this is not the only weapon in the game: other weapons are available for purchase thanks to the new World Weapons mechanics. The gameplay is no different from the other games of the series: the player still needs to connect the attacks in combos and arrange hack and slash mayhem. This is the only game in the series, in which multiplayer is available for eight people: the main task is to seize control of the card and get a reward from the gods."
3892,sniper-elite-v2,Sniper Elite V2,2012-05-01,2012,https://media.rawg.io/media/games/03d/03d17d237f9541b67a13f9425ced4ca4.jpg,3.4,66.0,4,"PC, PlayStation, Xbox, Nintendo","Action, Shooter","Sniper Elite V2 is a third-person tactical shooter, the second installment in Sniper Elite series and a full-fledged remake of the first game. The game takes place during the Battle of Berlin in 1945. You play as an American military officer and skilled sniper Karl Fairburne on his mission to neutralize German scientists involved in the development of V-2 ballistic missile. The gameplay encourages the player to kill enemies from a distance, without being noticed. Karl can have numerous different weapons, including machine guns, pistols, traps and others. However, his primary weapon is his sniper rifle. Developers intended to make shooting sniper rifle more realistic than in other games. Several elements affect shots such as the wind direction, bullet drop, and so on. One the game’s key features is “X-Ray Kill Cam.” It activates when the player makes the skillful shot and shows the bullet trajectory, an impact it made on the enemy’s body and the damage that its organs took."
3897,flashback,Flashback (2013),2013-08-21,2013,https://media.rawg.io/media/games/0ea/0ea86d90ac2e5591b31c516c2dc72e07.jpg,2.94,,1,"PC, PlayStation, Xbox","Action, Adventure, RPG, Strategy, Casual, Indie, Platformer","20 years after the original game’s launch, Conrad is enlisted back to active service for the triumphant return of one of the most acclaimed franchises in gaming history. It’s not a reboot. It’s Flashback re-imagined. The original Core-Team revamped their own creation, leveraging the best of today’s technology while remaining true to the classic side-scroller that set the standards of the genre in the 90’s.Key Features One of the best adventure-action games ever created re-imagined by its creators. It’s the same team. It’s the same passion. Only this time, they have had much more firepower at their disposal to recreate the legendary classic! Gorgeous graphics, amazing animations. It’s the Flashback you’ve always dreamed of. True to the original spirit but made a million times better by using modern engines such as Unreal and Havok. The makeover is completely stunning. It’s all about Gameplay. The team modernized gameplay mechanics, making the game more reactive, offering new features, like gadgets and an experience progression system. But the developers kept the original formula in mind: a fine balance between rolling and shooting, exploring remote space stations and obliterating hostile alien planets. Bringing back new memories. The story was revamped to speak to 21st century gamers. Most of the cast of the original game is still here – Conrad, the Morphs – but you can expect new characters and a few twists you’re definitely not going to forget… this time."
3905,urban-trial-freestyle,URBAN TRIAL FREESTYLE,2013-02-12,2013,https://media.rawg.io/media/screenshots/02f/02fd24f02555f6e4c419b3d02d926bb4.jpg,2.67,58.0,3,"PC, PlayStation, iOS, Nintendo","Action, Simulation, Sports, Racing","URBAN TRIAL FREESTYLE is a racing platformer game developed by Tate Multimedia. It does not have any relation to the Trials game series. Gameplay The players take control of a freestyle bike rider. The objective of the game is too complete the level using the most tricks possible. The game features two types of stages: the players are required to finish the level in a certain amount of time or to complete a given list of tricks. The levels for the first type of stages do not require anything else other than completing the stage while avoiding obstacles. If the player's character touches anything with any body part, they have to restart from the nearest checkpoint. The environments in the game differ drastically from each other. The players may even ride through a city where a riot takes place. The trick-oriented stages do not feature a time limit. The players have to complete a certain trick and follow the directions that are placed on the level. There are five tricks present in the game. For each successful trick, the player is awarded points based on how spectacular the trick was. For every fall, 50 points are taken away from you. These points are used to unlock new levels and to compete with other players using the in-game leaderboard. A player customization system is also present in the game. While the players are free to dress their rider however they like, it is also possible to upgrade the bike, which will affect the gameplay."
3912,sanctum-2,Sanctum 2,2013-05-15,2013,https://media.rawg.io/media/games/963/963815b2a1a88475a31f311b591e70fb.jpg,2.96,77.0,3,"PC, PlayStation, Xbox, Apple Macintosh, Linux","Action, Shooter, Strategy, Indie","Sanctum 2 is a first-person shooter game, the second installment in Sanctum series by Coffee Stain Studios. The story takes place on planet Loek-III colonized by people. The colonies are built around the Cores, large spheres of energy that make Loek atmosphere suitable for humans. You take a role of one of four Core Guardians team members. There are 4 characters in the game with its unique abilities and characteristics and several unlockable weapons for every one of them. The gameplay may be essentially described as a mix of FPS and tower defense. Every level is necessarily a tower-defense-style map with the main building, the Core, which player has to protect from waves of enemies, coming from the access shafts. Every round consists of two phases: building phase, when the player can build towers and walls that help hold back waves of enemies, and defending phase when the player has to kill enemies in order not to let them destroy the Core."
3917,kickbeat,KickBeat,2013-09-03,2013,https://media.rawg.io/media/screenshots/15c/15c99314ac9e31f3b10f7366ee9d532d.jpg,2.84,,3,"PC, PlayStation","Action, Indie","KickBeat is a martial-arts inspired rhythm game developed by Zen Studios. The game draws massive inspiration from the Dance Dance Revolution series and Gitaroo Man. Plot All the music in the world got stolen. Only the player can recover the music by using the last 18 tracks that were saved by humanity. Gameplay Just like in Dance Dance Revolution, the gameplay of KickBeat relies on the player pushing one out for four prompted buttons at the right time. Enemies come at the player from four directions, and by pressing the buttons, the player character attacks them in the right direction. All the action corresponds with the beat of a current playing song. By pressing the correct buttons, the players create a unique fight scene. Despite having its own soundtrack, the players can import their own music into the game, just like in Audiosurf. There are 11 artists with 24 songs featured in the Special Edition of the game, with Celldweller, Pendulum, and Styles of Beyond featured in it. The game is also inspired by the classic Hong Kong Kung Fu flicks, with all the character animations being hand-drawn to ensure the best quality possible. To focus the player's attention on the on-screen action, the developers got rid of action prompts and replaced them with well-made 3D characters."
3922,killer-is-dead,KILLER IS DEAD,2013-08-01,2013,https://media.rawg.io/media/games/540/54027b1cc2caa3b5a1426cde0d6f60e9.jpg,3.6,,3,"PC, PlayStation, Xbox","Action, Adventure","The action "" KILLER is DEAD” takes place in the near future. The world is very similar to the one in which we live but still different. The player controls an executioner named Mondo Zappa. His right hand wields a katana, and the left hand is wholly modified (it can be changed into various forms, including a gun and drill). His goal is to execute heinous criminals scattered all over the world. Playing for Zappa, you will go through twelve story missions selected on the world map. They range from short linear levels to longer levels that require complete investigation. Some level areas also need the activation of interactive objects (e.g. switches) to move forward. During missions Mondo fights with challenging enemies, using a katana and cybernetic weapons. If you use your left hand, camera's angle changes view to the perspective over the shoulder. There are three types of missions in the game: story missions (advance the narrative forward), submissions (they are set at the main missions where Mondo performs various tasks ranging from combat missions to quests), and"" Scarlet "" missions where the female Starlet support character issues combat missions."
3923,lost-planet-3,Lost Planet 3,2013-08-26,2013,https://media.rawg.io/media/games/e33/e33934ed780db4c2256bd02b280e5eb0.jpg,3.27,60.0,4,"PC, PlayStation, Xbox","Action, Shooter","Lost Planet 3 is an action third-person shooter developed by Spark Unlimited. It is the first game in the Lost Planet series timeline. Several colonists and miners are sent to a planet of E.D.N. III by a company called NEVEC. You play as a miner named Jim that works for NEVEC. All the mined resources are sent back to Earth. Jim unravels the secrets of the corporation Throughout the story. The game features giant mining mech rigs that are upgradeable to some degree. Players can also upgrade their weapons and suit. In order to buy new upgrades, the players have to find specific parts and scrap that also can be bought. Using the mission-based mechanic, the game allows the players to go on completing the main quests or get some side-quests to help their comrades and gain some new equipment. Throughout the game the players fight an alien race of Akrid. Akrids have thermal energy flowing in their veins instead of regular blood. That's why they can survive extremely cold temperatures on E.D.N. III."
3931,saints-row-iv,Saints Row IV,2013-08-20,2013,https://media.rawg.io/media/games/e3d/e3ddc524c6292a435d01d97cc5f42ea7.jpg,3.82,86.0,13,"PC, PlayStation, Xbox, Linux","Action, Adventure","Saints Row IV is the fourth and the last main entry for the Saints Row franchise. Almost right after stating Steelport as the independent nation in the third game, The Boss (player) is being contacted by MI6 with a mission to eliminate STAG leader Cyrus Temple and prevent him from launching a nuclear attack. And by doing so The Boss earns complete respect and love from America. Five years after, The Boss is being elected as a President of The United States. But sudden alien invasion by Zinyak in the lead destroys everything, while they capture whole crew from the third game and main protagonist as well, putting him in the simulation world. With traditional gameplay of the Saints Row franchise being kept untouched, the developers added new features that can be understood as a reference to the Matrix franchise. While The Boss is in simulation, he can some extraordinary powers such as enormously high jumping, super running speed and amazing force which affects the gameplay with different side missions, collectables and walkthrough of the game. And a dubstep gun."
3932,the-bureau-xcom-declassified,The Bureau: XCOM Declassified,2013-08-20,2013,https://media.rawg.io/media/games/5cc/5cc765484c6df567ed9207c1781b88cb.jpg,3.04,66.0,3,"PC, PlayStation, Xbox, Apple Macintosh","Action, Shooter","The Bureau: XCOM Declassified is the second game in some kind of the franchise reboot. Despite the fact that the first game, XCOM: Enemy Unknown was a strategic game, this time is it a tactical third-person shooter. The story follows CIA Agent William Carter, who survives the attack of aliens in 1962 and becomes a member of the Bureau - secret U.S. organisation that was created to fight with threats of national security scale. However, after arriving in the bunker, Faulke - director of the facility - states that all of the U.S. military bases have been destroyed and they cannot contact the White House. With that being said, the Bureau is now re-named into XCOM and starts its story from this moment. Despite genre difference to its predecessor, The Bureau still focuses on tactical elements of the gameplay. Agent Williams has a squad of 3 members with him included. While in the fight, the player can stop the game to give orders to his crew - change your position, use some skill or focus on the exact target."
3933,tom-clancys-splinter-cell-blacklist,Tom Clancy’s Splinter Cell Blacklist,2013-08-20,2013,https://media.rawg.io/media/games/de9/de93cd3e51d2c57e33bbf7dade34f25a.jpg,4.07,81.0,10,"PC, PlayStation, Xbox, Nintendo",Action,"Tom Clancy’s Splinter Cell Blacklist is a stealth-action game developed by Ubisoft Toronto. It is the sixth main installment in the series. Story The game takes place six months after the events of Conviction. The Third Echelon got disbanded, and Sam Fischer became a private security contractor. A terrorist organization known as The Engineers threatens the United States with a series of terrorist attacks if the U.S. Military will not call off their troops stationed in other countries. POTUS comes to Fischer, forms the Fourth Echelon and grants Sam with a Fifth Freedom - the freedom to defend the four first freedoms no matter what it takes. Gameplay Splinter Cell Blacklist focuses on a stealth mission approach. The player is still free to go in loud, but it will be much harder, as Fischer can sustain a very small amount of damage even on the lowest difficulty. The players have a wide range of gadgets at their disposal, such as the snake cam, a throwable sticky camera that can distract enemies, a portable EMP, and a variety of grenades. It is also possible to upgrade Fisher's outfit, making it more stealthy or improve its armor. The players can also upgrade their HQ to gain certain advantages on the battlefield, such as an improved minimap. The game evaluates the players' performance. Three play styles are available - Ghost, a complete stealth approach with no kills; Panther - a stealthy approach with enemy kills; Assault - a head-on gunfight with the enemies."
3937,mars-war-logs,Mars: War Logs,2013-04-25,2013,https://media.rawg.io/media/games/243/24305913e19227799014430ecd52dd18.jpg,3.37,59.0,4,"PC, PlayStation, Xbox","Action, RPG","Mars: War Logs is a cyberpunk RPG developed by Spiders. It is the first title of a two-part series, with its sequel, The Technomancer, released in 2016. Setting 200 years before the beginning of the game, Mars was finally colonized. It was not possible to fully change its climate, so humans built a few small settlements at first, the atmosphere was created. 70 years pass since the arrival of the first colonists, a terrible catastrophe happened. As a consequence of such an event, the planet's axis shifted, most of the buildings were destroyed, and contact with Earth was lost. People gathered under the flags of four different water companies, that are called guilds. They participate in an ongoing fight with each other. You play as Roy Temperance, an ex-convict, that gets caught in a war between the two biggest corporations. Gameplay Players complete different quests during their adventure. Your main character levels up powering through the game's missions. Select your own specialization with a specific amount of skills and talents. The game features a crafting system that allows for creating, modifying and specializing your equipment to gain an advantage over your enemies. The game features a branching dialogue system. Every your choice, every action, will influence your relationship with the person you interact with, and possible the destiny of the whole planet."
3939,payday-2,PAYDAY 2,2013-08-13,2013,https://media.rawg.io/media/games/73e/73eecb8909e0c39fb246f457b5d6cbbe.jpg,3.51,79.0,9,"PC, Xbox, Linux","Action, Shooter","The gang is back, and they have bigger and better plans. Objective based cooperative FPS became more complicated. The classic group of Hoxton, Dallas, Chains and Wolf got reinforcement, and now Payday Gang consists of 21 heisters, some of which are based on movie characters or even Youtubers. Players will be able to customize their own private arsenal, their masks, and skills, to complete the missions in their own way, be it stealthy sneak-in or full frontal assault. After completing missions, players will receive EXP points, money and a chance to get a special item that can be a gun modification, mask or a safe containing weapon skins. Payday 2 is a multiplayer game, meaning, that even during offline missions players will be followed by AI characters, whose loadouts, masks and perks can be customized as well. This game has been supported by the developers for many years, and amount of DLC speaks plenty of their dedication to the player base."
3941,dragons-crown,Dragon's Crown,2013-07-25,2013,https://media.rawg.io/media/screenshots/a26/a263a344e214e30f0d3e7cc5950fc6fd.jpg,3.86,,2,PlayStation,"Action, RPG","2D fantasy action / RPG game takes place in the dungeons and labyrinths in a fantasy Middle Ages. Plot The Kingdom of Hydeland is rich in vast labyrinths and catacombs deep underground, and monsters dwell on the surface in dark forests and wastelands. An ancient artifact of the kingdom called ""The Crown of the Dragon"" was stolen. The king went to look for him, but did not return - now the inhabitants of the kingdom are looking for someone who can return the crown and find the King. You can choose one of six characters to be those who will entrust this important matter. Characters The Fighter is a melee connoisseur, his armor and shield provide him with the most reliable protection of all classes. The Amazon can inflict damage to several enemies at the same time, wielding a two-handed sword or just hands. The Wizard is a spell master. The Elf is a master of bows and arrows, deadly in long-distance combat. The Dwarf is very strong, carries one weapon in each hand, can pick up and throw various objects, even enemies. The Sorceress is weak physically, but she can create food with magic, control skeletons, and turn enemies into harmless frogs. Gameplay, beat ‘em up and trophies The combat system allows you to add simple movements in crushing combinations. The role of high-quality equipment in the game is also very large, the search for opportunities to improve it is no less important than the battle with enemies. To get as many trophies as possible, the hero is accompanied by two satellites cracker Ranni and Tiki the fairy. Ranni helps to open chests in which various treasures lie: swords, axes, bows, belts, armor, amulets and much more. You can’t put them on right away - first they need to be identified in the city, or immediately sold. Tiki the fairy allows you to activate the glyphs engraved on the walls. With proper activation of the glyphs, the player receives bonuses - a temporary invulnerability or a healing ring."
3942,ibb-obb,ibb & obb,2013-08-06,2013,https://media.rawg.io/media/screenshots/18b/18b9ed77db141e5ec026fa4de8d3eb51.jpg,3.53,83.0,4,"PC, PlayStation, Apple Macintosh, Linux, Nintendo","Action, Adventure, Arcade, Indie, Puzzle","ibb & obb is a two player cooperative game set in a puzzle filled world where gravity goes both up and down. You can only succeed by working closely together.Find a friend for some true local co-op couch fun or match up online.Fall up and jump down through 15 levels filled with double gravity puzzles and discover 8 hidden worlds that will test your new non-Newtonian skills to the maximum.All levels have their own unique music, composed by Kettel, known for his warm melodic electronica.Key FeaturesLocal and online co-opWarm electronic soundtrack by KettelSteam achievements, leaderboards, multiplayer, cloud saving and trading cardsSecret levels that will test your skills to the max"
3965,binary-domain,Binary Domain,2012-02-16,2012,https://media.rawg.io/media/games/bcd/bcd9896b7c3b9fa80e5dcb67c961e2be.jpg,3.54,68.0,2,"PC, PlayStation, Xbox","Action, Shooter","Humanity has just solved problems like global warming - with the help of robots. Robot assistants were American, behaved correctly and differed from people clearly. But one madman from Tokyo began to produce robots that do not know that they are robots - and this can be understood because they look and behave exactly like people. This is a violation of the law, and the team of pros from different countries flies to Japan to forever stop the conveyor of the insane inventor. Robots with problems of self-identification can provide a variety for those fans of tactical shooters who are tired of terrorists and zombies. The game has visually attractive features. The style of opponents, the style of equipping the team of heroes are very attractive and original. Some details of the battles are well presented - bullets knock out picturesque clouds of debris. Locations are less expressive - apparently, so as not to interfere with focusing on the actual combat. A notable feature of the gameplay is the dependence of the relationship in the team on the player's actions. If the team has bad mutual support - lower trust, lower trust - lower effectiveness in combat."
3987,giana-sisters-twisted-dreams,Giana Sisters: Twisted Dreams,2012-10-22,2012,https://media.rawg.io/media/screenshots/e5b/e5be8c031ac0dbd85bf058947d480375.jpg,3.06,77.0,3,"PC, PlayStation, Xbox, Nintendo","Action, Adventure, Arcade, Indie, Platformer","Giana Sisters: Twisted Dreams is the third game in the series that was started by Giana Sisters, a 1987 platformer. The original game was a Super Mario rip-off, but, though the new game retained many of the old mechanics (such as defeating enemies by jumping on them), there are also novel gameplay ideas. You play as Giana, a girl who tries to rescue her sister Maria from the hands of an evil dragon Gurglewocky. Giana herself has two different personalities, a ""Cutie"" and a ""Punk"", that can be switched during the game. This change also dramatically alters the environment, allowing the player to shift between two dream worlds: one is a brightly colored garden, while other is a dark, nightmarish forest of giant mushrooms. In both worlds, the levels are nearly identical, despite the aesthetic change. But sometimes the game may demand you to switch to another world to move forward or to obtain a powerup that only exists in one of the worlds. A definitive feature of Giana Sisters: Twisted Dreams is its music. The score was composed by Chris Hulsbeck, who worked with the original Giana Sisters, and metal band Machinae Supremacy. The soundtrack shifts between “traditional” and ""heavy"" versions of the same compositions to highlight the game's dual nature."
3990,the-last-of-us,The Last Of Us,2013-06-14,2013,https://media.rawg.io/media/games/a5a/a5a7fb8d9cb8063a8b42ee002b410db6.jpg,4.57,95.0,15,PlayStation,"Action, Adventure","The population of the Earth almost disappeared as a result of a pandemic caused by a mutated fungus. The disease causes irreversible changes in the human body, a person loses his mind and behaves aggressively, like a zombie. Civilization no longer exists, few survivors live in isolation under the protection of the military. Cities outside the zones are dangerous ruins inhabited by infected people and people who have almost lost humanity. Heroes, the smuggler Joel and teenage girl Ellie, are trying to cross the continent, colliding in depopulated cities with all the set of dangers. The game requires hidden actions, the combat capability and the number of ammunition of the heroes are small, and it is best for them to avoid fighting. For most of the game, the player controls Joel, while Ellie and Joel's other companions are controlled by artificial intelligence. The levels of the game are very extensive, at each level the task is the same - to reach a certain point alive. Characters have something like a shotgun pistol, bow and arrow, as well as improvised items - pipes, sticks, baseball bats. From time to time, it is necessary to solve the problem of perceptiveness. Artificial intelligence, which controls opponents, can behave differently depending on the situation."
3993,final-fantasy-xiii-2,FINAL FANTASY XIII-2,2011-12-15,2011,https://media.rawg.io/media/games/c6f/c6fc62de480c614fed2b88df0155cdcd.jpg,3.55,,4,"PC, PlayStation, Xbox, Android",RPG,"Final Fantasy XIII-2 is a Japanese role-playing game, a direct sequel to 2009 title Final Fantasy XIII and the third installment in Fabula Nova Crystallis subseries. Plot The game takes place three years after the event of the original game. Final Fantasy XIII’s main character Lightning, appears only as a supporting character, while the story follows her sister, Serah Farron, and a new character Noel Kreiss. Gameplay The gameplay is almost identical to that of the original game. The battle system is presented as Command Synergy Battle. It is based on usage of Action Time Battle bar: the bar consists of several slots that are used to perform attacks or cast spells and gradually refills during the battle. However, the game has some significant differences compared to the original game. The areas are more opened and endorse exploration. The party consists only of two characters, while the third spot is reserved for tamed monsters. The game also uses a random encounter system from previous installments. Plot The storyline follows the events of the XIII. They, however, do not connect to the other Final Fantasies so any chapter of the series may be played in unspecified order. The protagonists of the game are six youngsters who are trying to prevent the end of the world."
4000,remember-me,Remember Me,2013-06-04,2013,https://media.rawg.io/media/games/569/569ea25d2b56bd05c7fa309ddabe81ff.jpg,3.67,65.0,5,"PC, PlayStation, Xbox","Action, Platformer","In 2082 memories and influence on people’s behaviour are just goods for sale, and ""personal life"" or ""unique biography"" are vestiges. Nilin, the heroine, can penetrate into the memory of people, she changes the past on which people base their actions in the present. Once she is subjected to a complete erasure of memory. She has to start a battle for herself - for the self that she does not even remember. Setting, plot, design and lighting immediately evokes a masterpiece of cyberpunk - «Blade Runner». But the game is noticeably superior to the movie regarding «volume» of space, the sensation of «air» and «presence» in the game. There is an impression that you see the world of the game 360 ​​degrees around you. Mimicry and plastic of characters are directed in each detail, undoubtedly dramatic, give a full impression of a play of live actors. It seems that even the movements of inanimate objects are filled with the same expressiveness - for example, the trajectories of a thrown pistol or splinters ... High level of directing and corresponding levels of design and graphics. A mass of significant finds, filling every frame with emotion and senses."
4002,fuse,Fuse,2013-05-28,2013,https://media.rawg.io/media/screenshots/6c3/6c3c74f18315de8af9ada80f55d3a8c1.jpg,2.34,62.0,1,"PC, PlayStation, Xbox, Apple Macintosh","Action, Shooter","What happens when humans gain access to powerful alien technology they were never meant to have? When a volatile energy source called Fuse falls into the wrong hands, the CIA calls in an elite contact team to retrieve it: Overstrike 9. Join up to three friends in team-based co-op play as you take down the rogue paramilitary corporation behind the theft. Use lethal teamwork, coordinate devastating attacks, and provide cover for one another with fringe-tech weapons and gadgets. The unique LEAP feature lets you instantly shift from agent to agent during combat, allowing you to take advantage of each one’s special arsenal. You’ll need your teammates and their firepower to stop a global arms race from spinning out of control."
4003,grid-2,GRID 2,2013-05-27,2013,https://media.rawg.io/media/games/27b/27b02ffaab6b250cc31bf43baca1fc34.jpg,3.3,80.0,4,"PC, PlayStation, Xbox, Apple Macintosh","Racing, Arcade","GRID 2 is a racing game, the sequel to Race Driver: GRID. In the centre of the ""story"" GRID 2 is a racing championship, which we gradually promote around the world. Money is not needed, the main thing is to conquer the audience. The race will be held in such places as Paris, Hong Kong, Chicago, Dubai, etc. All the tracks, drivers, teams, cars and sponsors in the game are real. Compared to GRID (the first part of the series), there are more modes. There were races on the so-called ""Checkpoint"", endurance race and other several options. And the significant thing now that there is no driving on the rails, sudden acceleration of rivals and unpunished wiping of bumpers (also, damage to the machine is not displayed on the screen, it is necessary to focus on its behaviour and the replica of racing engineer). The main feature of GRID is time rewinding. The number of rewinds is limited, but with this, you can save yourself from a fatal outcome."
4005,wolfenstein-3d,Wolfenstein 3D,1992-05-05,1992,https://media.rawg.io/media/screenshots/52b/52b958a7b263d4f264648b710e76a236.jpg,4.09,,1,"PC, PlayStation, Xbox, iOS, Apple Macintosh, Nintendo, Atari, 3DO","Action, Shooter","Wolfenstein 3D is a first-person shooter developed by id Software. It is the third installment of the Wolfenstein game series and is one of the first FPS titles to be ever released. Plot The game is set during World War II. An American spy of Jewish descend, William Blaskowicz is captured by the SS while searching for intel on Operation: Eisenfaust. Blasko is held captive in the Wolfenstein castle which he later escapes, foils the Nazi plan and kills Adolf Hitler. Gameplay Wolfenstein 3D consists of three episodes, each of which are divided into 10 levels. Every level is some kind of labyrinth built up from rooms and open spaces that are divided by walls and doors. Moreover, on every level, there are secret rooms, that hold specific bonus items. At the end of each level, the players fight with a boss - a unique and buffed up enemy. The game's art style is heavily inspired by the German bunkers of that era. Wolfenstein 3D is one of the first games to use 2.5-dimensional graphics to immerse the players. The players are opposed by the SS soldiers, mutants, and guard dogs, which will attack the player only if they get in their line of sight. Several types of enemies can also react to the sounds of gunfire. It is possible to use stealth. On their way, the players can find ammunition and weaponry, which are either placed on the floor or are taken away from the enemy corpses. The game features 4 weapons: a knife, a pistol, an MP40 SMG and a multi-barrel MG."
4012,resident-evil-revelations-biohazard-revelations,Resident Evil Revelations,2012-02-07,2012,https://media.rawg.io/media/games/89a/89ac2742fcfeba3b95ac94457af766ef.jpg,3.77,77.0,8,"PC, PlayStation, Xbox, Nintendo","Action, Adventure","Not every survival horror fully explored different styles and formats like Resident Evil did. Resident Evil Revelations keeps the story and mechanics from the previous installments. It’s set between Resident Evil 4 and 5, taking place right after the creation of BSAA. Agents Jill Valentine and Parker are sent to the cruise ship Queen Zenobia in order to find two missing field agents Chris Redfield and Jessica. But they find a trap, set by a bioterrorist organization Veltro. And now players will have to solve puzzles and to kill monsters. Revelations are using an episodic storytelling format, separating single player campaign into different segments, allowing players to experience different scenarios and play as several characters throughout the game. But it keeps the main focus and the events on the ghost ship. But aside from the single-player campaign, players can try to complete modified story mode scenarios, fitted for the combat survival. Completing the Raid Mode objectives will allow one or two players to receive experience points and weapons."
4013,call-of-juarez-gunslinger,Call of Juarez: Gunslinger,2013-05-14,2013,https://media.rawg.io/media/games/a86/a86ce0afaf2d5ec2b0f048989f01795e.jpg,3.81,79.0,5,"PC, PlayStation, Xbox, Nintendo","Action, Shooter","Gunslinger is the fourth installment of the Call of Juarez series of western-inspired games. The frame story, told in cutscenes, begins in 1910, in Kansas, where Silas, a patron in the pub, brags about his adventures in the Wild West. This old man claims he used to be a bounty hunter who took down many of the famous outlaws. Most of the game has the player re-enacting Silas's presumed past, while in the present the hero is narrating his own story off-screen. Silas is an unreliable narrator, however, and his own in-game audience will point at plot holes in his tall tales. Like the rest of Call of Juarez games, Gunslinger has every classic staple of the western genre. There are saloons and gold mines, stagecoaches, Indians and cowboys, sheriffs and gangs. The protagonist will escape prison, wander the Wild West, fight brigands and other enemies using a variety of late XIX century firearms, and occasionally sing country songs. Gunfights and duels are the central features of the game. There's even a Duel mode, in which the player can enter a tournament of gun duels, and the Arcade mode, in which multiple opponents attack the player. Gunslinger also introduces quick time events that allow the player to evade bullets."
4023,deadly-premonition-the-directors-cut,Deadly Premonition: The Director's Cut,2013-04-30,2013,https://media.rawg.io/media/games/f41/f41531613687833e943fd1d3d8811327.jpg,3.86,67.0,4,"PC, PlayStation","Action, Adventure","Deadly Premonition: The Director's Cut is an open-world horror game with a dramatic shift to the exploring the world and realistic time-management. It is a reboot of a previous game of its developers — Access Games. Rainy Woods has never been published due to technological problems. Throughout the game, the player, as Francis York Morgan — the FBI policeman — tries to inquire the identity of a Raincoat Killer. We can explore the in-game world by foot or with the help of a car. Walking by foot consumes more time and strength, but driving a car forces the player to buy fuel and compensate for repairs. The game also features combat mechanics — the player may use the melee weapons and firearms against the forces of another world. The latter, however, cannot catch sight of them if they get a hold of their breath. The story follows the investigation of the murder of Anna Graham,. The events depicted take place in the universe in which good and evil intentions may be shared within the world by the messengers."
4031,dead-island-riptide,Dead Island Riptide,2013-04-22,2013,https://media.rawg.io/media/games/569/5695d8534579129ad6b40fefa2ef360c.jpg,3.4,60.0,5,"PC, PlayStation, Xbox","Action, Shooter, Adventure","Riptide is a standalone expansion pack to the game Dead Island from the Polish studio Techland. The action takes place immediately after the end of the original game: the main characters assumed that they escaped danger, but fate decreed otherwise and they find themselves on a ship full of zombies. According to the schedule and the gameplay, the game was not far from its predecessor. The game is still a mixture of first-person action-RPG and survival horror. Just like in the first game, the character gains new levels, upgrades skills and buys new equipment. Structurally, the game has changed little: the player is again forced to perform repetitive tasks and seek salvation. The campaign can be completed in solo or in a cooperative mode. The level of complexity, in this case, increases accordingly. The game realistically recreates the process of dismembering the bodies of zombies which is franchise is known for. Developers also tuned the game setting a bit, fixed the bugs and shortcomings of the previous game."
4032,dragons-dogma-dark-arisen,Dragon's Dogma: Dark Arisen,2013-04-23,2013,https://media.rawg.io/media/games/639/639ce7d7fecbb9f0717e9fbc1180f8f8.jpg,3.92,81.0,7,"PC, PlayStation, Xbox, Nintendo","Action, Adventure, RPG","Dragon's Dogma: Dark Arisen is an action-RPG from a third-person perspective. The story unfolds in a medieval world filled with magic, riddles and mysterious creatures. A dragon attacks the village in which the main character lives. Trying to protect his home, the character controlled by the player becomes a victim of a beast. The Dragon takes his heart and flies away to the vast unknown. The hero goes after him to discover the mysteries of the dragon and find out why he needs a human heart. The open world of the game is available immediately after the introduction of the introductory mission. The player is invited to choose a character class and its gender. One of the innovations is the system of partners. As the game progresses, the main character will be joined by comrades-in-arms. Thanks to the size of the game world and its details, the game is often compared with The Elder Scrolls series, and for a dynamic battle system with Devil May Cry."
4033,draw-slasher,Draw Slasher,2013-04-23,2013,https://media.rawg.io/media/screenshots/c08/c085faa3f9120d5855c307fb37cabb99.jpeg,1.85,,2,"PC, PlayStation, iOS, Apple Macintosh, Linux","Action, Adventure, Indie","Meet Hanzo. He’s a ninja. While he was training ‘out there’ the Pirate Monkey Zombies™ - stupid, ugly, smelly, rotten and disgusting creatures - kidnapped his family. Take control of his awesome blade and aid him in the quest to free them. You need just a mouse to play. LMB + draw a line to jump, dash, dodge, and slash. RMB to summon powerful Ninjutsu Techniques - super-efficient against the 'rottents'. FEATURES: • Unique mouse only controls • Story Mode • Challenges Mode • Endless Arcade: Survival and Gatekeeper Modes • Upgradeable Ninjutsu Techniques Cut, slice, snip, sever, chop, shear and trim hordes of Pirate Monkey Zombies™. And wear a helmet - you got only one brain!"
4037,guilty-gear-xx-accent-core-plus-r,Guilty Gear XX Accent Core Plus R,2013-04-23,2013,https://media.rawg.io/media/screenshots/316/31651e0ec39c6718c5136ab624431e7f.jpg,4.04,72.0,3,"PC, PlayStation, Nintendo","Action, Fighting","Ultimate battle action!Using the previous installation, ""GUILTY GEAR XX ΛCORE CORE"" as the base, players can perform ""Gatling combos"" by simply pressing attack buttons in sequence; or launch their opponents into mid-air with the overhead ""Dust"" attack; or cancelling their character's current motion to allow for more follow-ups with the ""Roman Cancel""; keeping everything that makes a GUILTY GEAR game, while fine-tuning everything to reach optimal balance!Full 25 characters cast!Accent Core Plus marks the return of fan favorites Kliff Undersn and Justice, rounding out the cast of 25 playable characters. And in the latest Plus R version, they have been fine-tuned for more competitive play!Refined skills, polished strategiesBased on the large amount of players' feedbacks on the previous installation, ""GUILTY GEAR XX ΛCORE CORE"", all characters have been closely examined and further tweaked for optimal battle performance! The entire cast have their core concepts revised and re-evaluated; balances are in place to bring out the most variation among the cast, with the ultimate aim to liven up the heat of every battle! Devise new strategies with each character as you play!Multiple game modesAll-time favorites ""Survival Mode"", ""M.O.M. Mode"", ""Training Mode"" and ""Mission Mode"" all included! In addition, you can view over 100 special illustrations in the ""Gallery Mode"" by various artists!Ranked Match & Player Match Online ModesPlayers can test their strength online, with the 2 network matching modes ""Ranked Match"" and ""Player Match""! Raise your rank with each win from the ""Ranked Match"" mode! Or, you can simply have fun online with your friends with the ""Player Match""! Wins and losses are not recorded here, so you don't have to worry about a bad record!"
4052,guacamelee,Guacamelee!,2013-04-09,2013,https://media.rawg.io/media/games/13d/13de6701089d2e84bab0a17d75b86857.jpg,3.87,86.0,4,PlayStation,"Action, Arcade","This is a game in the action platformer genre with Metroidvania elements, developed by the Canadian studio DrinkBox Studios. This is the third game in the studio's portfolio. The player gains control over the protagonist - an ordinary Mexican farmer named Juan Aguacate, who seeks to save the daughter of El Presidente and the love of his life from the hands of the evil skeleton charro named Carlos Calaca. To do this, he puts on the mask of the wrestler and bares the torso. The main character has several special moves, for coins from the defeated monsters you can buy upgrades for these moves and the skills. New abilities the main character receives after the opening of Chozo Statues. Some of them will give him new movements in combat. Other abilities will allow reaching previously inaccessible places on the level. A separate element of the gameplay - boss-fights, each with a separate puzzle. And the new techniques and capabilities of the character open during the gameplay. The game became so popular that Juan Aguacate appeared in several projects from third-party developers and the developers of Guacamelee! together with IndieBox released a limited number of physical copies of the game for collectors."
4057,defiance,Defiance,2013-04-02,2013,https://media.rawg.io/media/games/f63/f63bb0916d982394dfedc1900375c88e.jpg,2.22,64.0,3,"PC, PlayStation, Xbox","Action, Shooter, RPG, Massively Multiplayer","Arktech. Some die for it – everyone kills for it. Join the futuristic online open-world shooter where thousands of players scour a transformed Earth competing for alien technology. Hunt alone or with others as you improve your skills and level up, unlocking powerful weapons that will help you survive the massive battles that await. Limitless Gameplay. Revolutionary Warfare."
4062,bioshock-infinite,BioShock Infinite,2013-03-26,2013,https://media.rawg.io/media/games/fc1/fc1307a2774506b5bd65d7e8424664a7.jpg,4.38,94.0,12,"PC, PlayStation, Xbox, Linux, Nintendo","Action, Shooter","The third game in the series, Bioshock takes the story of the underwater confinement within the lost city of Rapture and takes it in the sky-city of Columbia. Players will follow Booker DeWitt, a private eye with a military past; as he will attempt to wipe his debts with the only skill he’s good at – finding people. Aside from obvious story and style differences, this time Bioshock protagonist has a personality, character, and voice, no longer the protagonist is a silent man, trying to survive. Open and bright level design of Columbia shows industrial colonial America in a seemingly endless carnival. But Bioshock is not famous for its visuals, but for its story. Mystery and creative vision of Irrational Games invite players to uncover the secrets of Columbia’s leader - Zachary Comstock and save Elizabeth, the girl, that’s been locked up in the flying city since her birth. Unique weapons and mechanics of Vigor will make encounters different, helping players to adjust to the new found mobility and hook shot, making fights fast-paced and imaginative."
4094,metal-gear-rising-revengeance,Metal Gear Rising: Revengeance,2013-02-19,2013,https://media.rawg.io/media/games/8e6/8e699e91cf77c2060b6d515e2135b1b1.jpg,4.24,83.0,6,"PC, PlayStation, Xbox, Android",Action,"After the events of the uprising took four years. Naomi Hunter creates the FOXAVILE computer virus that destroys the system of ""Sons of the Patriots"", thereby putting an end to the military economy, what turned the war into a profitable business. PMSC (Private Military Security Companies) began to protect essential people and act as peacekeepers. You play as Raiden, a katana-wielding cyborg who is forced to join the PMSC to protect his family. Most of the gameplay Raiden has to cut enemies and some objects with a mighty high-frequency sword. Along with the standard attacks available ""Free sword mode"" that allows you to control the assault. In the open mode, attacks are more powerful, but the range of their impact is lower. For the elimination of enemies in Free mode are given points that allow you to restore health and the scale of the free sword with the help of fluids that are in the spine of dead cyborgs. Being undetected, you can perform silent and quick kills on some enemies approaching from behind or from above. Available, at least, ten kinds of weapons and a few suits."
4098,sly-cooper-thieves-in-time,Sly Cooper: Thieves in Time,2013-02-05,2013,https://media.rawg.io/media/screenshots/83d/83d046e6efe7a6d4a31a88177e2605b5.jpg,3.72,,1,PlayStation,"Adventure, Arcade","Sly Cooper: Thieves in Time is a stealth-action platformer game developed by Sanzaru games. It is the fourth installment in the series and serves as a direct sequel to Sly 3: Honor Among Thieves. Plot Sly Cooper's friend Bentley notices that the pages of the Sly family clan manuscript turn blank. That means that someone is changing the history of the clan. Sly and his friends use a time machine that brings them back to feudal Japan in order to fix the timeline. Gameplay Like the previous installments of the series, the game is a platformer with several stealth-action elements. The players control a set of characters, each of which has their own abilities and tasks to complete. It is possible to switch between the characters during the gameplay as the players see fit. Unlike the previous games, where Sly Cooper only unlocked new skills, in Thieves in Time, Sly is awarded new suits, that offer their own range of abilities. For example, using the archer suit allows Sly to shoot an arrow with a rope tied to it from his bow to get to hidden areas of the game. There is a number of hidden treasures and masks in the game. Each treasure found is later added to the in-game collection and has its own description. Bottles with clues in them make a comeback in Thieves in Time. Upon finding them, the player can unlock a treasure safe which contains several bonuses within itself."
4101,bayonetta,Bayonetta,2009-06-23,2009,https://media.rawg.io/media/games/bee/bee483efadcf9d7e657e52184316a34e.jpg,4.31,90.0,5,"PC, PlayStation, Xbox, Nintendo","Action, Adventure","Bayonetta is a slasher game developed by Platinum Games. The game is set in a fictional European city of Vigrid. The main character is a witch named Bayonetta who fights angels with pistols and magic wishing only one thing: to recall everything happened to her. Bayonetta is a third-person game. The player controls Bayonetta and uses close to medium range attacks, complicated combos and a wide variety of weaponry. Special Torture Attacks are present in the game when Bayonetta uses a torture weapon such as guillotine to execute an enemy. The Witch Time ability allows the player to slow down time after an enemy attack is successfully dodged. As the plot advances, the player transforms Bayonetta to a panther or other animals in order to enhance her abilities. The game consists of several chapters with each having multiple parts. A scoring system is present in the game as a medal is awarded at the end of each mission. Special medals can be found scattered across the secret areas of the levels."
4108,demons-souls,Demon's Souls,2009-02-05,2009,https://media.rawg.io/media/games/ac3/ac3a89bfbda76082402e42b933c5825a.jpg,4.28,89.0,38,PlayStation,"Action, RPG","Demon’s Souls is an action RPG, the first installment in the Souls series, known mostly because of the Dark Souls trilogy. Demon’s Souls is also set in a grey-colored dark medieval-themed world that is attacked by the demon fog. You take on the role of a knight that entered the fog trying to save the kingdom from demons. He was eventually killed and reborn, and now needs to travel the entire kingdom to gain power and set the world free. Your character is fully customizable and can be upgraded with souls you get through battles. Demon’s Souls combat system is quite complicated as you can’t gain experience killing ordinary enemies to defeat the boss later. Here you need to work out unique tactics for every monster type. As a result, the gameplay is quite challenging with frequent deaths. However, there’s a way to simplify the game a little. Some of your actions, for example, killing or helping NPCs, affect the gameplay. This parameter is called tendency; when it’s white, the enemies are easier and the rewards are fewer. When it’s black, it produces the opposite effect."
4111,lord-of-the-rings-war-in-the-north,Lord of the Rings: War in the North,2011-11-01,2011,https://media.rawg.io/media/games/f32/f3240d0b7a9e6523c8d708129c512ac8.jpg,3.33,66.0,3,"PC, PlayStation, Xbox","Action, RPG","Lord of the Rings: War in the North is an action RPG developed by Snowblind Studios. The game is based on J.R.R. Tolkien's The Lord of the Rings series of novels. Eradan, Andriel, and Farin arrive at the Prancing Pony tavern in a small town of Bree where they meet Aragorn. He tasks them with distracting the orcs at Fornost in order to save Frodo from an attack that is plotted against him. The trio sets out on a difficult quest. At the beginning of every level, the player has to choose one of the three characters to play with. Each character has their own set of skills and equipment. All three characters are able to use light and heavy attacks, block enemy attacks, sprint, and perform combat rolls. Critical strike system is also present. During singleplayer it is possible to command the player's comrades. Online co-op mode is also present with up to three players. It is possible to swap items between the characters with each character being able to find their own set of secrets on the level which is not possible in singleplayer. Leveling up system is also present with players being able to level up their melee attacks, long-range attacks or their defense."
4123,batman-arkham-asylum,Batman: Arkham Asylum,2009-08-25,2009,https://media.rawg.io/media/games/d56/d564ee964eb3c17892b3b35dd607f836.jpg,4.41,91.0,13,"PC, PlayStation, Xbox, Apple Macintosh, Nintendo",Action,"Batman: Arkham Asylum as an action-adventure game developed by Rocksteady Studios. It is the first installment in the Batman: Arkham series which is based on Batman comic series. Batman successfully captures Joker and transports him to the Arkham Asylum on the Arkham Island. Batman suspects Joker of surrendering intentionally hence why the hero decides to escort Joker personally. Joker breaks away from the security frees all the inmates and captures the asylum. Batman sets out to restore order in Arkham Asylum. Played from a third-person perspective, the gameplay of Batman: Arkham Asylum can be divided into three types: world exploration, stealth and beat 'em up. Batman explores the asylum while solving puzzles and using his wide range of gadgets. If Batman is spotted, the game turns into a beat 'em up featuring fast hand-to-hand combat. Batman himself does not use any weapons due to his moral choices while the enemies grow stronger and begin using different weaponry as the game progresses. In some cases, while confronting a group of enemies, it is suggested that Batman's actions should not be spotted and the game turns into a stealth action."
4125,crysis-3,Crysis 3,2013-02-19,2013,https://media.rawg.io/media/games/1c6/1c61ef4ce04bce876841118580b03ccb.jpg,3.69,76.0,2,"PC, PlayStation, Xbox","Action, Shooter, Adventure, Strategy","A game that began life as a tech demo, but became a meme instead. The question ""But can it run Crysis?"" is the true measurement of PC power. Designed by the German studio Crytek Crysis 3 continues the story begun in the second part. The year is 2047, New York, where evil corporation CELL built Nanodome on top of the city and turned the metropolis into a real jungle. In addition to mundane enemies, the alien race of Ceph threatens humanity who pursues its goals. The player gains control of Prophet - a soldier in nano suit, whose primary goal is to stop the leader of the alien race. Turning into a jungle landscape one of the most recognizable cities in the world, allowed developers to diversify the gameplay. Together with the nano suit, they transformed the classic first-person shooter into a vast fast-paced sandbox. It depends solely on the player how to complete each level. In addition to a solo story campaign, the game has a multiplayer with 8 modes and 12 maps."
4128,ni-no-kuni-wrath-of-the-white-witch,Ni no Kuni: Wrath of the White Witch,2011-11-17,2011,https://media.rawg.io/media/games/95e/95ee6bf3accffaf3dc886a8e3ecc24d8.jpg,4.19,84.0,47,"PlayStation, Nintendo",RPG,"Ni no Kuni: Wrath of the White is a Japanese role-playing game with anime visuals. In addition to the visual style in the game, there are animated sequences from Studio Ghibli, where famous animator Hayao Miyazaki works. The player takes control of Oliver the young boy, who goes on a journey to save his mother. The player controls the main character using the third person perspective. The main task is to complete the linear quests for further development of the plot. During a collision with enemies, combat mode is activated, and the gameplay slightly changes. To win it is necessary to use magical abilities and so-called Familiars. Familiars can be tamed and upgraded. After defeating monsters, Oliver gets experience points, a local analog of money and loot. The whole world of the game is available for research right after the game starts, the completion of game’s quests and task further on the story opens up new game mechanics and makes the gameplay more interesting and elaborated."
4143,rocketbirds-hardboiled-chicken,Rocketbirds: Hardboiled Chicken,2011-10-18,2011,https://media.rawg.io/media/games/1e8/1e899a215976efa776de62187dfab1b1.jpg,3.09,74.0,3,"PC, PlayStation, Apple Macintosh, Linux","Adventure, Indie","The game is set in the cartoonish universe of birds that was first introduced in Rocketbirds: Revolution. The city of Albatropolis was subdued by a ruthless army of penguins led by dictator Putzki. You assume the role of Hardboiled Chicken, a rebel commando rooster who is tasked with killing the tyrant. He will, however, eventually discover there’s much more behind the penguins’ plot. The game is divided into “chapters” which are split into very small levels, usually the size of one screen each. There are also several air levels in which Hardboiled Chicken flies on his jetpack. Most of the time, though, he walks through penguin military bases, climbing, hiding, solving puzzles, and shooting the guards on his way with various firearms. This is where the game’s “childish” visual style and tongue-in-cheek humor contrast its bloody action. There’s a co-op mode for two players that mostly uses the same maps but is based on a different plot about a kidnapped general's daughter. Rocketbirds: Hardboiled Chicken is most famous for music. Many intros, animated cutscenes and even some of the levels are set to synth rock music by the Austrian band New World Revolution."
4148,zombie-driver-hd,Zombie Driver HD,2012-10-17,2012,https://media.rawg.io/media/games/3d4/3d48e2f29341c31e69f80d107d0a1871.jpg,3.04,,2,"PC, PlayStation, Xbox","Action, Shooter, Racing, Indie","Zombie Driver HD is a single-player action game, combining elements of shooter and racing. The events set in a zombie apocalypse environment. Modes There are three game modes. The first one is a classical story mode. You play as a taxi driver, who is doing his work when the virus appears. You need to get to the military checkpoint, where you have to complete different missions: picking up survivors around the city, transporting something or even killing. You have to fight with the bosses – substantial mutated zombies. In the second mode, Blood Race, the player enters the brutal race. You can chase the cars and take them down. There are three distinct game types: classic race; eliminator, where the player needs to take down cars as many as he can; the endurance, in which you need to race with a ticking bomb in your vehicle. The last one is Slaughter. You try to survive on different arenas as long as you can. Gameplay As for the vehicles, there are 13 types of driving. It includes a fire truck, bulldozer, and tank. Every vehicle feels different, so you can taste it and choose the most convenient one. Upgrading the vehicle on the fly is possible. The game offers the variety of weapons. You can burn zombies with flamethrowers or attack with the launcher. You fight with crowds of zombies at a time, especially in the Slaughter mode. The types of enemies can be unusual: there are zombies dogs, for instance. Medical drops, scattered around the city, can help to manage your health."
4154,dead-space-3,Dead Space 3,2013-02-05,2013,https://media.rawg.io/media/games/568/5689c58278e807c1574ceefb8dec026b.jpg,3.64,77.0,4,"PC, PlayStation, Xbox","Action, Shooter","The third part in the Dead Space series. Like the previous installments, Dead Space 3 is a science fiction horror game in the vein of Alien film series. Plot The game is set in the year 2514. The humanity has discovered alien artifacts, the Markers. They can be the source of powerful energy but also provoke outbreaks of Necromorphs, the undead monsters. The radical Unitologists movement wants to spread the Necromorph infestation. The main protagonist of the series, Isaac Clarke, resides at the Moon after he destroyed Markers in Dead Space 1 and 2. His ex-wife Ellie Langford went missing with her expedition on the frozen world of Tau Volantis. John Carver, the secondary protagonist of Dead Space 3, asks Isaac to travel with his team to Tau Volantis. This world may be the key to the secret of Markers. Gameplay The player assumes the role of Isaac Clarke on his quest. The game introduces the ability for Isaac to roll over and take cover to avoid being hit. Monsters and weapons from the previous games make a return, and there are new enemies like Nexus or Unitologist soldiers. The game also introduces the Weapon Bench system that allows to craft new weapons and upgrade them. Multiplayer Dead Space 3 was the first in its series to include an online cooperative multiplayer. In this mode, the second player assumes the role of Sergeant Carver and can accompany Isaac in the story campaign. Co-op mode unlocks additional missions that are unavailable in the single-player mode."
4166,mass-effect,Mass Effect,2007-11-16,2007,https://media.rawg.io/media/games/a6c/a6ccd34125c594abf1a9c9821b9a715d.jpg,4.39,89.0,9,"PC, PlayStation, Xbox","Action, RPG","Mass Effect was the very start of the trilogy about Commander Shepard in his journey to save the universe from Reapers - an old civilisation that wants to kill every possible rational being in order to prevail any wars. You play as Shepard. With flexible backstory and different classes you travel to Eden Prime with Captain Anderson and Nihlus Kryik, you and your team must discover the mystery behind the attack on the human colony. In the process, it is revealed that another Spectre, Saron, has become rogue and escapes the planet to awoke Reapers and start a full-scale war with the galaxy. For BioWare, third-person shooters with tactical elements is a very common genre. Four different weapons - automatic rifle, shotgun, pistol and sniper rifle can be obtained through the game with better characteristics. Also, you can level up your protagonist and his squad to gain better stats and new skills. Dialogue panel is simple yet efficient - you choose the style of your approach and build a reputation of a hero or a renegade. With this options in hand, you can build your own story as Commander Shepard in saving the Milky Way Galaxy."
4179,darksiders-ii,Darksiders II,2012-08-14,2012,https://media.rawg.io/media/games/848/8482235332f4518da363c3cb4e5cd075.jpg,3.74,83.0,6,"PC, PlayStation, Xbox, Nintendo","Action, RPG","Darksiders II is a third person slasher/RPG, the second installment in the Darksiders series. The game shares many similarities with its predecessor, but also exhibits new features such as an open world, overhauled quest system and dialogues. The main character is the second Rider of Apocalypse, Death, out on a quest to support previous game’s protagonist, War, and to restore what has been lost by the world. The key features of the series, the extensive combat system, and various riddles have also seen significant improvements. RPG elements exist in the form of leveling up your protagonist and acquiring new skills for both combat and battle support. The game also features an immersive soundtrack, which will accompany the players throughout every location and battle. Darksiders II has implemented many traits common to third-person RPGs of the time, but it still manages to be outstanding with its unique design of locations and enemies, a more realistic combat system and other overhauls of the game mechanics, all resulting in a refined experience for any player."
4183,f1-race-stars,F1 RACE STARS,2012-11-13,2012,https://media.rawg.io/media/screenshots/3d5/3d50c74e2ed07e739bf95f0761598281.jpg,2.87,62.0,1,"PC, PlayStation, Xbox, iOS","Sports, Racing, Arcade, Family","F1 Race Stars is a parody of a Formula One simulation. It renders the F1 racers as wacky characters and their cars as karts. Style The game features drivers, teams, and races from the 2012 season of Formula One. However, unlike most simulators, which aim to represent the races realistically, F1 Race Stars is a humorous arcade game. The racers, such as Sebastian Vettel, Michael Schumacher, Fernando Alonso, and Lewis Hamilton, are depicted as cartoonish versions of themselves. Tracks There's a total of eleven tracks based on the real Formula One circuits. They retained their basic configurations but were enhanced with springboards, loops, traps, and other unrealistic features. The circuits' backgrounds also became comical representations of a country where the race is set in. Gameplay Although the game is a kart simulation, F1 Race Stars doesn't imitate the actual karting, either. It provides a fictional combination of karting and Formula driving experiences. The cars in the game cannot drift and slide. Instead, the game uses the real-world KERS system to give the car a boost when exiting the corner. The game features power-up in the vein of Super Mario Kart, and some of them are parodies of the actual Formula One elements, such as a safety car. Each team in F1 Race Stars also has a special ability, such as shooting at the opponents for Ferrari or a free boost for Red Bull."
4185,kingdoms-of-amalur-reckoning,Kingdoms of Amalur: Reckoning,2012-02-07,2012,https://media.rawg.io/media/games/bad/bad95aa1f2edbbad2ae93981291b6560.jpg,3.62,81.0,6,"PC, PlayStation, Xbox","Action, Adventure, RPG","Kingdoms of Amalur: Reckoning takes place in a fictional region called Faelands which is one of the Kingdom of Amalur. There the immortal Fae of the Summer lives, but immortality means only that after death you will become something else in another body. There are five different regions of Faelands and four playable different races with three different class trees. The player starts as a ""Fateless"" being before the choosing between three classes. The combat of the game is timing based and similar to other action-role-playing games with addition of QTE elements during cutscenes. While in combat, player gains fate points and with required amount of them player can enter Reckoning Mode, which is a slow-motion berserk-like mode which lets player to quickly kill all the enemies. Not only a player has the ability to jump or swim on the water, but also can communicate, rob or kill NPCs, which has its consequences. It is said that Kingdoms of Amalur: Reckoning mixes up ideas from games such as God of War and The Elder Scrolls series."
4186,persona-4-golden,Persona 4 Golden,2012-11-20,2012,https://media.rawg.io/media/games/b2c/b2c9c6115114c8f7d461b5430e8a7d4a.jpg,4.41,89.0,9,"PC, PlayStation, Xbox, Nintendo",RPG,"Persona 4 Golden is the jRPG and the remake of the Persona 4, released four years after the original. This is the fifth part of Persona series which is at the same time a sub-series to an even bigger franchise called Shin Megami Tensei. The remake is released exclusively for PS Vita handheld. Gameplay There is a similar pattern to all Persona games: the gameplay is divided into the usual school life and the underworld dungeon crawler part. During the first sections of the game, the player controls the protagonist and examines the city, transits between location and forms Social Links with the other students. The underworld part includes distorted location from the common life which the protagonist must explore with his squad. During the exploration, there are multiple random encounters and boss battles involved. Story The story takes place in Inaba — fictional city. The main characters explore the serious of murders bizarrely to find out, what happened and who is behind those killings. During their investigations, the team comes across a unique ability to summon their inner selves called personas. Golden version The new character —Marie with the individual story arc was added into the expanded version as well as an internet connection allowing one to get help in the battles. Also, minor improvements were introduced into anime videos and lines in the game."
4187,playstation-all-stars-battle-royale,PlayStation All-Stars Battle Royale,2012-11-20,2012,https://media.rawg.io/media/games/596/596215939911a0d97facfc224b1bca30.jpg,3.02,74.0,2,PlayStation,"Arcade, Family, Fighting, Massively Multiplayer","PlayStation All-Stars Battle Royale is a crossover 2.5D fighting game, including a big roster of Sony’s signature characters. It’s a quick paced game, similar to Nintendo’s Super Smash Game, where characters fight each other on the battle arenas with a lot of stage unique hazards. Each stage combines two different games, presenting 15 levels of varying difficulty and layouts. 20 playable characters and 4 DLC exclusives, and not all of them are from Sony exclusive titles. PlayStation All-Stars Battle Royale has multiple modes, offering single-player arcade mode that shows off game’s story. A mysterious being is searching for the strongest warriors from all the worlds, and heroes and villains alike are trying to locate the new threat. Arcade story mode will match players against a group of randomly selected characters, before facing off with the interdimensional threat. And multiplayer modes are all based around either reaching the set amount of kills first or getting the most kills in a set time. There are three types of special moves, based on the number of AP players use, and they gain the AP by hitting other players. PlayStation All-Stars Battle Royale has a cross-platform play feature for PS3 and PS Vita."
4192,pid,Pid,2012-09-05,2012,https://media.rawg.io/media/screenshots/d93/d93e93149d781484bfc9c6ae7b48e1d4.jpg,2.62,63.0,1,"PC, PlayStation, Xbox, Apple Macintosh","Action, Adventure, Arcade, Indie, Puzzle, Platformer","Pid is a puzzle platformer that follows a boy named Kurt who lives in the era of interstellar traveling. Accidentally he missed his planet on the way from school, and got stuck in the place that seemed to have no way out… Now he needs to find out what happens and return home. The gameplay is based on platforming mixed with Kurt’s ability to use so-called beams to pass through levels. These beams create tunnels without gravity that help to come over obstacles, solve puzzles and even fight enemies. More items become available on higher levels. The game only supports co-op on the same console, with no online multiplayer. While Pid has really hardcore gameplay, its visual style is calm and relaxing. The in-game world is full of secrets and collectibles that balance the gaming experience a little. Almost every NPC has something to tell you, so don't ignore dialogues that will shed some light on Pid's lore."
4193,planets-under-attack,Planets Under Attack,2012-09-27,2012,https://media.rawg.io/media/screenshots/292/2926e2e90b4bdc4333b3c4ad79917d6c.jpg,2.33,,3,"PC, PlayStation, Xbox, Apple Macintosh","Strategy, Simulation, Indie","Planets Under Attack is a space-themed strategy game. Gameplay The main single-player mode in the game is a campaign that consists of many missions. The goal of most missions is to capture and develop certain planets on the game map. To do so, you control your spacecraft fleet. Captured planets are not only strategically essential points and means to complete the mission, but they also produce Sollars — the primary currency in the game. You need Sollars for most of the actions that you can do in the game including upgrading your spaceships, planets, or even moving and dispatching your units. While conquering neutral planets is usually no hard task, you continuously encounter opposing forces (AI in single-player or other players in multiplayer) that also try to take over the planets and destroy your forces. The battles occur automatically, so the game’s primary challenge is in proper management and your fleet arrangement. There are several races available in the game, each of which has unique properties. After the end of each match, the fraction you chose would gain points that can be exchanged for ‘techs’ which give you passive upgrades such fleet strength or decreased time to upgrade planets. There are also three difficulty settings, ranging from easy to hard."
4199,littlebigplanet-karting,LittleBigPlanet Karting,2012-11-06,2012,https://media.rawg.io/media/screenshots/749/7494d29011ddec57b1aa5896dd4bf266.jpg,3.09,,14,PlayStation,"Action, Racing, Arcade","LittleBigPlanet Karting is an arcade racing game developed by United Front Games in collaboration with the creators of the original LittleBigPlanet, MediaMolecule. Gameplay In LittleBigPlanet Karting, the players compete with each other on several thematic tracks. The objective of each race is to get to the finish first. During the race, the players can pick up such weapons as thermal-guided missiles, EMPs, grenades, and so on. These weapons can be used both for offense or defense. For example, the player can shoot the rocket coming onto them with his own rocket and evade the attack. There are also boosters on the track, such as Nitro or Autopilot. The game features a grappling hook from LittleBigPlanet 2, which is used to pass obstacles during the race. It is also possible to hit a rival with it if they are close enough. Unlike most racing games, LittleBigPlanet Karting puts a heavy emphasis on the number of game modes: Battle Mode, Waypoint Races, Treasure Hunts, Score Attacks and much more modes are available to the players. Like in the other LittleBigPlanet games, the community-made content plays a vital role in the game's philosophy, which is described as “Play, create, share.” The players can customize their characters, edit the tracks or create their own maps from the ground up. It is possible to set up your own rules in the track creator. The game features asynchronous multiplayer and tracks made by the community which were included in the main map pool."
4200,portal-2,Portal 2,2011-04-18,2011,https://media.rawg.io/media/games/2ba/2bac0e87cf45e5b508f227d281c9252a.jpg,4.61,95.0,11,"PC, PlayStation, Xbox, Apple Macintosh, Linux","Shooter, Puzzle","Portal 2 is a first-person puzzle game developed by Valve Corporation and released on April 19, 2011 on Steam, PS3 and Xbox 360. It was published by Valve Corporation in digital form and by Electronic Arts in physical form. Its plot directly follows the first game's, taking place in the Half-Life universe. You play as Chell, a test subject in a research facility formerly ran by the company Aperture Science, but taken over by an evil AI that turned upon its creators, GladOS. After defeating GladOS at the end of the first game but failing to escape the facility, Chell is woken up from a stasis chamber by an AI personality core, Wheatley, as the unkempt complex is falling apart. As the two attempt to navigate through the ruins and escape, they stumble upon GladOS, and accidentally re-activate her... Portal 2's core mechanics are very similar to the first game's ; the player must make their way through several test chambers which involve puzzles. For this purpose, they possess a Portal Gun, a weapon capable of creating teleportation portals on white surfaces. This seemingly simple mechanic and its subtleties coupled with the many different puzzle elements that can appear in puzzles allows the game to be easy to start playing, yet still feature profound gameplay. The sequel adds several new puzzle elements, such as gel that can render surfaces bouncy or allow you to accelerate when running on them. The game is often praised for its gameplay, its memorable dialogue and writing and its aesthetic. Both games in the series are responsible for inspiring most puzzle games succeeding them, particularly first-person puzzle games. The series, its characters and even its items such as the portal gun and the companion cube have become a cultural icon within gaming communities. Portal 2 also features a co-op mode where two players take on the roles of robots being led through tests by GladOS, as well as an in-depth level editor."
4206,vanquish,Vanquish,2010-10-19,2010,https://media.rawg.io/media/games/88a/88af17cc08783ccdd1608ae63c47eeac.jpg,4.01,79.0,4,"PC, PlayStation, Xbox","Action, Shooter, Adventure, Indie",Take the fight to evil Russian robots using a rocket-powered self-adapting battlesuit in this innovative third-person shooter from Resident Evil creator Shinji Mikami.
4223,the-darkness-ii,The Darkness II,2012-02-07,2012,https://media.rawg.io/media/games/744/744adc36e6573dd67a0cb0e373738d19.jpg,3.7,77.0,3,"PC, PlayStation, Xbox, Apple Macintosh",Action,"With a gap of five years, Darkness II is a sequel for the first part of the franchise following the story of James Estacado. After becoming the don of the Franchetti family, he still fights the fact that his girlfriend Jenny died in the first game and fighting against the Darkness itself. Things turn pretty bad when a group of attackers catch James and his men off guard in a restaurant. Being severely injured he still refuses this powers even if they save them. The attack doesn't end so fast, and after an explosion, James is left to bleed out and die. James gives up and embraces the Darkness fighting off his attackers and begins his fight with the Brotherhood and his own sanity. The core feature of the game is to control the tendrils. Being Darknesses spawns, two tendrils will help the player to fight off his enemies. You can execute people, throw them around and throw things at them. Also, you can use it to merely attack or defend yourself in any fighting situation. In case you will want to do the campaign with your friends, the game gives you Vendetass. The plot of it follows four hitmen from Jackie's family to stop the mysterious Brotherhood."
4228,of-orcs-and-men,Of Orcs and Men,2012-10-10,2012,https://media.rawg.io/media/screenshots/b6e/b6e8669dc5a328ba97b2f10ee521e1ea.jpg,3.01,69.0,1,"PC, PlayStation","Action, RPG","Lead the revolution of the Orcs and Goblins! In a world at war, the vast Empire of Men tries to extend its domination over the territories of the Orcs and Goblins, who are systematically persecuted, enslaved and massacred. Through this great role-playing game, lead a fearsome Orc warrior, and a Goblin master of assassination and stealth. You have been appointed to fulfill an extremely dangerous mission, deep in enemy territory: to kill one man... the Emperor himself. Fight your way through a terribly hostile world to reach the objective of your quest. Level up, learn and develop powerful skills, and finally free your people from the yoke of the Empire!"
4240,worms-revolution,Worms Revolution,2012-10-09,2012,https://media.rawg.io/media/screenshots/197/197780c33719b9b2e4d3619a527f3c21.jpg,3.57,73.0,4,"PC, PlayStation, Xbox","Strategy, Simulation","Worms Revolution is a Team17 game and the 18th part of Worms series, counting as many as 25 titles total. It is the turn-based game with a heavy accent on customizable characters and environment. The game features single- and multiplayer while giving the players an opportunity to play in cooperative with the hotseat feature allowing them to take turns one at a time. It is hard to say that ""Worms"" has any plot at all: there is barely even hints, which may prompt the player to understand the eternal conflict between the worms of a different color. The gameplay, on the other hand, is quite memorable: in fact so crucial that not only Worms have given birth to many other worms-like games but also created a whole genre: artillery tactical turn-based strategy. The primary goal of a team or a player is to eliminate the opponent(s). To achieve this goal, one must utilize a various range of weapons. They do not only damage the other worms but also transform the ground. While every turn grants the player with the ability to walk a certain amount of space and utilize one weapon — the landscape factor is crucial here."
4241,lego-harry-potter-years-5-7,LEGO Harry Potter: Years 5-7,2011-11-11,2011,https://media.rawg.io/media/games/6ad/6ad0779bd730077eb28aa3a50394ed5c.jpg,3.7,80.0,4,"PC, PlayStation, Xbox, Android, Apple Macintosh, Nintendo",Action,"LEGO Harry Potter: Years 5-7 is an action-adventure utilizing LEGO thematics and mechanics. The game is the part of the vast LEGO franchise and is released by Traveller's Tales — the studio specializing in LEGO since 2006. This is the second part of the Harry Potter LEGO arc with the first one being Years 1-4 title. Gameplay The game features mechanics same for all of the LEGO games — the core characteristic of them is collecting LEGO blocks while proceeding through the levels: the environment can be destroyed to some extent (basic surroundings like grass and walls are indestructible), the crafting part looks like an assembly of a constructor kit. The title implements conditionally open world consisting of various locations reminiscent from the original book. The player can travel between locations after the completing of the main story to mop up the collectibles and find an interaction that was earlier inaccessible due to lack of special powers and moves. Such skills are usually acquired within the first playthrough. The game does not feature an online multiplayer, unlike its predecessor. Story The plot of the game generally follows the last three books and four films about the Harry Potter's adventures. The game starts with events depicted in The Order of the Phoenix film and ends with a fight with Lord Voldemort."
4248,dishonored,Dishonored,2012-09-25,2012,https://media.rawg.io/media/games/4e6/4e6e8e7f50c237d76f38f3c885dae3d2.jpg,4.37,91.0,10,"PC, PlayStation, Xbox","Action, Adventure, RPG","Dishonored is the game about stealth. Or action and killing people. It is you who will decide what to do with your enemies. You play as Corvo Attano, Empress' bodyguard, a masterful assassin and a combat specialist. All of a sudden, a group of assassins kill the Empress and kidnaps her daughter Emily. Being accused of murder and waiting for execution in a cell, Corvo still manages to escape with the help of the Loyalists and their leader Admiral Havelock. Now it is your duty to return the Empress daughter and restore your name. The main focus of the game is to give the player a choice. You can spare the lives of your enemies by knocking them out or making others do the job for you or brutally murder everyone in the city. Gadgets are given by Piero Joplin, Loyalists engineer and by the Outsider, who gives Corvo magical abilities. The game reacts to your choices - grim atmosphere by itself can be turned even darker by killing people or slightly lighter by not doing so. It is only a player's choice what to do with his abilities. Basing on these actions the game will give you with two different endings of the story."
4249,hell-yeah-wrath-of-the-dead-rabbit,HELL YEAH! Wrath of the Dead Rabbit,2012-09-25,2012,https://media.rawg.io/media/screenshots/3f1/3f1c417b405a86ed7d92b903e0fcfd0c.jpg,2.43,64.0,1,"PC, PlayStation, Xbox","Action, Arcade, Platformer","Skeletonized rabbit Ash lives in Hell, he's a prince of that place. Ash is busy recovering his hellish reputation - killing everyone in Hell, who saw his photo with a rubber duckling in the bath. Apparently, among the princes of Hell to play with the duckling is not common. Each monster, killed by Ash, opens the way to the next - totally Ash has to kill a hundred monsters. Ash is chasing monsters in several spaces that have their own design. Among them there is a cave, a laboratory, a spaceship with a team of talking animals and a casino. The game is good for its mood - ironic and humorous, which is maintained throughout the game and is always surprised by an abundance of jokes and fancies. The game is full of surprises. Unexpected ways of murder, stylish crazy monsters, excellent finds for the hero. There is always something going on in the game - and not only with the hero. On the whole space of the screen, the world lives and turns into something previously unprecedented and exciting."
4252,mirrors-edge,Mirror's Edge,2008-11-11,2008,https://media.rawg.io/media/games/8e4/8e4de3f54ac659e08a7ba6a2b731682a.jpg,4.07,81.0,3,"PC, PlayStation, Xbox",Action,"Refreshing look of Mirror’s Edge made this first-person action platformer recognizable even by people who have never played it before. The City of the “utopian” society is highly monitored by the totalitarian military groups. Players will take control of the female protagonist, named Faith, a specially trained Runner, master of parkour that delivers physical documents in the city, where every form of communication is watched. Her sister is framed for murder, and Faith must follow the clues to the identity of the murderer, with only lead being a note saying Icarus. Distinct visuals of the game form the bright white city, which Faith has to navigate through, jumping across rooftops, running on walls and climbing scaffolding. Color-coded elements of the environment guiding players as to where they can progress. Special attention to the camera that will bob up in down in accordance with the movement, trying to recreate the actual vision, and not a fixed video feed. Even though Mirror’s Edge has a combat system, it’s not the main focus, which makes it scarce."
4280,max-payne-3,Max Payne 3,2012-05-15,2012,https://media.rawg.io/media/games/5bf/5bf88a28de96321c86561a65ee48e6c2.jpg,4.26,87.0,11,"PC, PlayStation, Xbox, Apple Macintosh","Action, Shooter","In Max Payne III we see Max from a new perspective. Taking place nine years after the second game, Payne left the police department in New York and now serves as a private security contractor in São Paulo, Brazil. Guarding the Branco family - Ricardo, Victor and Marcelo, everything turns into a disaster when a local street gang kidnaps Ricardo's wife. In attempt saving Ricardo's wife, another outlaw involves. In the end, Max has to infiltrate the gang to save Fabiana and perform some justice. Even if Max is old, he still can put on a hell of a fight. A cover system provides some good tactical advantages and bullet time is now something iconic for the series. Manipulating with time, Max can perform some amazing tricks to kill his opponent. Also, you can shoot from any angle basically, while lying on the ground. If that isn't enough for you, you can obliterate your enemies with melee attacks or blow them up by using explosives. As another feature of the game, no loading screens are involved. Cut-scenes are also interactive, and with that, the process of the game is absolutely smooth which makes the best experience from an intense shooter."
4284,ssx,SSX,2012-02-28,2012,https://media.rawg.io/media/games/566/566c25b3814c8b35bce7375e22d11748.jpg,3.49,82.0,17,"PlayStation, Xbox","Sports, Arcade","SSX is the return of the beloved franchise on the current generation of consoles where you can own the Planet across real-world iconic mountain ranges, compete and compare with friends online in totally new ways, and defy reality on a snowboard through Race it, Trick it and Survive it events. Defy Reality and Own the Planet with SSX. This item is being licensed or sublicensed to you by Sony Computer Entertainment America and is subject to the Network Terms of Service and User Agreement, this item’s use restrictions and other applicable terms located at www.us.playstation.com/support/useragreements. If you do not wish to accept all these terms, do not download this item. This item may be used with up to 2 activated PlayStation®3 systems associated with this Sony Entertainment Network account."
4286,bioshock,BioShock,2007-08-21,2007,https://media.rawg.io/media/games/bc0/bc06a29ceac58652b684deefe7d56099.jpg,4.36,96.0,3,"PC, PlayStation, Xbox, Apple Macintosh","Action, Shooter","FPS with RPG elements, Bioshock invites players to experience horrors of underwater isolation in the city of Rapture, the failed project of the better future. After surviving the plane crash, the protagonist has only one way to go – to the giant lighthouse that opens a way to the underwater utopia. Players will have to unravel the complicated history of Rapture, relying only on themselves, their guns and Plasmids, a mystical substance, that allows it’s user to obtain near magical abilities. The atmosphere of isolation and threat is conveyed through the environmental sounds, subtle electrical buzzing and audio logs, telling the story of societal decay and despair. Players will shape the story, making moral choices along their way, saving Little Sisters or extracting ADAM, the mystical fuel for your abilities. While exploring the underwater city, players will complete missions for the last sane inhabitants of Rapture, while fending off the less fortunate ones."
4291,counter-strike-global-offensive,Counter-Strike: Global Offensive,2012-08-21,2012,https://media.rawg.io/media/games/736/73619bd336c894d6941d926bfd563946.jpg,3.57,81.0,65,"PC, PlayStation, Xbox, Linux",Shooter,"Counter-Strike is a multiplayer phenomenon in its simplicity. No complicated narratives to explain the source of the conflict, no futuristic and alien threats, but counter-terrorists against terrorists. Arena shooter at its core, CS:GO provides you with various methods of disposing enemies and reliant on cooperation within the team. During the round of the classical clash mode, you will gradually receive currency to purchase different equipment. Each player can carry a primary weapon, secondary pistol, knife and a set of grenades, which all can change the battle if wielded by the skilled player. Objectives are clear and vary from map to map, from game mode to game mode. Stop the terrorists from planting explosives, stop the counter-terrorist from retrieving the hostages, kill everyone who isn’t you and just perform the best with. CS:GO is one of the major cybersport discipline, which makes playing it more exciting to some players. Aside from purchasing the game, CS:GO is infamous for its loot case system, that requires players to purchase keys, in order to open said cases. Customization items consist of weapon skins, weapon stickers, and sprays that do not affect gameplay and have purely visual value to the player."
4298,papo-yo,Papo & Yo,2012-08-14,2012,https://media.rawg.io/media/screenshots/18b/18b47446f242904662beb3c6efe6b33d.jpg,3.38,70.0,2,"PC, PlayStation, Apple Macintosh, Linux","Action, Adventure, Indie, Puzzle","Papo & Yo is an adventure puzzle with a platforming focus. Indie studio Minority Media developed the game. After the development of Papo & Yo studio has concentrated on developing VR games. It is the only installment in the IP. The plot revolves around the boy called Quico who is living in the Brazilian suburbs, and his father addicted to alcohol. As told by Vander Caballero — lead game designer, the game represents his experience with his alcoholic father. The ability to open tears to another dimension is like this a particular kind of representing escapism. The game features platforming sections, and the ability to turn the real world into the magical one is introduced: tools brought out from the latter may aid the protagonist in their quest. The whole magical setting is very much like going into another dimension for the stuff needed. The Monster is also a crucial part of the gameplay — he helps Quico to hop around the gaps. The behemoth can also turn berserk: if he eats too many frogs, he starts crushing everything on its way. It can be calmed down with fruits."
4302,sound-shapes,Sound Shapes,2012-08-07,2012,https://media.rawg.io/media/screenshots/45b/45bafb110e65591ae5472179454095f5.jpg,3.17,,0,PlayStation,"Action, Arcade","Sing a song Exclusive for PlayStation, released on PS3, and PS Vita in 2012, and later - in 2013 and on PS 4. Sound Shapes - is a game about music, in which you can and should not only listen but also create it yourself. Game events are tied to music. The player takes control of a dynamic ball, and find the music during the gameplay. It is a combination of side-scroller and music. Locations, through which the protagonist passes - are pierced with characteristic rhythms that create the appropriate atmosphere. The player after half an hour of the game can catch himself on what he unconsciously sings the motives from the game to himself. Key features Back Hensen, who participated in the development, gave the game three of his compositions - “Cities,” “Touch the People,” and “Spiral Staircase.” Each of them in its own way is played out within the game process. The original execution of the game, intuitive control, as well as uncomplicated but perfectly matched mechanics, making the game a real find for both a music lover and an ordinary player. The feeling of unusual events on the screen does not leave even after the game. There is no multiplayer in the game, but it is unlikely that it can be considered a minus for Sound Shapes."
4327,quantum-conundrum,Quantum Conundrum,2012-06-21,2012,https://media.rawg.io/media/screenshots/a50/a50f57cc5d6baa0d54ae22e039be510d.jpg,3.25,77.0,3,"PC, PlayStation, Xbox","Action, Strategy, Casual, Puzzle","Quantum Conundrum is a first-person puzzle-solving game developed by Airtight Games. The director of the game, Kim Swift, was a lead designer of a game called Portal. You play as a nephew of a brilliant scientist who is unexpectedly sent to stay with his uncle. The Professor is working on an experiment that goes not according to the plan. The scientist can't get out of a pocket dimension and the house you were staying in is now shattered across four dimensions with different properties. You have to get everything back together. The player is able to run, jump and interact with several in-game objects. It is possible to die from hazardous liquids, bottomless pits, falling down from a great height or getting killed by lasers. The levels in the game are represented as the rooms of the house. The objective of each level is to find the exit door and get to it. The players can manipulate the rooms traversing through the dimensions. Each dimension has its own physics. For example, in the Fluffy dimension, the objects are much lighter than normal. Players can access only one dimension at a time."
4329,bloodrayne-2,BloodRayne 2,2004-10-12,2004,https://media.rawg.io/media/games/bae/bae9665e880bcbbf24cba67ecb506da2.jpg,3.72,67.0,4,"PC, PlayStation, Xbox","Action, Shooter, Adventure","BloodRayne is a dhampir, born from the unnatural union of vampire and human. Blessed with the powers of a vampire but cursed with the thirst for blood and a weakness to sunlight, Rayne is challenged with her most personal battle yet as she hunts down her siblings. They have banded together and pledged to carry on their father's legacy of creating a new era of vampire supremacy where humans are mere cattle. Rayne's siblings have created 'The Shroud,' a mysterious substance that will render the sun's lethal rays harmless to vampires. Now only BloodRayne stands between an unsuspecting humanity and a horrifying vampire dawn."
4331,sonic-generations,Sonic Generations,2011-11-01,2011,https://media.rawg.io/media/games/9a1/9a18c226cf379272c698f26d2b79b3da.jpg,3.9,77.0,2,"PC, PlayStation, Xbox, Nintendo","Action, Arcade, Family, Platformer","Sonic Generations is a crossover of modern Sonic with his 1990s incarnation. The blue hedgehog is attacked by a new enemy called Time Eater, who tries to change the past to help Dr. Robotnik. Time Eater kidnaps Sonic’s friends and imprisons them in the various eras of the past. Sonic has to travel back in time to meet the original Sonic and Tails from the 16 bit game series. Old and new versions of characters team up to defeat Time Eater and Robotnik and restore the space-time continuum. Sonic will have to revisit the levels from his old games. Each zone is split into “Classic” 2D levels from Sega Genesis and Dreamcast eras, and their “Modern” 3D counterparts from the 2000s. Sonics from the different eras also have their unique abilities, and there’s the Skill Shop, where the characters can obtain new skills. Each zone includes two boss fights and a Doppelganger Race, which is a time trial. When they're not on the levels, the Sonics reside in the White Zone, an open world that serves as a hub to access the regular zones. Sonic Generations includes a lot of unlockable content, such as music, art, special skills and, in some versions, even the original 1991 Sonic the Hedgehog game."
4340,uncharted-drakes-fortune,Uncharted: Drake's Fortune,2007-11-19,2007,https://media.rawg.io/media/games/f2e/f2e6dcf9c27d99ba2551f1094ad41756.jpg,4.03,88.0,12,PlayStation,"Action, Shooter","The game that started the popular Uncharted series. It is all about a treasure hunt in the jungle and ancient ruins and thus somewhat similar in mood and aesthetics to the Tomb Raider series, albeit with a slightly more realistic approach. The plot follows the adventurer and treasure seeker Nathan Drake, who believes himself to be a distant offspring of the famous Sir Francis Drake. When exhuming his ancestor's remains, Nathan discovers an artifact that supposedly shows him the way to the legendary El Dorado, the city of gold in the Latin American folklore. Accompanied by journalist Elena Fisher, he sets out on a dangerous journey to a remote island. Throughout the game Nathan, controlled by the player, will have to fight pirates, using both melee weapons and firearms, and explore ancient ruins by jumping the cliffs, climbing the walls and swinging from the ropes. Uncharted: Drake's Fortune includes motion-captured cinematic cutscenes that help develop characters and the plot to the point the game may feel like a blockbuster movie."
4345,ghost-recon-future-soldier,Tom Clancy's Ghost Recon: Future Soldier,2012-05-22,2012,https://media.rawg.io/media/games/361/361521dd66118f68e642aa095e3493c1.jpg,3.67,71.0,5,"PC, PlayStation, Xbox","Action, Shooter","There is nothing fair, honorable, or just about combat. There is only winning and losing—the dead and the living. The Ghosts don’t worry about even odds. They do everything in their power to overwhelm and obliterate the enemy. Future technology is the key to winning an asymmetric battle. In Ghost Recon Future Soldier join an elite team of highly trained, cut-throat special-ops soldiers. Armed to the teeth with unrivalled combat technology and cutting-edge military hardware, Ghost Recon takes you to the globe’s most deadly warzones to hunt down the highest value targets. When you’re outnumbered…Only the dead fight fair.Key Features:In Ghost Recon Future Soldier you will be equipped with the most advanced combat technology designed to overwhelm and obliterate the enemy. Cross Com: Stay one step ahead of the enemy: Cross Com gives you real time intel projected directly on your goggles. The HUD allows you to control drones on the fly, as well as locate key enemy targets. Optical Camouflage: Be invisible: Use optical camouflage to move undetected through hot spots and gain the upper hand on your enemies. Sync Shot: Tag ‘em and bag ‘em: Use the tagging feature on the ground or by drone to coordinate synchronized attacks on enemy targets. Cover Swap: Stay out of enemy sight: Exploit unique cover system and swap through dynamic covers to surprise, flank and eliminate the enemies. Hand-to-Hand Combat: Become the ultimate “quiet professional”: hand-to-hand combat will give you brutal close-combat moves. Over the Shoulder Relish in over 2500 animations: Your Ghost Recon character will roll, cover, slide, climb and disappear to stalk and take down your prey. Single-Player Campaign: An all-new, epic Ghost Recon experience 12 missions 8 spectacular locales - Fight across diverse terrains from the dust of Africa, the suburbs of Moscow, to the icy territory of the ArcticCo-op Campaign: Team up with friends to take down the enemy Play through the 12 campaign missions cooperatively online with up to 3 friends. Perform highly coordinated takedowns and devastating large-scale strikes utilizing multiple viewpoints. Your “5th man” UAV drone can draw fire and target enemies. Lock onto enemy positions from the air or from the ground. Deploy sonic blasts to incapacitate your targets. Unleash the firepower of mounted weapons systems from jeeps to helicopters, and eliminate enemies with your shooting skill.Guerrilla Mode: Dominate hundreds in this brand-new combat mode You and your fellow Ghosts will face waves of enemies and utilize real-life techniques inspired by U.S. Army counter-insurgency experts. Enter, capture and secure a designated area, then prepare for up to 50 waves of enemies with increasing difficulty. Compete against friends in online leaderboards. Multiplayer Mode: Up to 12 players in 6Vs6 matches for a fast-paced, intense online experience Select from 3 classes (Rifleman, Engineer and Scout) and unlock new gear to battle online across 10 maps. Gain experience and levels, make decisive choices to customize and develop your character. Gather Intel on your enemies’ positions and share it with your teammates. Use the new suppression system to pin your enemies down while your teammates flank them. 4 game modes focused on objectives and cooperation, including new exclusives and GR’s classic Siege. Created by Red Storm, the studio behind the critically acclaimed Ghost Recon Advanced Warfighter multiplayer modes.Gunsmith Mode: With over 20MM weapons at your disposal you’ll have the perfect weapon for any combat situation Customize your weapon in the Gunsmith mode to gain the unfair advantage on your enemies. Choose from dozens of attachments and components. Replace triggers, barrels, stocks and much more to trick out your weapon and make it your own. Test your weapon in the firing range before taking it into battle for ultimate accuracy and performance. Compatible with Single-Player, Multi-Player and Co-Op."
4347,dirt-showdown,DiRT Showdown,2012-05-24,2012,https://media.rawg.io/media/games/23d/23d78acedbb5f40c9fb64e73af5af65d.jpg,3.3,74.0,2,"PC, PlayStation, Xbox","Racing, Arcade","DiRT Showdown is not a traditional racing simulator of the DiRT series. The only similar thing that relates Showdown to the original games is a high level of graphics: developers added day/night time cycles and dynamic weather system, so the whole picture looks beautiful. This game offers an arcade physics that focus players on their positive emotions. Even the advanced damage system is only a cosmetic feature because damages don’t really affect car running performance. Everything in the game is made for the spectacle. The vehicle range was expanded: imaginary monsters specially prepared for the demolition were added to already existing licensed rally cars. Racing experience covers picturesque landscapes throughout America. All the events can be divided into four main classes (Racing, Demolition, Hoonigan, and Party) and then into numerous types. Gradual completion of the events gives money for buying new vehicles or upgrading existing ones and opens new perspectives for drivers. DiRT Showdown offers both single and multiplayer experience."
4348,gravity-rush,Gravity Rush,2012-02-09,2012,https://media.rawg.io/media/games/086/086a471ca4fe42cf1002707caefa5e7a.jpg,3.96,83.0,0,PlayStation,"Action, Adventure","Gravity Rush a.k.a. Gravity Daze in Japan is a first installment in the Gravity Rush series published exclusively for PS Vita, followed by the second part released only on PS4 as well as remaster released on the same platform. The game is centered around an ability to change the gravity on the player's fancy. Among the other gameplay features one may point out ""gravity field"" allowing the protagonist to grab and throw objects near her. There are also a certain amount of collectibles: ones that fill up your gravity gauge and gems used to power up abilities. The structure of a game represents an open-world which may be explored at once and many mission together with sidequests with the latter allowing you to complete them at any time. The story follows Kat — a girl with superhuman abilities. Those she acquired by having a cat — Dusty, along with her. All of the missions are supposed to help Kat recover her memory and find out how did she end up in Hekseville."
4356,littlebigplanet-2,LittleBigPlanet 2,2011-01-18,2011,https://media.rawg.io/media/games/040/040ab31e36c65e6a275ada23d8a7da34.jpg,4.08,,5,PlayStation,"Action, Arcade","Join Sackboy™ in a completely new adventure - filled with new abilities, new gameplay rules, innovative tools and a smarter LBP Network, evolving the whole PLAY CREATE SHARE™ experience. Key Features: Sackboy™ is at it again! Join Sackboy™ and a lively cast of characters in a completely new PLAY CREATE SHARE™ adventure. As Sackboy™ gets recruited into The Alliance, you’ll journey to several unique worlds filled with new challenges, learn to control new tools, and discover a whole new way to play LittleBigPlanet™. A world of PLAY is at your fingertips! Whether it’s the 50 plus levels in the whimsical storyline, endless multiplayer fun, the over 2 million levels of imaginative user-generated content from LittleBigPlanet™ (1), or the inevitable amount of revolutionary games to be created from the CREATE tools – there’s an infinite amount of gaming fun for you and your friends in LittleBigPlanet™ 2. CREATE your own games! LittleBigPlanet™ 2 gives you complete access to customize everything - from your Sackboy™ ’s appearance to developing your own videogame. With access to the games’ CREATE tools, your imagination can run wild in creating any type of game you want from racing games, mini-games, action/adventure games, and even multiplayer shooters. Purchase or use of this item is subject to the PlayStation®Network Terms of Service, this item's use restrictions, and other applicable terms located at http://www.us.playstation.com/support/useragreements. If you do not wish to accept all these terms, do not purchase or use this item. One-time fee for downloads to up to two systems that are associated with the purchasing account."
4358,assassins-creed-revelations,Assassin's Creed Revelations,2011-11-15,2011,https://media.rawg.io/media/games/193/19390fa5e75e9048b22c9a736cf9992f.jpg,3.98,80.0,14,"PC, PlayStation, Xbox",Action,"When a man has won all his battles and defeated his enemies; what is left for him to achieve? Ezio Auditore must leave his life behind in search of answers, In search of the truth. In Assassin’s Creed® Revelations, master assassin Ezio Auditore walks in the footsteps of the legendary mentor Altair, on a journey of discovery and revelation. It is a perilous path – one that will take Ezio to Constantinople, the heart of the Ottoman Empire, where a growing army of Templars threatens to destabilize the region. In addition to Ezio’s award-winning story, a refined and expanded online multiplayer experience returns with more modes, more maps and more characters, allowing you to test your assassin skills against others from around the world. Key Features:BECOME DEADLIER THAN EVER Wield the lethal skills of a wiser, more efficient and deadlier Ezio. Swiftly eliminate your adversaries by deploying a new arsenal of weapons and abilities, such as enhanced free-running and hook blade combat. Experience new levels of gameplay customization with bomb crafting, and use heightened Eagle Vision to overcome your enemies and the environment. TEST YOUR SKILLS AGAINST THE BEST A critically acclaimed multiplayer experience gets even better, with all-new team modes and infinite replay value. EXPERIENCE REVOLUTIONARY GAMEPLAY Explore the farthest reaches of the Animus as you uncover the mysteries of Desmond’s past while gaining insight into what the future might hold."
4361,rayman-origins,Rayman Origins,2011-11-15,2011,https://media.rawg.io/media/screenshots/375/375f84d018242d7519a230f623981217.jpg,4.13,86.0,2,"PC, PlayStation, Xbox, iOS, Apple Macintosh, Nintendo","Action, Arcade, Family, Platformer","Rayman Origins is a 2D platformer, the fourth main installment in the Rayman series. Set 400 years before the events of Rayman: Hoodlums' Revenge, the game follows Rayman and his friends as they disturbed an old woman from the Land of the Livid Dead and were attacked by an army of monsters. To return the balance to the world, Rayman needs to start his incredible adventure. Rayman Origins has a completely two-dimensional graphics and looks like an old-school platformer. The gameplay follows classical mechanics too, including the side-scrolling perspective and progressive combat system, that starts with simple punches and evolves to diving and self-resizing. Rayman uses different abilities to kill enemies and overcome various obstacles. To progress through the story, you need to defeat special enemies and reach the end of every level. There are also a lot of collectibles that in fact complicate the game if you want to pick them all."
4380,rock-of-ages,Rock of Ages,2011-08-31,2011,https://media.rawg.io/media/screenshots/e5f/e5fc584aefc66dec235715908eb2316b.jpg,3.5,74.0,2,"PC, PlayStation, Xbox","Action, Strategy, Racing, Platformer","Rock of Ages is a game which resembles a racing game, a Tower Defence and a platformer at the same time. It was developed by ACE Team. The game is loosely based on the myth of Sisyphus. The main objective of the player is to use a giant boulder in order to destroy the enemy castle located at the bottom of the hill while at the same time defending your own stronghold using various structures. Players can build money farms to raise the funds necessary to build defensive structures or upgrade the boulder itself. After gathering a certain amount of money it is possible to equip both defensive and offensive upgrades to the boulder. The enemies can destroy the boulder in which case the player has to wait until the boulder spawns again and proceed with the offense. The player wins if they successfully destroy the enemy's castle gates and place the boulder right in the center of the castle. There are five distinctive time periods present in the game, such as romanticism, rococo, renaissance, and so on."
4385,need-for-speed-the-run,Need for Speed: The Run,2011-11-15,2011,https://media.rawg.io/media/games/824/8244583f6d39dda76b0fce7a516d1425.jpg,3.71,66.0,6,"PC, PlayStation, Xbox, Nintendo","Racing, Arcade","• From the Golden Gate to the Empire State — Compete in The Run, an illicit race across the most iconic and treacherous roads from San Francisco to New York. • You are Jack's Competitive Edge — Keep Jack one step ahead of the dangers from his dark past, both inside and outside the car. It's up to you to get Jack to New York in one piece and ahead of the competition. • Compete in High Octane Multi-Player Racing — Pick a playlist and compete for supremacy across the United States. Join up with your friends online to earn exclusive in-game rewards. 1 player SIXAXIS Motion Sensitive DUALSHOCK®3 Network Features Network Players 2-8 Software subject to license (us.playstation.com/softwarelicense). Online features require an account and are subject to terms of service and applicable privacy policy (playstationnetwork.com/terms-of-service & playstationnetwork.com/privacy-policy)."
4387,awesomenauts,Awesomenauts,2012-05-01,2012,https://media.rawg.io/media/screenshots/4df/4df0b0812fd89af2285e683fb78f1323.jpg,3.05,78.0,7,"PC, PlayStation, Xbox, Apple Macintosh, Linux","Action, Strategy, Indie, Platformer","In the primary game mode, two pre-selected character teams battle with each other to destroy the Solar Collector of another team that is inside the enemy base. Both sides are making their way through fights, fighting live opponents, drones and turrets. Each level adds value to the capabilities of the entire team - adds strength to attacks and health. At the beginning of the game, all these indicators are equal to 1, and by the end reach 20. The game space includes health packages and Solar units - it is a currency that has circulation inside the game. The currency is added to each member of the team at each destruction of the enemy - regardless of who exactly the enemy destroyed. The accumulation of currency opens up other characters and the possibility of their customisation. Destroying the turret gives the team a super-drone, which is very useful when attacking an enemy base."
4388,battlefield-bad-company-2,Battlefield: Bad Company 2,2010-03-02,2010,https://media.rawg.io/media/games/e8f/e8f923180ecb9614ec564a15937cfd9e.jpg,4.13,87.0,7,"PC, PlayStation, Xbox","Action, Shooter","The sequel to Battlefield: Bad Company is the ninth game in the Battlefield series overall. The plot is set in an alternate history timeline, in which there's an ongoing war between the United States and Russia; and the Russians are winning. They have already conquered most of Eurasia and made Latin American Countries their allies. The protagonist is a member of Bravo-2 spec ops squad. He is tasked with eliminating colonel Arkady Kirilenko, the leader of a secret project that is about to produce a Russian superweapon that can be used to defeat the US once and for all. The rest of Bravo-2 is computer-controlled. The NPC will assist the player and are technically immortal; however, they cannot complete missions without player's actions. While most of the time you play as infantry, there are certain stages where players can drive tanks, helicopters, gun turrets and other vehicles. One of the most distinctive features of the game's Frostbite engine is that all elements of the environment are fully destructible. Besides plot-driven single-player campaign, there's also multiplayer that allows five different modes. All characters are divided into four classes: Assault, Engineer, Medic, and Recon. Medics, in particular, can speed up the health regeneration; however, lost hit points are slowly restored by themselves."
4397,battlefield-3,Battlefield 3,2011-10-25,2011,https://media.rawg.io/media/games/8bd/8bda6d876f3e241c6024022299553efd.jpg,4.07,86.0,4,"PC, PlayStation, Xbox","Action, Shooter","The eleventh game in the Battlefield series, a direct sequel to Battlefield 2. You can play for 4 characters. Sgt. Henry Blackburn, ""Black"" - the main character, the American Marine of the 1st reconnaissance battalion. Sgt. Jonathan Miller, Jono is a sergeant, operator of the M1A2 Abrams tank. Lt. Jennifer Hawkins, Colby is a lieutenant, pilot of the American F / A-18F Super Hornet bomber. Dmitry Mayakovsky, ""Dima"" - an operative of the GRU, a former fighter of the special unit ""Vympel"". The main hero is Henry Blackburn, his character is the main part of a single campaign. The missions in the game are presented in the form of memoirs of Blackburn, on whose behalf the story is being conducted. Locations - Long Island, Paris, Tehran and Iraqi deserts, Persian Gulf, Azerbaijan. The behavior of various weapons is closest to reality: recharging, portability, the trajectory of bullets, the dependence of the speed of bullets emanating from the barrel and their energy from their caliber and barrel length. The number of additional modules for weapons and the weapons in Battlefield 3 is 10 times more than in Battlefield 2."
4398,bejeweled-3,Bejeweled 3,2010-12-07,2010,https://media.rawg.io/media/screenshots/0a0/0a0561997da0dc86fcdebf1249bf0043.jpg,3.49,82.0,3,"PC, PlayStation, Xbox, Apple Macintosh, Nintendo","Strategy, Casual, Family, Puzzle","Three in a row The third part of the popular series of games in the genre three in a row, Bejeweled 3 was developed by the PopCap Games studio in 2010. The game was the fifth in the series, but the third one that received a number in the name. Originally released only on PC and Mac, but later it was ported to both consoles and mobile devices running Android, iOS, Java ME and Windows Phone. The developers called the game “the biggest Bejeweled experience available to date.” The game is available for free at partner sites. What to do? The goal of the game has not changed compared to the previous parts: the player must match three identical in color gem, which, if all is correct, they disappear. Rows of gems are constantly moving, and the game adds the random new gems on top screen. Thus, the player can launch a chain reaction and earn many points at once. What’s new? In the new part of Bejeweled, four new game modes appeared as well as new sound effects and improved graphics. However, this is true not for all versions of the game: so in the Java ME version, players have only four game modes available due to hardware limitations. There is Zen mode also in the game - a new one. There, players can customize the audio and visual components of the game and create their own meditative experience. There is no plot in the game, but you can earn 65 badges to prove the ultimate player’s skill."
4414,grand-theft-auto-episodes-from-liberty-city,Grand Theft Auto: Episodes from Liberty City,2009-10-29,2009,https://media.rawg.io/media/games/470/470d21d6971de8f13ec0e1664a120cc0.jpg,4.11,,3,"PC, PlayStation, Xbox",Action,"Grand Theft Auto: Episodes from Liberty City, as a part of the GTA franchise, offers players an open-world action with countless signs of immorality and violence. Although Episodes from LC is not a direct sequel to the series, it is slightly connected with the original GTA IV. Despite having the same game setting as in the previous GTA chapter (the action takes place in Liberty City approximately at the same time), the city itself faces some cosmetic changes. Several new details (new vehicles, weaponry and mini-games) were also added to the gameplay. The game also has better graphics and optimization. Episodes gives players an opportunity to dive into the atmosphere of crime, which Liberty City is famous for. The game includes two separate storylines: The Lost and Damned, and The Ballad of Gay Tony. In The Lost and Damned players take control of Johnny, a member of brutal biker gang The Lost, who has to fight against rival gangs for control of a city. Ballad of Gay Tony experiences playing for Luis Lopez, who tries to find himself in the world full of violence and obscenity."
4418,i-am-alive,I Am Alive,2012-03-07,2012,https://media.rawg.io/media/screenshots/c75/c7538f6d44b674b9f29919384050da2a.jpg,3.41,66.0,2,"PC, PlayStation, Xbox","Action, Adventure","I Am Alive is an action game with survival elements set in the post-apocalyptic environment. You take on the role of Adam, who lost his wife and daughter during the earthquake in Chicago. Almost a year after the accident he starts looking for them around the semi-destroyed city. Like many survival games, I Am Alive includes resource management, crafting and fighting with other survivors over the loot. The unique parameter you need to take into account is Adam’s stamina: every action reduces his powers. The game provides an extensive combat system that features several weapon types and protection items along with the ability to frighten some enemies and to avoid the confrontation. All weapons you get at certain story points or completing special side quests. The gameplay combines the survival aspect with constant fights and the necessity to explore every piece of locations in order to find useful items. As a result, I Am Alive receives the features of a tactical action genre that expand the gaming experience you get."
4420,closure,Closure,2012-03-27,2012,https://media.rawg.io/media/screenshots/405/40567fe45e6074a5b2bfbd4a3fea7809.jpg,2.92,78.0,2,"PC, PlayStation, Linux","Action, Indie, Puzzle","This game is both a puzzle and a platformer. The plot and the gameplay are based on the game with light. The player plays like a little man, who is in almost total darkness. A spot of light snatches from the darkness a small part, in which the little man can move. The space for movement is limited by a spot of light, but sometimes outside of this spot or on the border of light and darkness it is possible to move quite freely - for example, even to pass through walls or fall through floors / ceilings. Sometimes it is not enough to be in a spot of light or in darkness for movement. The path is sometimes blocked by various obstacles, or this path simply needs to be found, it is necessary to understand how and where you can move - the goal of the game is to find the final exit. Among the puzzles are the search for various keys and ways to apply these keys, finding and moving light sources and other things. The game assumes that sooner or later the player will master the relationship with the light and will be able to use this understanding to achieve the ultimate goal."
4427,bioshock-2,BioShock 2,2010-02-09,2010,https://media.rawg.io/media/games/157/15742f2f67eacff546738e1ab5c19d20.jpg,4.07,88.0,3,"PC, PlayStation, Xbox, Apple Macintosh, Nintendo","Action, Shooter","The second game returns us to the city of Rapture, on the New Year’s Eve, but this time player takes control of Subject Delta, Big Daddy, that’s been separated from his little sister and has been forced to shoot himself 2 years before the events of the first game took place. And after his awakening 10 years later, players will help to save the last sane citizens of Rapture. As seen in the previous game, the player will have access to new weapons, unique to Big Daddies, power drill and a rivet gun, alongside an array of plasmids, Tonics, and guns. Now players will be able not only save Little Sisters from other Big Daddies, and then either harvest ADAM directly, or protect them while they collect ADAM for their new guardian. Bioshock introduces a new enemy type, Big Sisters, which are extremely agile and fast versions of Big Daddies. Newly added multiplayer brings several never seen formats to the series. Aside from expected Deathmatches, the game added story-driven mode Fall of Rapture."
4439,mass-effect-3,Mass Effect 3,2012-03-05,2012,https://media.rawg.io/media/games/315/3156817d3ac1f341da73de6495fb28f5.jpg,4.4,90.0,30,"PC, PlayStation, Xbox, Nintendo","Action, RPG","Mass Effect 3 is the final part of the trilogy of the same name, created by BioWare. It is an action RPG with wide customization opportunities and several endings that depend on your choices during the game. There are side quests you can complete, and a relationship system that opens new ways to fulfill tasks and lets to romance some characters. The game follows traditions of the cosmic opera genre and features interstellar travel, space fights, and interaction with various alien races. Mass Effect 3 heavily focuses on combat; the core is shooting with a cover system and pursuits. You play as Commander Shepard (who can rather be male or female) during his fight against the race of Reapers, that invades Earth. The only hope of the world is the absolute weapon you have to create with the help of all races. The tone of the series switched to more pessimistic compared to previous games. Your actions may lead to the deaths of your friends, and this makes your choices harder. The game is followed by Mass Effect: Andromeda, however, this installment is not a direct sequel to the trilogy and follows the story of brand new characters."
4440,deus-ex-human-revolution,Deus Ex: Human Revolution,2011-08-22,2011,https://media.rawg.io/media/games/81e/81e6c6819d4322caf375b6735c3043ec.jpg,4.37,89.0,17,"PC, PlayStation, Xbox, Apple Macintosh","Action, RPG","Deus Ex: Human Revolution is the third entry in the franchise and takes part as a prequel to the original Deus Ex. To save his life, Adam Jensen, a former SWAT officer must fill his body with augmentations. Humanity has battled any threat to it and now live in a cyberpunk world of future. When a new form of augmentations must be revealed, Sarif Industries is attacked by the group called the Tyrants. When Adam tries to save the facility, group leader Namir heavily wounds Jensen and kills Megan Reed. David Sarif saves Adam's life, and he places augmentations in his body making him a supernatural human being, Jensen must investigate the problem of extremists in the modern world. One of the key features of the game is a flexible storyline. Based on your actions, the game will actually react to it by hiding some subplots or changing the main plot a little depending on your subject choices. The gameplay on its own is a stealth shooter with a big using implemented use of augmentations and experience system in order to level up your abilities."
4459,grand-theft-auto-iv,Grand Theft Auto IV,2008-04-29,2008,https://media.rawg.io/media/games/4a0/4a0a1316102366260e6f38fd2a9cfdce.jpg,4.26,95.0,10,"PC, PlayStation, Xbox",Action,"Every crime story is a story of a search for success. The player will become Niko Bellic, immigrant arriving at the Liberty City to reunite with his cousin Roman and find the man that betrayed him and his army unit fifteen years prior to the events of the game. While protecting his cousin, Niko has to deal with loan sharks, Russian mobsters, and other gangs. After the third game, GTA brought more realism to the player, in order to make the city and its people look more believable. Street vendors on every corner will sell food that replenishes health, bars with playable dart boards, bowling alleys and even comedy clubs and movie theatres. Open world will allow players not only hang out with important NPC in order to receive bonuses and unlocks but taking girls on the dates as well, to help Niko settle. Multiplayer mode allows up to 32 players to explore the copy of the single-player city and initiate multiplayer activities, like races or Deathmatches."
4465,worms-ultimate-mayhem,Worms Ultimate Mayhem,2011-09-18,2011,https://media.rawg.io/media/screenshots/fa7/fa7cd93b815b298dd0efa829b98a2aa6.jpg,3.68,66.0,2,"PC, PlayStation, Xbox","Action, Strategy","A series, that brought players several notable titles, was mostly set in 2D because artillery turn-based games have a set of mechanics that compliment the closed maps and complicated terrain. But Worms Ultimate Mayhem is a modernized remake of the different direction, taken by the Team 17. This game is a direct remake of Worms 4: Mayhem, expanding the movement mechanics to the 3D environments. Worms Ultimate Mayhem adds several features to the typical Worms gameplay. Each player controls a team of 4 or fewer worms and can control one worm at a time, moving around, using items and attacking in a set amount of time. Then after each player moved and attacked in turn with all of their characters round starts over, and the game goes until only one player or a team left. There’s an option for players to play a single player campaign and challenges, from the previous Worms 3D games, or a match against bots with an improved AI. But any Worms have multiplayer modes, both local and online, with ranked matches. Each worm team can be customized with names, voices, hats, signature weapon, taunts and tombstones. Added in-game voice chats and real-time lighting, shaders and post process effects are adding to the improved design and comfortability."
4466,catherine,Catherine,2011-02-17,2011,https://media.rawg.io/media/games/a91/a917f41bb87e4b9e7a762ac87d97a9dc.jpg,4.14,80.0,4,"PC, PlayStation, Xbox","Action, Adventure, RPG, Puzzle","Catherine is a platformer/visual novel developed by Atlus for PS3 and Xbox 360 in 2011. Plot The plot follows the adventures of Vincent Brooks, who is choosing between the two girlfriends — Katerine and Catherine with the opposite personalities. While making relationship choices throughout the daytime, Vinet is forced to participate in realistic nightmares at night. The setting of a title is two narratives folded one into another: on the outer layer, the game has TV-Show ""The Midnight Versus"" which tells the story of an inner layer — the adventures of ""Catherine"" world. Gameplay The gaming process consists of two stages, according to the protagonist's activities. While the ventures during the day resemble the usual visual novel mechanics: walking, listening to dialogues and watching cinematics pieces, the action gameplay reveals itself in the night. There Vincent has to climb a set of stairs by removing and climbing blocks to avoid traps. If he fails — the protagonist dies in real life. Reception The game journalists generally liked the game but were disappointed by the sexists and misogynistic stories found within it. The title obtained commercial success, and thus there is a remaster coming out for PS4 and Vita. The remaster was half-ready in late 2017."
4469,jak-and-daxter-the-precursor-legacy,Jak and Daxter: The Precursor Legacy,2001-12-04,2001,https://media.rawg.io/media/games/c17/c17f265300a6adca4cde82562829cd92.jpg,4.01,90.0,1,PlayStation,"Action, Platformer","The game that started Jak and Daxter series is a mixture of 3D platforming and puzzles delivered in a cartoonish visual style. Setting Jak and Daxter’s world is a distant fantasy planet. It is dominated by the ruins and technologies of an ancient civilization, the Precursors. This civilization also created eco, a type of energy that comes in different colors and can be used to various effects. There’s the dark eco that can distort life, and its Dark Sage, Gol Acheron, is going to unleash it on the world. He sent his servants, the Lurkers, to gather eco for him. Plot The player assumes the role of Jak, a mute yet troublemaking teenage boy. His best friend is a boy called Daxter. When the two explored the forbidden ruins, the Lurkers attacked them. Daxter came under the influence of dark eco and mutated into a mixture of otter and weasel he calls “ottsel.” He can still talk, however, and will comment on Jak’s actions throughout the game. Jak learns that only Gol Acheron can bring Daxter back to normal. The boy, accompanied by Daxter on his shoulder, sets out on a dangerous journey to save his friend and the world. Gameplay Much of the gameplay is centered around collecting items and resources. On each level, Jak has to obtain power cells to activate Precursors’ machines and advance to the next area. Other collectibles, such as eco particles, improve the protagonist’s attacks, health, or speed. Jak’s attacks are mostly hand-to-hand, but yellow eco allows him to shoot bolts."
4470,jak-ii,Jak II,2003-10-14,2003,https://media.rawg.io/media/games/22d/22d3ee1954aec6b965a26f4aeaefe692.jpg,4.07,87.0,0,PlayStation,Action,"Jak is back in another action-packed adventure, but he's not the same. In Jak II, experiments with Dark Eco gone wrong leave Jak with an uncontrollable dark side, and after two years in prison, Jak seeks vengeance. Accompanied by your trusty friend Daxter, unleash the dark powers on multiple enemies and witness amazing transformations. Armed with powerful weapons, a high-tech jetboard, an impenetrable mech suit, and a number of vehicles at your disposal, you have no excuse for failure."
4473,shank-2,Shank 2,2012-02-07,2012,https://media.rawg.io/media/games/a6e/a6e83e0f449883b6df57ae52b6805756.jpg,3.56,72.0,4,"PC, PlayStation, Xbox, Apple Macintosh, Linux","Action, Adventure, Arcade, Indie","The direct sequel to Shank (2010). The main protagonist, Shank, is a former mafia hitman. His home country is taken over by a military coup led by ruthless General Magnus, and Shank has no choice but to fight the regime's militia. There's also a second protagonist, Shank's childhood friend Corina. She can be played in several story missions, as well as in a newly introduced multiplayer survival mode. Corina's abilities are slightly different from that of Shank's, her moves are swifter, however, her attacks deal less damage. The game is played as a 2D side-scroller. To move forward, Shank and Corina have to defeat all enemies they encounter, using three types of weapons: piercing them with knives, smashing with a club or shooting with a gun. The weapons can be switched on a fly during the action, thus allowing a variety of combos. The gameplay has slightly changed since the original game: blocking is not allowed anymore, and dodging is the only option to evade damage. Like its predecessor, Shank 2 features a somewhat cartoonish visual style, that contrasts the quite bloody and grotesque action scenes."
4475,uncharted-golden-abyss,Uncharted: Golden Abyss,2011-12-17,2011,https://media.rawg.io/media/games/b7f/b7ffc4c4776e61eca19d36d3c227f89a.jpg,3.81,80.0,16,PlayStation,"Action, Adventure","Golden Abyss is the fourth game in the Uncharted franchise, although it’s a spin-off rather than a part of the main series. It serves as a prequel to Uncharted 3: Drake's Deception. The player controls the series’ main protagonist, the adventurer Nathan Drake. In Golden Abyss, Drake arrives at an archeological dig site in Panama alongside fellow treasure hunters Marisa Chase and Jason Dante. Before they investigate the artifacts they found, Dante betrays his partners to a mercenary leader Roberto Guerro. The villains believe that the findings can lead to Quivira, a secret city of gold. Nathan and Marisa have to escape captivity and save the artifacts from the enemy. Golden Abyss became the first Uncharted game released for a portable console, PS Vita, and it uses the console’s touch screen as part of the controls. Otherwise, the gameplay didn’t change much since the original Uncharted. It combines intricate platforming and acrobatics with the elements of a third-person shooter and puzzle-solving. One of the few features the game introduces is that Drake can use his journal and photo camera to search for clues to the puzzles and identify locations. Golden Abyss has no multiplayer options."
4477,kane-lynch-2-dog-days,Kane & Lynch 2: Dog Days,2010-08-17,2010,https://media.rawg.io/media/games/b50/b501727147644474562935f19a60134e.jpg,3.25,66.0,2,"PC, PlayStation, Xbox","Action, Shooter","One could call Kane & Lynch 2: Dog Days a modern art project and be correct. Dog Days is the continuation of infamous Kane & Lynch: Dead Men. This time the player controls Lynch - a psychopath who now lives in Hong-Kong with his love Xiu. Kane, the protagonist of the first game, comes to Hong-Kong in hopes to get some money by smuggling guns to Africa together with Lynch, but at the very beginning of the game Lynch decides to do a little job with local mafia and Kane accidentally shoots a girlfriend of influential mafia person and everyone, starting with local hooligans, police and then military turns against the two. Kane & Lynch: Dog Days differs from all the other third person shooters by its original visual style and presentation. Everything what player sees is filtered by lo-fi visual effects and so everything looks like filmed with an old and cheap digital photo camera. The screen is shaking all the time, censuring wounds of shot enemies, colors of screen drastically changes when Lynch is wounded. The rhythm of the game is insanely quick to the point where it gets surreal."
4480,mini-ninjas,Mini Ninjas,2009-09-08,2009,https://media.rawg.io/media/screenshots/157/1571cdfb52888191eabaf53c2b897240.jpg,3.5,74.0,1,"PC, PlayStation, Xbox, Apple Macintosh, Nintendo","Action, Adventure, Family","Mini Ninjas is set in a cartoonish version of medieval Japan and puts you into the role of a cute ninja. Your village was attacked by an Evil Samurai Warlord, who uses magic to turn the innocent animals into his loyal soldiers. There’s no killing and no blood; defeating your enemies will only make them disappear and return to their natural shape. There are six playable characters, although Hiro is the default protagonist. Each of the ninjas has different skills and weapons. Some of the characters can use stealth to avoid the battle or to perform a wall-jump. There are also spells that allow you to fire lightning bolts at your opponents or to turn you into an animal for camouflage and sneaking. The game is full of visual staples about East Asia, such as traditional Japanese lanterns and hats, architecture, bamboo groves, pandas, masked ninjas, and armored samurai. The “chibi” (baby-like) design of the characters, along with their comically high-pitched voices, make all these look like a light-hearted parody rather than actual stereotypes. There are also elements of Japanese mythology such as Tengu, the friendly magic bird people, who trade with the character, provide training, and offer quests."
4483,duke-nukem-forever,Duke Nukem Forever,2011-06-09,2011,https://media.rawg.io/media/games/08a/08aa92e004f13ad2d41127327314c3f9.jpg,2.87,54.0,3,"PC, PlayStation, Xbox, Apple Macintosh","Action, Shooter","Duke Nukem is a larger-than-life macho who smokes cigars, speaks in one-liners, and has a kink for hot girls and big guns. Twelve years ago, Duke defeated invading aliens and became a worldwide celebrity, but now another invasion forces him to go out of retirement. He has to save all the Earth's women, who are being kidnapped by aliens. Most weapons are the same as in the original game. However, this time Duke cannot carry all his arsenals and is restricted to only two weapons at a time. He can also use “holoduke”, a holographic version of himself, to distract enemies. Duke restores his health over time using a new mechanic of “ego bar” — a measurement of Duke’s enormous ego that needs to be bolstered. This belated sequel to Duke Nukem 3D spent 15 years in development, so it may feel like an artifact from another era. This is especially obvious from the game’s vulgar black humor. The protagonist may urinate, drink beer, and tell somewhat chauvinistic jokes about women. There's also controversial Capture the Babe multiplayer mode, based on ""capture the flag"", but instead of flags, there are girls that have to be spanked."
4490,ico,ICO,2001-09-24,2001,https://media.rawg.io/media/games/3ef/3ef0dc5bda761da51de4dcb170dcf32a.jpg,4.34,90.0,0,PlayStation,"Action, Platformer","It's a classic hit and exclusive for the PlayStation 2. Released in 2001, a minimalistic action-adventure explores a simple concept - the boy meets the girl. However, the approach of Japanese game designer Fumito Ueda made the game a real hit. The player takes control of the young boy with horns named Ico. He was kidnapped by a group of soldiers and imprisoned in a stone sarcophagus. The kidnappers plan to sacrifice him, but Ico manages to flee. During the escape, he stumbles upon a girl named Yorda speaking a different language. She is the daughter of the castle’s Queen. The mother is going to use the body of Yorda to extend her life. So begins a long road to freedom. The game has many innovative mechanics: for example, the story is told with the minimal use of words, it also used new graphics techniques never seen before on consoles. Despite the commercial failure, the game is recognized as a work of art and is considered must play for all fans of video games."
4491,shadow-of-the-colossus,Shadow of the Colossus (2011),2011-09-22,2011,https://media.rawg.io/media/games/6ac/6ac602e70c837ababdf025e997391d9c.jpg,4.25,91.0,3,PlayStation,Action,"PlayStation 2 classic that never made it out of the Sony game system. An eerie and surreal tale about sacrifice and cruelty that the world contains. Play as Wander -- young warrior that roams vast and hollow game universe that’s surrounded by sharp cliffs and endless water. He is on the mission to kill 16 gargantuan colossi all scattered around the game world. Each colossus is a puzzle and can be killed only after solving it. At Wander’s disposal are his sword and bow that helps him climb the beasts. Each one requires the player to come up with a cunning strategy to topple each behemoth. The story is told in a very ascetic way and consists of only two in-game cutscenes. Nevertheless, it helps to build up the atmosphere mystery in the game epos. Developers are no strangers in the dark, atmospheric games such as this: they also behind critically acclaimed ICO that also had been published on PlayStation 2."
4502,darksiders,Darksiders,2010-01-27,2010,https://media.rawg.io/media/games/8d4/8d46786ca86b1d95f3dc7e700e2dc4dd.jpg,3.76,83.0,3,"PC, PlayStation, Xbox, Nintendo",Action,"In Darksiders, you play as War - one of the Four Horsemen Of The Apocalypse. Two kingdoms, Heaven and Hell, could never solve their disagreements and battled each other from the beginning of time. ""The Charred Council"" arose in between two sides forming the brotherhood of Four Horsemen - War, Death, Strife and Fury. With these for horsemen on the watch and all the conflicts end, humanity has been born - a ""Kingdom of Man"". Council has created Seven Seals, that must be broken, when ""The Kingdom of Man"" will be ready for an Endwar. When our protagonist, War arrives on Earth, he sees that the final battle between Good and Evil already emerged without breaking Seven Seals. After fighting a demon called Straga, he is summoned by the council. It accuses him of destroying the balance, and that now the Apocalypse is unstoppable. Convincing the council in his innocence, War now has to stop the Endwar. Darksiders is a typical hack-and-slash game that lets you produce comboes with two primary weapons - Chaoseater and Scythe - and various gadgets. While defeating his enemies, War can execute them with brutality. The gameplay is undertoned with dark mythology bound with the present days."
4507,motorstorm-apocalypse,MotorStorm: Apocalypse,2011-03-16,2011,https://media.rawg.io/media/games/d63/d6369c10d3cff59b237f5f014fcc5475.jpg,3.61,77.0,0,PlayStation,"Racing, Arcade","MotorStorm Apocalypse is a racing game developed by Evolution Studios. It is the third installment in the MotorStorm series. Setting You take part in The Festival, an extreme racing event that takes place in a post-apocalyptic San-Francisco. The city is torn apart by devastating earthquakes. There are no civilians left in the town, apart from scavengers and the PMCs sent to maintain at least some degree of order. Gameplay The Festival consists of three categories of events which are different in their difficulty. For every race, the player has to choose a vehicle from a pre-determined class. Buggies, motorcycles, and cars are present in the game. Players are free to tune and customize their vehicles as they see fit. The game features an advanced damage model. After sustaining a certain amount of damage, the cars crash and explode. Every vehicle can use a boost for a limited amount of time. If the player boosts for too long, the car can blow up. The car's engine can be cooled off to use a bit more boost. The inhabitants of San-Fran will attempt to interfere into the races. The scavengers try to slam the racers off the road using stolen cars or shoot at them while the PMCs create additional hazards for the participants of The Festival, such as an attack helicopter. Players have to keep in mind that the city is still vulnerable to natural disasters with buildings crumbling down on their heads."
4511,brothers-in-arms-hh,Brothers in Arms: Hell's Highway,2008-09-23,2008,https://media.rawg.io/media/games/2b1/2b1a4e59f1c6f31828f32a6c4e2943c4.jpg,3.94,79.0,2,"PC, PlayStation, Xbox","Action, Shooter","Brothers in Arms Hell's Highway brings the critically acclaimed squad-based WWII shooter into the next generation of gaming with amazing graphics and sound, new cutting-edge gameplay features and a totally redesigned online component. Delivering on the franchise's compelling story, unrivaled authenticity and intense squad-based action, Brothers in Arms Hell's Highway drops you into Operation Market Garden, the largest paratrooper operation in World War II. Brothers in Arms Hell's Highway  next generation: The classic authentic, squad-based combat series explodes on next-generation hardware, offering unprecedented graphics and features. New story, new setting: Join Matt Baker, Joe Hartsock and the rest of the 101st Airborne Division in Operation Market Garden as they fight to open the infamous Hell's Highway in a daring bid for a quick end to the war. Live the life of an enlisted man: Get orders from HQ, go on patrol, spot the enemy and set up a devastating ambush. For the first time, finding the enemy before they find you is part of the challenge. Unprecedented character design: Lifelike characters look, talk, move and think with incredible realism. Game characters interact with the player and each other like true brothers in arms, trading ammunition, helping wounded allies and civilians, working together to man team-operated weapons, and more. Rich cinematic experience: As the squad leader, you interact with and get to know your brothers. Each character has his own distinct personality, unique story and background, and grows throughout the game. Powerful new units under your command: Players can use or command combined arms teams  machine gun crews create intense fire, bazooka crews destroy buildings and tanks, and mortar crews pound the enemy from a distance. Play your own way: Players can choose to use their squad to execute a tactically elegant flanking maneuver or charge in with guns blazing. Destructible cover: Keep your men moving and choose your cover wisely  modeled using real physical properties and behaviors, weapons will damage, dent, scorch and destroy the world around you. Completely new multiplayer experience: Fight major multiplayer battles with dozens of players on each side, combining all the intensity and accessibility of Deathmatch with the squad-based gameplay that helped make Brothers In Arms famous."
4513,just-cause-2,Just Cause 2,2010-03-23,2010,https://media.rawg.io/media/games/a3c/a3c529a12c896c0ef02db5b4741de2ba.jpg,3.61,84.0,3,"PC, PlayStation, Xbox","Action, Shooter","Just Cause II follows a story of Rico Rodriguez, who arrives yet on another fictional island. Previously being on the Caribbean, now he is coming to Panau - an island in Southeast Asia. This time, Rico has to overthrow the dictatorial regime with its leader, Pandak ""Baby"" Panay and confront his former mentor, Tom Sheldon. When Rico arrives at the island, he discovers three criminal gangs: The Roaches, The Reapers and the Ular Boys. In order to prevail, Rico has to fight all of the three fractions as well. One of the key features of the game is speed. This game is filled with adrenaline and ways of doing things very fastly. A wide variety of vehicles such as planes, boats, cars and other. A grappling hook is also available for the player as he can make his character fly around like Spider-Man or tie enemies to each other. There is a big choice of weaponry as well - you can have a pistol, two pistols, auto-rifles or even a grenade launcher! Having an open world map provides a player with experience do whatever they please - flying around, making missions or just discovering new things on the island."
4518,prince-of-persia-the-forgotten-sands,Prince of Persia: The Forgotten Sands,2010-05-18,2010,https://media.rawg.io/media/games/9a2/9a2e789046757af843ef0dd2a435adab.jpg,3.63,75.0,2,"PC, PlayStation, Xbox","Action, Adventure","Prince of Persia: The Forgotten Sands is an action-adventure third-person game developed by Ubisoft Montreal. It is the direct sequel to Prince of Persia: The Two Thrones. Plot The Prince decides to visit the kingdom of his elder brother Malik to train in martial arts. Upon the Prince's arrival, the kingdom is found to be under a siege. Trying to repel the invaders, Malik uses an ancient mystic medallion that frees the ancient army of Solomon. Upon breaking free, the army turns the people of the kingdom into sand statues. Only the Prince of Persia can stop the army from destroying the kingdom. Gameplay The game uses the usual Action-adventure formula where the player-controlled character traverses the level while avoiding traps, solves puzzles, and fights enemies using aerobatics and special powers. The game features a complex fighting system. As the game progresses, the Prince learns more and more skills. The player is able to control all four nature elements: fire, earth, water, and air. Using such power, it is easy to manipulate the game's environment. It is essential to combine magic skills with the fighting system in order to be most efficient in the game. As in previous games of the series, it is possible to rewind time. If the player makes a mistake and the Prince dies, the player can travel several seconds back into the gameplay. If such a thing is impossible, the player has to restart from the latest checkpoint."
4520,alice-madness-returns,Alice: Madness Returns,2011-06-14,2011,https://media.rawg.io/media/games/0b5/0b5410b1e4b3fb72696dcefbf4f1cf40.jpg,4.01,75.0,3,"PC, PlayStation, Xbox","Action, Adventure","This sequel to American McGee's Alice follows the protagonist, Alice Lidell, as she returns to the dark world of her subconsciousness, the nightmarish version of Lewis Carrol’s Wonderland. After she was released from the psychiatric asylum, Alice moved to the orphanage, where she’s being treated with the use of hypnosis. It doesn't stop her from descending again into the grotesque realm of disturbing visuals, creepy music, and absurdist logic. She will again meet the Cheshire Cat, the Mad Hatter, the Caterpillar, the Queen of Hearts, and many other darker versions of Carrol’s whimsy characters. Her journey through the Wonderland serves as a metaphor for Alice fighting her own madness. The game is played in the third-person view. On her way, Alice will jump the platforms, solve puzzles, and fight enemies. The combat system allows for a seamless flow of attacks, dodges, and combos. Besides her trademark Vorpal Blade, Alice will use other, somewhat surreal weapons, such as Teapot Cannon, Clockwork Bomb, or Pepper Grinder. In the sequel, Alice gains a new ability called Hysteria that can be activated when her health is the lowest."
4523,red-faction-armageddon,Red Faction: Armageddon,2011-06-07,2011,https://media.rawg.io/media/games/395/395ad028483d6cd9076b746a3eec993d.jpg,3.03,75.0,2,"PC, PlayStation, Xbox","Action, Shooter","Armageddon - the fourth part of the game Red Faction. The action takes place on Mars. Mars is colonised and inhabited thoroughly, but the device for creating an artificial atmosphere is captured by a group of unbalanced scoundrels. Colonists have to move under the surface, where for some reason there is air. This is a setting. We meet the hero pursuing his own tasks - he is looking for treasure in a dungeon under someone else's order. But instead of gold and gems, he discovers a device of an incomprehensible purpose. The hero contacts the customer and receives an order to blow up the found structure. The explosion leads to the awakening of a race of monsters, like giant insects, which begin to briskly destroy the colonists. And the hero now has to kill the monsters. Armageddon sets a new level of the Red Faction game. The important novelties: More opportunities to break through the walls. The hero gains additional energy from destroying something. The hero gets a device that can collect back the destroyed objects. Sometimes the hero finds a fighting robot, sits down in it and literally tramples the enemies."
4535,modern-warfare,Call of Duty 4: Modern Warfare,2007-11-05,2007,https://media.rawg.io/media/games/9fb/9fbaea2168caea1f806546dfdaaeb1da.jpg,4.39,92.0,5,"PC, PlayStation, Xbox, Apple Macintosh, Nintendo","Action, Shooter","The fourth installment of a popular series, Call of Duty 4: Modern Warfare is split into two different, gameplay-wise, parts. The single-player campaign invites players to go through the episodic story, where players control six different characters. And even though the stories are taking place in different locations, the events of the campaign are happening simultaneously, creating the sense of urgency and painting a large-scale picture of the events. Multiplayer side of things in the Call of Duty series has been more popular among the players. A lot of features, not present in the single-player campaign, will be available to the player, such as a killstreak mechanic, that rewards players for killing multiple enemies without dying. Multiplayer maps consist of team-based and deathmatch based game modes, where players take on the objectives in order to complete the map mission or to obtain the largest amount of kills. Depending on how well the player does, they will be rewarded with experience points, which will allow them to level up and unlock new weapons, abilities, and perks for the playable classes."
4544,red-dead-redemption,Red Dead Redemption,2010-05-18,2010,https://media.rawg.io/media/games/686/686909717c3aa01518bc42ae2bf4259e.jpg,4.43,95.0,7,"PlayStation, Xbox, Nintendo","Action, Shooter","Red Dead Redemption is a third-person open-world adventure game which implements the Wild West at its best: it is very much GTA-clone but in bizarre stylistics and the very beginning of the twentieth century. This is the second title of a franchise, being preceded by Red Dead Revolver and followed by Red Dead Redemption 2 coming out in late 2018. We play as John Marston who gradually takes down and take out criminals and those, who crosses his path. Among the combat mechanics, the most interesting one is ""Dead Eye"" — it allows one to point multiple targets out in slow motion and then shoot them simultaneously. The game features 16-players multiplayer and cooperative and also has zombie DLC — Undead Nightmare. Additional content adds two modes to the original game: undead overrun in which you have to survive an infinite amount of zombie waves, and Land Grab in which player has to defend the particular piece of land to gain control of it."
4550,dead-space-2,Dead Space 2,2011-01-25,2011,https://media.rawg.io/media/games/ae1/ae1518c3dc1e847344661905fd2a8d16.jpg,4.37,87.0,5,"PC, PlayStation, Xbox","Action, Shooter","Dead Space 2 is a third-person action shooter including both survival and horror elements. The game is a direct sequel to the first chapter of the Dead Space franchise. The game is set in the space environment of the future. The story of the second part begins in 2511, 3 years after the events held in the first game. The main character Isaac Clarke is awakened after 3-year coma (after the escape from Aegis VII) in an insane asylum in the Sprawl on Titan. A soon as the event pace raises and antagonists start pursuing him to get his brains (for building a new Marker), Isaac realizes his only goal – the destruction of the Marker. Players are offered to join the protagonist’s space adventures to complete his main mission and to force a Necromorph outbreak. As in the previous part, Isaac uses a special Resource Integration Gear – special suit, which displays important in-game parameters including health and oxygen level (required for vacuum spaces), and which also serves as a gameplay HUD. In case if one of the scales reaches the zero point, Isaac will die, and the game will be restarted from the last checkpoint."
4555,bloodrayne,BloodRayne,2002-10-15,2002,https://media.rawg.io/media/games/1ef/1ef64727a174dbc6c03ce26bf1ab2fae.jpg,3.91,65.0,4,"PC, PlayStation, Xbox, Apple Macintosh, Nintendo","Action, Shooter","In the years between the World Wars, Agent BloodRayne works as a killing machine for The Brimstone Society--a top secret fraternity that hunts down and destroys supernatural threats. Two missions, five years apart, turn out to be connected by one man. For years, this man has been searching the world for powerful occult relics to bring Germany into a new age of domination. Rayne must face his elite Nazi army and prevent them from releasing horrific creatures in their quest for the artifacts. Starring the super-sexy, super-lethal, supernatural heroine BloodRayne, this original action horror game unleashed the red headed dhampir on the world."
4560,hydrophobia-prophecy,Hydrophobia: Prophecy,2011-05-09,2011,https://media.rawg.io/media/games/386/3869a2540b5fd39776fd640686610d05.jpg,2.7,64.0,1,"PC, PlayStation","Action, Shooter, Adventure, Strategy, Indie","Hydrophobia Prophecy is an improved version of the game Hydrophobia, designed for the PlayStation 3 and Steam. Hydrophobia Prophecy includes both new levels (updated approximately 70% of the content) and levels already exist, but have undergone significant processing. Both the original and the reworked version of the game are created as part of the action-adventure genre with elements of survival horror in the cyberpunk style. Place and time of action The game takes place in the middle of the XXI century. By this time, the world is plunged into chaos caused by great overpopulation. Lands suitable for food production are destroyed by rising ocean levels and the spread of deserts. Hunger and misery reign in the world. The most precious resource of humanity in these conditions is simple drinking water. The game takes place on board a giant cruise liner comparable in size to the city. The liner is called Queen of the World, it was built by a group of giant corporations to create comfortable conditions for the elected representatives from among the managers of these corporations. History At the very beginning of the game, a group of terrorists is attacking and seizing a ship. The terrorists call themselves ""Neo Malthusians"" (after the economist Thomas Malthus, who predicted the death of humanity from overpopulation). They plan to kill many people so that the world will return to a state fit for a full life. Attacking the liner, the terrorists painted the walls with their slogans, the same slogans are broadcast on screens all over the ship. One of the slogans: “Save the World - Kill Yourself!”. The terrorists are attacking a diner to get a tool for global genocide, killing about 10 billion people - such tools are in the secret laboratories of one of the Five Corporations located on the liner - “NanoCell Corporation”. The protagonist, system engineer of the ship Kate Wilson, was responsible for the safety of the liner - when as a result of an attack by terrorists the ship begins to sink, Kate seeks to survive and tries to prevent the terrorists. What she needs for this, too, is in these secret laboratories. Gameplay One of the creators of the game described the gameplay as a “player against the environment”, meaning, first of all, water - water constantly interacts with everything it comes in contact with, and it gives an incredible variety of situations, sets of options for changing circumstances. Water floods the liner, constantly changing the configuration of spaces suitable for action and movement. The player must constantly adapt to this and respond quickly. Other characters can also affect the situation, and this effect also leads to a redistribution and movement of water. Water may involve other objects and substances in its actions — for example, a gasoline stain that has spread through water may ignite and burn, while water carries these fiery stains throughout the ship. The action can occur both on the surface of the water and in its thickness. HydroEngine, an engine capable of solving this problem with unprecedented realism, was created to simulate flowing water in all its variety for the game."
4561,mortal-kombat-vs-dcu,Mortal Kombat vs. DC Universe,2008-11-16,2008,https://media.rawg.io/media/games/292/292afefcb3b93a82395b9f12a21028f2.jpg,3.26,74.0,9,"PlayStation, Xbox","Arcade, Fighting","For the first time ever Scorpion, Sub-Zero and the Mortal Kombat warriors battle with Batman, Superman and other popular DC Universe Super Heroes. Choose your side and challenge your opponents with a new fighting system including Freefall Kombat and Klose Kombat along with dynamic multi-tiered environments. Plus, pick your favorite character from MK or DCU and pursue a fighting adventure in the new single player mode with an intertwined storyline and two unique perspectives."
4569,worms-crazy-golf,Worms Crazy Golf,2011-10-18,2011,https://media.rawg.io/media/screenshots/770/77073b0bdeed847fdaad4f58175bc898.jpeg,2.58,73.0,1,"PC, PlayStation, iOS, Apple Macintosh","Action, Strategy, Sports, Arcade, Casual, Puzzle","A golfing spin-off in the famous Worms series. Worms Crazy Golf - it's a familiar mix of the main series gameplay and classic golf transforming the latter into turn-based madness. Now the main goal is not to destroy all of the enemy’s worms. The goal is to get into the hole with fewer strikes. The game is a continuation of the mobile-exclusive Worms Golf and adaptation of the format on the PC. The player takes control of the worm, which appears on the 2D battlefield. The goal is to drive the ball into the hole. Sometimes on the way, there are explosive sheep that explode to shreds in a collision and other obstacles to overcome. Visually, the game is reminiscent of the game series of the era of 2D Worms 2: Armageddon and Worms Reloaded. For a single completion, there are 3x 18 holes courses all with its own visual style and challenges. As well as 15 challenges without complete courses. Also, there is multiplayer available for up to four players on the same device with the alternate right of turn. Worms can be customized to your taste. To do this, you must earn in-game cash to spend it on cosmetic items."
4570,dead-space,Dead Space (2008),2008-10-13,2008,https://media.rawg.io/media/games/ebd/ebdbb7eb52bd58b0e7fa4538d9757b60.jpg,4.38,86.0,3,"PC, PlayStation, Xbox","Action, Shooter","Dead Space is a third-person shooter with horror elements. Playing as Isaac Clarke, the systems engineer, players will be isolated on the spaceship USG Ishimura after the crew was slaughtered by mindless Necromorphs after the failed investigation of the distress signal. Now Isaac not only has to escape but uncover the dark secrets of Ishimura, while looking for the clues about the whereabouts of his girlfriend Nicole. Dead Space accents the survival aspect of the game, by keeping minimal UI and keeping HUD on the armor, making sure that the players can see the corners of the screen. Only weapons Isaac has access to are his engineer tools, which can all be upgraded with the limited supplies. Dead Space introduces a new variant of zombies called Necromorphs, that are highly mobile and instead of aiming for the head, players will be asked to attack the limbs, in order to incapacitate and slow them down, eventually killing them."
4571,dungeon-defenders,Dungeon Defenders,2010-12-16,2010,https://media.rawg.io/media/screenshots/321/3213f56333ca5e92a620f41bd3365637.jpg,3.32,81.0,8,"PC, PlayStation, Xbox, iOS, Android, Apple Macintosh, Linux","Action, RPG, Strategy, Indie","Dungeon Defenders is a multiplayer Tower Defence/Action RPG hybrid game developed by Trendy Entertainment. Once upon a time, a battle with the forces of evil came to Etheria. Titans known as the Old Ones were defeated with their power being locked away inside Eternia Crystals. Bored apprentices decide to play with the Crystals and unleash the evil forces once again. The game currently has 12 different classes to choose from. Each class has a unique playstyle. For example, the Adept is a good tower character while the Countess is a tank. The players have to fight off the hordes of enemies. In order to do it, the players have to build up defenses which are different for each class. Players can also upgrade their equipment and get new weapons and armor. It is also possible to summon a personal pet which grants a buff to characters abilities and can repair the defenses. Every game mode is playable in both multiplayer and singleplayer, yet some events are online-only."
4573,payday-the-heist,PAYDAY The Heist,2011-10-18,2011,https://media.rawg.io/media/games/546/546cf59a24b0ae308e311a07611ca22f.jpg,3.34,76.0,4,"PC, PlayStation","Action, Shooter","PAYDAY The Heist is a dynamic co-op shooter that allows players to assume the role of a bank robber and to try on the criminal life from the first-person view. This game is the first part of the PAYDAY series and the beginning of the story of four outlaws – Dallas, Hoxton, Chains and Wolf. The gameplay is about completing 6 different heists throughout America alone (with bots) or in a team (up to 4 members). Each robbery could be carried out in two separate ways: players should decide whether stealth or a breakthrough attack is more suitable and prepare all the ammunition properly in advance. The squad of criminals searching for another “big score” is set up against easy-to-manipulate civilians and powerful police forces, so players are to try their best to prevent the alarm signals and not to face armed resistance. However, if the heavy combat begins, the best option will be to keep shooting countless enemies down till the money is in the bag and the heist is over."
4581,crysis,Crysis,2007-11-12,2007,https://media.rawg.io/media/games/90f/90fd5e569bc4c4a666c588a732124908.jpg,4.0,91.0,3,"PC, PlayStation, Xbox","Action, Shooter","The game that started the popular Crysis series. You control a member of Delta Force special military squad, codenamed Nomad. Your squad was sent to rescue a group of American archeologists who are about to be imprisoned by North Korea. The archeologists recently made a world-changing discovery that needs to be protected by any means. Soon it turns out your real enemy is not North Koreans, but rather something not from this world. The plot is told partly through cutscenes, but mostly through in-game events that the player participates in. All Delta Force soldiers are equipped with super-powered futuristic Nanosuits, which are the trademark feature of Crysis series. The Nanosuits provide four types of powers that can (and should) be switched on a fly during battles. ""Strenght"" enhances the wearer's abilities in melee combat, ""Armor"" protects him from the damage, ""Speed"" allows you to move faster, and ""Cloak"" renders you almost invisible to opponents. Besides the story mode, there are two multiplayer modes that allow up to 32 players to participate. Instant Action mode is a traditional deathmatch, while Power Struggle mode features two teams (designed to look like American and North Korean) trying to destroy each other’s bases."
4582,eufloria,Eufloria,2009-10-20,2009,https://media.rawg.io/media/screenshots/354/35415d87481388c8632a299ce2a97bbf.jpeg,3.39,,1,"PC, PlayStation, iOS","Strategy, Puzzle","In Eufloria, the player controls trees that grow in the outer space. It was inspired by a scientific theory put forward by the famous astronomer Freeman Dyson and was initially called Dyson in his honor. Premise The player oversees the breeding of a plant, called Dyson tree, that can grow on comets and asteroids in the vacuum of space. The tree produces seedling that can be used to spread the species to many planetoids. According to the game's backstory, the trees try to make the planets habitable for an ancient extraterrestrial race called Growers who created the trees. They have to fight against a rival species, the greys, who are the evil, mutated version of Dyson trees. Gameplay The game is divided into levels. At the beginning of each level, the trees already inhabit an asteroid. The goal is to spread the trees to other asteroids. The seedlings are the units the player directly controls. They can be used to defend the trees from the enemy seedlings. They can explore the space to find new planetoids. It takes ten seedlings to start growing a tree on a planetoid. Larger asteroids take more time to grow a tree on. However, they eventually reward the player with better seedlings that move faster and have a wider range. Style Eufloria is very minimalist in its visuals. All of its elements are composed of simple geometric shapes. The game is set to equally minimalistic ambient music."
4587,sega-bass-fishing,SEGA Bass Fishing,2008-02-26,2008,https://media.rawg.io/media/screenshots/d62/d622d45529472fe92bcabd1ecad06fda.jpg,2.76,,1,"PC, PlayStation, Xbox, Nintendo","Action, Simulation, Sports, Family","Explore the exciting sport of Bass fishing! Based on the Dreamcast hit, motor out to eight different fishing locations to catch the biggest and baddest Bass possible! Choose between fourteen different lures, and compete in four tournaments. Start off as an amateur, and work your way up to the pros in the Masters Classic tournament. Get hooked! Features Hone your fishing skills: Variable weather and water conditions will affect the fishes’ behaviour, so you’ll need to master a wide variety of special lures and angling techniques to catch the one that got away. Are you fishing in the morning? Try a surface lure. Is it hot out? Better drop to cooler water."
4588,shift-2-unleashed,SHIFT 2 UNLEASHED,2011-03-08,2011,https://media.rawg.io/media/games/4e1/4e17decb011b8650d91f208924ad03b3.jpg,3.53,84.0,2,"PC, PlayStation, Xbox",Racing,"Shift 2: Unleashed (Unleashed) Need for Speed: Shift. The sequel expands on many aspects that were introduced in the original. The game offers 148 cars from 36 manufacturers and 35 different tracks on which players can compete in several types of races. The game is not overloaded with plot details, not directly related to car racing. The main character is a novice racer who wants to become a champion - and that’s it! The same approach is seen in many other characteristics of the game. In particular, in the organization of management and in the system of admission to the following levels. Much has been done in these things easier than one might have expected. You need to control different cars in different ways, in full dependence on engine power, front or rear wheel drive, as well as on tuned systems installed on the car, parts and corresponding settings. Even one detail can significantly change the ride. The racetracks in the game do not always repeat their real prototypes. However, all changes in the configuration of the tracks are undertaken in order to make the game more interesting. Innovations Among the main innovations of the game are: an in-helmet camera, a hot dog. 'Helmet-camera' - allowing you to observe the game through the eyes of a car pilot. The image of this camera, respectively, is completely dependent on the movement of the pilot's head during the race. The camera shakes, tilts when cornering, jerks forward in collisions. And if the car goes at high speeds, the image of the camera simulates the blurring of the field of view, typical of the human vision in similar situations. Finally, if the car and the pilot get into such an accident, in which the camera should break, it breaks and the player’s point of view returns to normal observation. Training Hey, it’s not a bad idea. champion. In the career mode, players learn driving skills from reputable teachers, with a total of about ten world-class instructors in the game. For example, Vaughn Gittin, a Formula D Champion talks about the career of a pilot in general, how to customize the car, Autolog, teaches how to drift."
4599,saints-row-2,Saints Row 2,2008-10-14,2008,https://media.rawg.io/media/games/10d/10d19e52e5e8415d16a4d344fe711874.jpg,3.56,78.0,2,"PC, PlayStation, Xbox, Linux","Action, Shooter","Saints Row 2 brings true freedom to open-world gaming. Players can play as who they want, how they want, and with whomever they want in this sequel to the much acclaimed and tremendously successful Saints Row. Set years after the original, the player finds himself in a Stilwater both familiar and strange and challenged with bringing the Saints back as the rightful kings of Stilwater and bringing vengeance to those who wronged him. • Limitless Customization - Play as fully customizable characters that are male, female or something in between. - Vehicles can be visually customized as well as performance tuned. - Cribs and even gangs all have an amazing degree of detailed customization options. • Multiplayer - Co-op full story campaign has seamless integration (for example one player drives while the other shoots). - Competitive MP pushes the boundaries of immersion in a living Stillwater environment fully populated with police, innocent bystanders and rival gangs. • Killer Combat and Awesome Vehicles - Planes, helicopters, motorcycles, boats and cars can be piloted and used as weapons. On the ground new combat options include melee, fine aim, and human shield. • Freedom to Explore - More missions, activities, diversions, races, weapons, vehicles, cribs, city districts, and interiors than ever before. Over 40 story missions with additional bonus missions take place in a transformed Stilwater that is over 50% larger than before."
4602,bulletstorm,Bulletstorm,2011-02-22,2011,https://media.rawg.io/media/games/b42/b42b05096de6668833bbab38f6099c6a.jpg,4.08,83.0,4,"PC, PlayStation, Xbox","Action, Shooter","Bulletstorm is an FPS developed by People Can Fly and Epic Games. The game is set in the 26th century, where the universe is run by the Confederation. The player controls the commander of a black ops unit Grayson Hunt who went rogue after realizing that the unit was tricked into killing civilians by its' superior, General Sarrano. 10 years pass when Grayson and his team come across Sarrano's cruiser, attempt to destroy it and crash land on a surface of a planet called Stygia which used to be a tropical-like resort. The game focuses heavily on combat and features a scoring system named Skillshot. Players gain points for every kill, the more creative the murder is - the more points one gets. Environmental kills are valued the most. Points are used as currency that can be used to upgrade your weapons, buy new ones or get ammunition. Players can carry three weapons with the assault rifle being the default one and can always be found in one's inventory. There is no competitive multiplayer in Bulletstorm, but co-op and score attack modes are available. On release, the developers made fun of other games in the marketing campaign. The dark humor was one of the defining aspects of Bulletstorm."
4606,from-dust,From Dust,2011-07-27,2011,https://media.rawg.io/media/screenshots/b84/b84bb83fc1a6cff1091c19210d8e11fe.jpg,3.45,76.0,2,"PC, PlayStation, Xbox","Adventure, Strategy, Simulation","Key features The game, created by Eric Chahi, was developed and released by Ubisoft in 2011 for consoles like Xbox 360, PlayStation 3 and PC. The game is often considered as the successor to the late eighties game Populous. The game develops it plot around mysterious being The Breath, which was called by the natives to return long-lost knowledge. The player takes control of the mouse cursor. It can influence different substances and elements like lava, earth or water. The player has the opportunity to help the natives overcome everyday problems, for example, with the search for totems or with the elimination of the consequences of the typhoon. Developer’s return The game originally supposed to be a real-time strategy and the return project for Eric Chahi to the company after a study break. The transformation of matter in the game is quite elaborated: lava can cool down to the state of stone, plants grow only on fertile soil, various weather conditions and cataclysms are simulated. The player controls a spherical cursor that is able to change matter and thereby help the natives. Structurally, the game consists of several missions that are linked together by a single story about a tribe of islanders and their quest for finding lost knowledge. The game has two modes: Story and Challenge mode."
4612,renegade-ops,Renegade Ops,2011-09-13,2011,https://media.rawg.io/media/games/31b/31b1a1a45ad7103e52eed8ef658209a2.jpg,2.98,76.0,2,"PC, PlayStation, Xbox","Action, Shooter","A rare opportunity to so wholly quench the thirst for total destruction. The game understands this desire and does everything to make it happen. Yes, there is a story in the game, but the main thing is that there are tremendous opportunities to see on the screen a bright consequence of all your destructive impulses. Your small car or helicopter rushes around the locations, bringing down the streams of fire. The game reality is repeatedly and colourfully detonated from every touch. The game continually offers more and more appetising victims - cars, flying and swimming devices, limousines and buildings, which can be destroyed entirely or in pieces, inflicting wounds one by one or killing with one blow. It is clear that you are busy with all these mass destructions so you cannot observe the rules of the road - the game is favourably treated with the manner of your car to fly into a skid or to demolish fences not only by guns but also by bumpers. Navigation and management are also skillfully designed - and intended to not to distract you from the massacre."
4618,skydrift,SkyDrift,2011-09-06,2011,https://media.rawg.io/media/screenshots/c9d/c9df100a9ee75f0ec510aa7262cd17b4.jpg,2.81,73.0,1,"PC, PlayStation, Xbox","Action, Racing, Indie","Get closer than ever before to the world of adrenaline pumping sky-racing where flyboys can test and master their flying and combat skills against the deadliest opponents! Admire amazingly detailed terrains. Unlock state-of-the-art planes and personalize them with unique racing skins. Be the first on the single and multiplayer challenges, where possibilities are limited only by your own imagination. The goal is simple: If you can’t overtake them, shoot them down! Key Features: Eight Modern Planes to Fly: Choose from eight modern, state-of-the art airplanes turned into killing machines, each with four different skins for a total of 32 unique racing skins. Six Power-ups! Capture up to two different powers in your plane’s arsenal, then collect upgrades to increase the strength of those existing powers. Strategy becomes key as you must choose which powers to keep, which ones to upgrade and which ones to convert into Boost energy Stunning Visuals: Race through scenic venues like the Grand Canyon, Alaskan Terrain and Hawaiian Islands, created with beautiful, vibrant colors. 8-person Multiplayer: Take your friends down online in this fast and furious battle. Three Unique Game Modes: Power Race Mode is high-speed racing paired with power-ups; Speed Race Mode where players navigate the course through ring targets that accelerates plane speed and Survival Mode where pilots race against the countdown clock and each other."
4639,dragon-age-origins,Dragon Age: Origins,2009-11-03,2009,https://media.rawg.io/media/games/dc0/dc0926d3f84ffbcc00968fe8a6f0aed3.jpg,4.39,91.0,7,"PC, PlayStation, Xbox, Apple Macintosh",RPG,"Dragon Age: Origins is the first game in BioWare’s RPG franchise Dragon Age. The game is considered to be the spiritual successor of BioWare’s classic fantasy RPG titles like Baldur’s Gate and Neverwinter Nights. Developers describe the game's setting as a mix of high fantasy and low fantasy. The storyline is centered around the event known as Blight, which occurs once in several hundred years and marks the demonic invasion in the world of Thedas. The player creates its character by choosing its appearance, class, and race. There are 3 and three races in Dragon Age. The classes are the warrior, mage, rouge, and races are human, elf, and dwarf. The combination of class and race determines the character’s background story and the beginning of the game. The interaction between the player, his teammates and NPC’s is an integral part of the game. The game’s storyline often makes the player take moral decisions which affect his later interaction with characters and the game world in general."
4666,beyond-good-evil-hd,Beyond Good & Evil HD,2011-03-02,2011,https://media.rawg.io/media/games/ef7/ef7bba3e29e62812de74da19f4ff2621.jpg,3.92,84.0,1,"PlayStation, Xbox","Action, Adventure","Beyond Good & Evil HD is a High Definition remastered version of the original Beyond Good & Evil released eight years after the original story-driven action-adventure. There is no series for it to be a part of, but the trailer for the prequel was shown at E3 2017. Gameplay The player follows a quest of Jade guiding her through the multiple levels which one can explore to their liking, but cannot change the order of the levels to come. One of the core elements of the game is puzzles the main point of those in search of the required evidence and photographing them. There are also fights — Jade possesses melee and ranged weapon and can also engage other, AI-controlled characters to aid her in battles either weakening or finishing off the enemies. Story The setting is 2344, the planet Hillys which is populated by an anthropomorphic mix of humans and animals. Jade is a freelance photographer whose goal is to capture the investigations within one of the Hillys prefectures. Pey'j is the uncle of Jade who is constantly defending her and aiding her in the battles. Remaster features Among the changes made into the HD version one may spot the FullHD resolution, thus the naming, and higher-polygon textures as well as improved sound. There is no any additional content added to the game."
4671,infamous-2,inFAMOUS 2,2011-06-07,2011,https://media.rawg.io/media/games/c97/c979baea7e59e0bc857c0836052373dd.jpg,4.13,83.0,13,PlayStation,"Action, Adventure","inFAMOUS™ 2 is the 2nd chapter in one of the best selling franchises for the PS3™ system. Blamed for the destruction of Empire City and haunted by the ghosts of his past, Cole must make a dramatic journey to discover his full super-powered potential and face the final confrontation with a dark and terrifying enemy from his own future. True Superhero Experience Discover what it means to be a true superhero with epic boss battles and powerful cinematic sequences. Advanced Super Powers Experience enhanced electrical attacks, a visceral melee fighting system and new super powers. All-New Open Dynamic World Explore a vibrant world of New Marais with increased interactivity and destruction using dynamic parkour moves. New Karma System All new morality system gives players freedom of choice and leads to 2 different endings User Generated Content Create your own inFAMOUS™ levels and share them with the rest of the PSN community. Please Re-enter Text Here Software subject to license (us.playstation.com/softwarelicense). Online activity subject to Terms of Services and User Agreement (www.sonyenteretainmentnetwork.com/terms-of-service)."
4676,outland,Outland,2011-04-26,2011,https://media.rawg.io/media/games/f80/f805774c679cca1a1a472d9ac39c78b7.jpg,2.9,83.0,3,"PC, PlayStation, Xbox, Apple Macintosh, Linux","Action, Adventure, Indie, Platformer","A person from our time experiences visions of the past - and thinks he is sick. Medications do not help, he turns to the shaman. The shaman understands what is going on and talks about the battle that happened 30,000 years ago. The battle between the great hero and the two Sisters of Chaos. One of the Sisters controlled the Light of the Sun, and the other - the Darkness of the Moon. The sisters lost the battle, and the hero imprisoned them. The shaman sees that a person with visions is an incarnation of the hero, and visions can mean that the Sisters managed to escape from prison. Now the hero has to fight the Sisters again. The path to the Sisters lies through several areas. Each area is protected by a Protector. Protectors were independent, but now they are bribed by Chaos and serve Chaos. There are numerous and different beings born from the energies of Light, Darkness or others. These creatures are trying to block the path of the hero. The gameplay arises as the use of the energies of Light and Darkness. The energies of Light are deadly to the creatures of Darkness and vice versa. The game ends when the Sisters are again defeated and will see the beauty of the world and stop wanting to destroy it."
4678,streets-of-rage-2,Streets of Rage 2,1992-12-20,1992,https://media.rawg.io/media/screenshots/9fb/9fb2f64404aeb409632ab479f2f51443.jpg,4.1,,6,"PC, PlayStation, Xbox, iOS, Android, Apple Macintosh, Linux, Nintendo, SEGA","Action, Arcade","After Axel Stone, Blaze Fielding and Adam Hunter destroyed the evil Syndicate leader, Mr. X, the city became a peaceful place to live, and each one of them followed their own paths. One year later, after their reunion, Adam's brother Sammy returned from school to find their apartment in a mess, and Adam nowhere to be seen, and after calling his two friends, one of them notices a photo of Adam chained to a wall, next to someone they knew very well - Mr. X, who returned to turn the peaceful city once again into a war zone. Now, Axel, Blaze, Sammy, and Axel's good friend Max, a pro wrestler, must head out to stop Mr. X once again...hopefully for good... Streets of Rage 2 differs from the previous title in several ways. There are changes in both graphics (characters now are bigger, more detailed and with more animation frames, and scenarios are less grainy) and gameplay (the rocket move was replaced by a special move that doubles in offense and defense along several new moves), along other new features such as life bars (and names) for all enemies and the radically different new characters."
4679,tcs-graw2,Tom Clancy's Ghost Recon Advanced Warfighter 2,2007-03-06,2007,https://media.rawg.io/media/games/571/571f17c2ace00aeeef54d234bb23b91f.jpg,3.42,82.0,1,"PC, PlayStation, Xbox","Action, Shooter, Strategy","It’s 2014, and the soldiers of the future return to encounter a new threat along the recently completed wall on the U.S./Mexico border. The Ghosts are more powerful with an upgraded Integrated Warfighter System but have only 72 hours to assess the threat and stop the rebels. With a border that’s 1,900 miles long and an enemy that doesn’t play by the rules, this is a job for the U.S. military’s most elite fighting unit, a job for the Ghosts. • All-new battlegrounds- Defend U.S. soil from cross-border attacks. • Deploy future technology- Command lethal air strikes with jet fighters and more! • The revolutionary new Cross-Com 2.0 will allow players unprecedented precision in developing and issuing tactical plans on the battlefield. • Dynamic lighting and shadows- Optimize your assault around real-time day/night cycles and changing weather. • Online multiplayer action! Download, play and own the full game today! Software subject to license (us.playstation.com/softwarelicense). Online activity subject to Terms of Services and User Agreement (www.playstationnetwork.com/terms-of-service)."
4700,dantes-inferno,Dante's Inferno,2010-02-05,2010,https://media.rawg.io/media/games/cdd/cdd4b6cf03ac7ebf7460b0d82f9aaa09.jpg,3.92,75.0,23,"PlayStation, Xbox","Action, Adventure","Dante's Inferno is a slasher role-playing game developed by Visceral game. Plot The game is loosely based on the Divine Comedy by Dante Alighieri. The players control Dante, a veteran of crusades, looks for his beloved Beatrice who got taken by Lucifer. As Dante descends deeper into Hell, he has to face more and more horrific creatures, his own sins and the dark history of his family. Gameplay The gameplay of Dante's Inferno is similar to most slayer games. The core mechanics of the genre are to control a character who traverses different locations and eliminates every enemy they find on their path (demons in this case). The protagonist's weapons are long-ranged, allowing for the mass murder of their enemies. The boss battles in the game are heavily inspired by God of War, where the player firstly fights with the boss and later uses a quick-time event to finish their enemy off. Multiple platforming puzzles are present in the game. The levels itself consist of multiple interconnected platforms. There are numerous spots where the players have to jump to, not without using their weapons on several occasions. Two weapons are present in the game: the Death's Scythe and a Holy Cross, which differ both in their usage and their role in the game's character progression system. Both weapons have their own upgrade trees which require souls. Souls can be acquired by killing enemies with one of the weapons."
4724,puzzle-agent,Puzzle Agent,2010-06-30,2010,https://media.rawg.io/media/screenshots/332/3327c47e0abc76882fc96c434d2e06bd.jpg,3.16,70.0,2,"PC, PlayStation, iOS, Apple Macintosh","Adventure, Casual, Puzzle","When White House inquiries to the Scoggins Eraser Co. are answered only with curious puzzles, Nelson Tethers from the U.S. Department of Puzzle Research is sent on the case. The strange events in Scoggins will challenge every ounce of Tethers’ expertise, and possibly his very wits too, with brainteasers at every turn: mazes, logic puzzles, riddles, and more. He soon realizes that these - along with the clinically pre-occupied townspeople, secret societies, and peculiar sounds from the forest - are intimately connected to the core mystery. And what's with the gnomes? Created with indie comic artist Graham Annable's unique narrative and visual sensibilities, delivered with the distinctive Telltale storytelling style, Puzzle Agent is sure to challenge, thrill and engage in more ways than you can shake a cryptogram at! Plentiful puzzles to challenge your neurons. See if you can find every puzzle to solve the mystery of Scoggins -- mazes, logic, riddles, brainteasers and more. Investigate the strange, peculiar and mind-boggling to crack the case! Your discoveries provide clues to the larger mystery crippling the town, or uncover puzzles that must be solved to reveal answers ... or even more questions. Hunting for Hints: Chewing gum helps Agent Tethers think and solve. Find and collect gum wads around the town to uncover hints if you get ""stuck"" in any puzzles."
4729,assassins-creed,Assassin's Creed,2007-11-13,2007,https://media.rawg.io/media/games/0bc/0bcc108295a244b488d5c25f7d867220.jpg,3.91,80.0,5,"PC, PlayStation, Xbox",Action,"The game takes place in 1191. In the present time, 2012, bartender Desmond Miles, the main character, kidnapped by the Corporation ""Abstergo industries"", which with the help of a machine called ""Animus"" wants to find an artefact. He learns that he is a descendant of the assassin Altair, who discovered this artefact. They need Desmond to know the location of the treasure through him. The game belongs to the category of open world projects. It means that the world can be explored by the player in a free manner there. All the game space is a simplified model of the Holy Land. The area is divided into seven main sections. The player will have to climb on a lot of different buildings and towers. The architecture of the cities in Assassin's Creed is specially designed so that Altair can jump on any roof. Throughout the game, these skills will not just be used to perform additional tasks. An essential part of the game is the investigation and the associated need to merge with the crowd. Each time, getting to the big city, Altair has to look around properly and find the office of assassins. The head of the Bureau will tell him about his future victim and will bring to some people who have useful information."
4744,prince-of-persia,Prince of Persia (2008),2008-12-02,2008,https://media.rawg.io/media/games/956/95640d5ea0288c187dbce849a4254a41.jpg,3.77,82.0,1,"PC, PlayStation, Xbox, Apple Macintosh","Action, Adventure","Prince of Persia series is known for its acrobatic platforming gameplay, got a visual rehaul in this installment. It features an open-world ancient Persian city-state, that is fully available for the players. At the heart of the game this time is not a fictional plot, but real Persian mythology. According to one of the legends, the god Ariman spewed out dark energy onto the Persian land. And the hero is to liberate it from this. This time, the main character has a trust-worthy sidekick. It is controlled by a AI and the interaction of two characters builds the basic gameplay mechanics. The world of the game will have to travel a lot in the empty game world: the whole 24 levels of the game are populated with fewer than 10 NPCs. But hands down: visually they look like an illustration from the ancient Persian book. Acrobatic stunts were reinvented and the movement of the main character now feels more fluid and natural."
4747,splitsecond,Split/Second,2010-05-18,2010,https://media.rawg.io/media/games/0a0/0a0b66527a2e5917134fcf502cf83af1.jpg,3.95,79.0,4,"PC, PlayStation, Xbox","Action, Racing, Arcade","Split/Second is a racing game with an accent on the destructible environment and the game within a game mechanics. Gameplay The title features usual for the genre lap and sprint races, but the unique feature lies in the destructible environment. Unlike previous installments, utilizing such mechanics, in Split/Second the player must fill the ""power play"" bar and unleash its power on the nearby construction — for example, crush the water boiler when there are opponents underneath it. The strength of the effect depends on how full the power bar is — there are two levels of damage available. The first-level collisions are mostly minor and lie in the field of damaging some constructions and crushing the billboards, while the second-level ones activate during the full bar completion are lead to the structural damage of the map facilities frequently leading to route changes and landscape altering. Plot Power Play mechanics is powered by the narrative underlining it as it tells the story of a TV Show, the participators of which are all the racers including our protagonist. The meter, in this case, represents the reviews watchers give to the show members. The computer-controlled opponents can also turn on the ability and crush something on the player's vehicle — so the audience votes not only for the protagonist."
4751,the-legend-of-heroes-trails-in-the-sky,The Legend of Heroes: Trails in the Sky,2006-10-28,2006,https://media.rawg.io/media/games/172/172198bbcf9680d00fb621b50cbe630c.jpg,4.25,85.0,5,"PC, PlayStation",RPG,"Modern society owes much to a mystical technology known as “orbal energy.” Fifty years ago, during what’s come to be known as the “Orbal Revolution,” the invention of this technology and the “orbments” developed from it led to a period of rapid human advancement, birthing innovations of all shapes and sizes -- not the least of which was the airliner, or “orbalship” industry. Although the positive impact of this revolution is obvious, every coin has a flipside; for every beneficial device developed with these new materials, so too were advanced weapons and other implements of war. Thus, the land became mired with turmoil, and remains in such a state even now. Enter, the bracers: an organization established to serve as police and intermediaries alike, holding above all else the peace and safety of the lands under their jurisdiction. Whenever a citizen is in need of assistance, he or she may place a request at the local Bracer Guild -- and be it monster extermination, crime prevention or even peace talks among warring nations, the bracers will do whatever they can to resolve the matter cleanly and efficiently. Some matters require a gentler touch than others, however. When an orbalship transporting a legendary ""S-rank"" bracer named Cassius Bright suddenly goes missing, said bracer's daughter, Estelle, and adoptive son, Joshua, must join forces in search of him across the entire Kingdom of Liberl. And what they find along the way could change both of their lives forever... Hailed as one of the largest, longest and most meticulously detailed turn-based JRPG series of all time, this first chapter in the ongoing Trails saga sets the stage for what's quickly become Ys developer Nihon Falcom's most popular and best-selling franchise in their entire 30+ year history. Introducing people, places, ideas, events and lore that rival in complexity those of even the most highly-regarded fantasy epics in literature, the care and attention given to each and every NPC, location and historical in-game event is what sets The Legend of Heroes: Trails in the Sky apart from its contemporaries. Come join Estelle, Joshua, Scherazard, Olivier and the rest of the cast as they uncover the secret underbelly of Liberl in their first 50+ hour masterpiece, and see what Japanese gamers have been raving about for over ten years.Key Features:The original version of the first chapter in this historical series, featuring strategic turn-based combat with unmatched customization. Over 50 hours of gameplay on average, with countless side-quests, collectibles and secrets to encourage replay. A vast world where every NPC has a name and personality, every town has its own unique politics and economic concerns, and no detail is ever trivial. Support for a wide variety of fullscreen and widescreen resolutions, including true 1080p HD. Fully adjustable controls supporting virtually any USB gamepad, as well as a standard keyboard and mouse setup. Over two dozen unique Steam Achievements, Steam Cloud support and Steam Trading Cards featuring gorgeous anime-style art from the franchise's original artists. Numerous updates previously seen only in the handheld version, including: - Selectable difficulty level and new game+ features on subsequent playthroughs - Full voice-acting during combat - ""Retry Offset"" feature to lower the difficulty of battle with each attempt if desired"
4772,alien-breed-3-descent,Alien Breed 3: Descent,2010-11-16,2010,https://media.rawg.io/media/screenshots/e8e/e8e185ed388d6a98679d850b4423ac26.jpg,2.79,64.0,1,"PC, PlayStation, Xbox","Action, Shooter","Initially, a series of games with the same name and plot was developed for the Amigo gaming computer, and in this series several games with sequels were released. The new incarnation of the series was created on the Unreal Engine 3 for the PlayStation 3, Xbox 360 and PC. The general plot of the series - a brief overview Alien Breed: Impact Theodor J. Conrad is a mechanic on the Leopold spacecraft. In space, the ship is faced with a huge unknown ship, inhabited by hostile creatures. These creatures sneak aboard the Leopold and begin to destroy the crew. Konrad fights to save his life and the ship. He is helped by the female android MIA, she gives advice, helps to find the right items. The action takes place both on the ""Leopold"" and on a hostile ship. Alien Breed 2: Assault The game begins where the history of the previous game ended. The hero of this game is the same Theodor J. Conrad, but his ship Leopold is already critically damaged and impossible to save. MIA is still trying to help Conrad, but becomes a victim of Klein - a man who managed to load his intellect into a computer that controls the alien ship. When trying to influence this computer, MIA fell under the influence of Klein's intellect and now cannot help Theodor. Klein tells Theodor that the ship was not really created by aliens, but by the inhabitants of Earth and is a huge scientific station, where earthlings explored alien beings. Alien Breed 3: Descent Theodor's situation becomes even more complex. Now the only one with whom Theodor can communicate is Klein's intellect, loaded into a computer. However, this is quite a developed ""creature"" that fully controls the ship, or rather, the scientific station, along with all the aliens on it. And this intelligence is able not only to control the aliens, but also to modify them. As it turned out, Klein is able to send against Theodor his last ally MIA - MIA did not die, but turned into a fully manipulated Klein artificial intelligence, opposed to Theodor. However, Theodor manages to win over her and she even tells him how to defeat Klein. This is not easy, because Klein directs against Theodor all the systems of a huge ship. Gameplay The gameplay has common features in all three games of the series. All games are shooters, the action of which takes place in the futuristic interiors of space ships. Each level contains several tasks, such as finding keys or restoring ship systems to work. Before leaving the level, the player must complete all tasks. Opponents are aliens. Interestingly, you can save the game only in special places. The same places serve as shops where upgrades and other useful things can be purchased. Information about opponents is revealed as the hero finds relevant sources of information in the game space."
4796,stacking,Stacking,2011-02-07,2011,https://media.rawg.io/media/screenshots/9db/9db5d5ae17b26e26174d289e2654ed60.jpg,3.34,80.0,3,"PC, PlayStation, Xbox, Apple Macintosh, Linux","Action, Adventure, RPG, Indie, Puzzle","From Tim Schafer’s Double Fine Productions, explore a vintage world inhabited by living Russian stacking dolls as you jump into more than 100 unique dolls and use their special abilities to solve a wide variety of puzzles & challenges. Play as Charlie Blackmore, the world’s tiniest Russian stacking doll, and embark on an adventure to rescue Charlie’s family from the nefarious industrialist known only as the “Baron.” This imaginative 3rd person puzzle adventure game will take you on a journey from a bustling Royal Train Station to a high-flying Zeppelin as you collect unique dolls and matched stacking sets to display in Charlie’s secret hideout, where you chronicle your adventures. Continue the Stacking adventure with The Lost Hobo King DLC pack, included free in the PC version! In the Lost Hobo King, the first downloadable expansion for Double Fine’s Stacking, players once again assume the role of Charlie Blackmore, the world’s smallest Russian stacking doll. Charlie travels with his hobo friend Levi to the mysterious kingdom of Camelfoot, the mythical resting place of lost hobo king and his crown. Charlie must help Levi’s uncle, Rufus Ryken, reclaim his rightful throne by solving three tests of valor and reawakening the hobo blacksmiths of old. Only then can the crown be reforged, enabling Rufus to become king and unite the fractured hobo people under one sardine. The Lost Hobo King features a complete adventure with several new challenges, each with multiple solutions, an all new assortment of unique dolls with engaging abilities, and a new round of hi-jinks to discover and make trouble with. Only the worthy can reclaim the crown of Camelfoot! Features an all new concept art browser exclusive to the PC version!"
4808,metal-slug-x,Metal Slug X,1999-02-28,1999,https://media.rawg.io/media/screenshots/f1b/f1b0278f9274c835814a4bdbbd5d0cee.jpg,4.13,,3,"PC, PlayStation, iOS, Android, Nintendo","Action, Arcade, Casual, Fighting","“METAL SLUG X”, a masterpiece in SNK’s emblematic 2D run & gun action shooting game series, still continues to fascinate millions of fans worldwide to this day for its intricate dot-pixel graphics, and simple and intuitive game controls. One of the most highly praised titles in the series among Metal Slug fans for its refined balance and game volume, heads out to the Steam gaming platform! MAIN FEATURES・ARCADE MODE (MAIN MISSION): Play the original arcade version of “METAL SLUG X” from Missions 1 to 6, and fight your way through the battlefield to foil General Morden's new coup attempt!! ・MISSION MODE (STAGE SELECT): Play your favorite stages at will and train alone or with a brother-in-arms on the missions you have unlocked so far! ・MULTIPLAYER: Connect to Steam and clear missions with friends far away via Online Co-Op Play. Find a fellow countryman or foreign ally and let the mission begin! ・SETTINGS: Configure control, language, video display, and sound volume settings. ・LEADERBOARDS Check your current rank and score in“METAL SLUG X” at any time, and compete with other players to become the world's No. 1 soldier! WILL NOT RUN ON WINDOWS XP"
4853,god-of-war-ghost-of-sparta,God of War: Ghost of Sparta,2010-11-02,2010,https://media.rawg.io/media/games/5c2/5c2aef36106ee4751cdfda8fd408aaf5.jpg,4.15,86.0,7,PlayStation,"Action, Adventure","Set in the realm of Greek mythology, God of War®: Ghost of Sparta is a single-player game that allows players to take on the powerful role of Spartan warrior Kratos. This new adventure picks up after God of War® concludes, telling the story of Kratos’ ascension to power as the God of War. In his quest to rid himself of the nightmares that haunt him, Kratos must embark on a journey that will reveal the origins of lost worlds, and finally answer long-awaited questions about his dark past. Armed with the deadly chained Blades of Athena, he will have to overcome armies of mythological monsters, legions of undead soldiers, and amazingly dangerous and brutal landscapes throughout his merciless quest. Purchase or use of this item is subject to the PlayStation®Network Terms of Service, this item’s use restrictions, and other terms and conditions located at http://www.us.playstation.com/support/useragreements. If you do not wish to accept all these terms, do not purchase or use this item. One-time license fee for downloads to up to 2 portable systems that are associated with the purchasing account. Memory Stick Duo™ storage media may be required for download."
4856,hoard,HOARD,2010-11-02,2010,https://media.rawg.io/media/screenshots/87f/87fd7f7312a5382dfe31fe9cf538d1c7.jpg,2.68,65.0,1,"PC, PlayStation, Apple Macintosh, Linux","Action, Strategy, Arcade, Casual, Indie","HOARD is an arcade action game, set in a fantasy world, where the player will take control of a mighty dragon. The game’s overall main goal is to collect treasure for the dragon’s hoard, as the name implies. The gameplay is based around moving through different landscapes, burning down villages, collecting gold troves and kidnapping members of the local royal family, a classic dragon activity. However, the player needs to defend his character’s lair from daring adventurers. Knights set out on a quest of saving the beautiful princess, and many more creatures with a common goal of defeating the dragon, which would be you. With level progression, players can upgrade different parameters of their scaled protagonist and improve their gold acquiring capabilities. The game offers four game modes, with cooperative multiplayer gradually increasing the difficulty and the overall fun of each playthrough. The graphics are unique in the way where the game field looks like a board game table, with castles and villages placed around differently each time, and the overall look of the game is as if it was a D&D game that suddenly became alive."
4869,tomb-raider-underworld,Tomb Raider: Underworld,2008-11-18,2008,https://media.rawg.io/media/games/341/3413d7275fb1e919f00a925df8288b77.jpg,3.69,80.0,1,"PC, PlayStation, Xbox, Apple Macintosh, Nintendo","Action, Adventure","Tomb Raider: Underworld is an action game developed by Crystal Dynamics. It is the eighth installment in the series. Underworld continues the story of Tomb Raider: Legend and Tomb Raider: Anniversary. Lara tries to unravel the secrets told in the ancient Scandinavian legends in order to find Avalon - a place where her mother disappeared years ago. TR: Underworld is played from a third-person perspective. The game features a very interactive world. Lara leaves footprints in the snow, mud sticks to her legs if she kneels and could be later washed away with rain, the damage done to the environment is permanent and enemies' bodies do not disappear. A dynamic animation system is present in the game which allows for more character interaction with the world. The developers put a strong emphasis on the fact that Lara is able to do anything that the players expect from her from grabbing a ledge to using her grappling hook to pull objects. The game is non-linear to some degree as multiple mini-puzzles are present on several levels."
4875,alien-breed-impact,Alien Breed: Impact,2010-06-02,2010,https://media.rawg.io/media/screenshots/7e9/7e9290d51aa334b846c791cde16f5b5f.jpg,2.91,64.0,1,"PC, PlayStation","Action, Shooter, Arcade","Alien Breed: Impact is a part of the revival of an old game series, influenced profoundly by the Alien movies. After the last game of the series was published in 1996, reimagining the established format as a first-person shooter, the game was brought back to its roots, returning not only with the improved graphics, engine, and design but with the classic top-down shoot ‘em up genre. Theodore J. Conrad is a space engineer that has to restore the engines after the collision with a mysterious empty ship. Alien Breed: Impact is an updated version of Alien Breed: Evolution that adds not only new designs for the enemy aliens but an entirely new upgrade shop. It has two full story campaigns for both single player and multiplayer. In the multiplayer cooperative campaign, two players are taking the roles of two other survivors, Thadeus and Eddie, that are trying to find Conrad and assist him on his mission."
4882,lara-croft-gol,Lara Croft and the Guardian of Light,2010-08-05,2010,https://media.rawg.io/media/games/a92/a92272ea5cfc35b8ad6317fbd81ce0f6.jpg,3.43,82.0,2,"PC, PlayStation, Xbox, iOS, Android","Action, Adventure","Lara Croft and the Guardian of Light is an action adventure game developed by Crystal Dynamics. The title serves as a spin-off to Tomb Raider series and is not connected to the series storyline whatsoever. Two thousand years ago there was a battle between the Guardian of Light and the Keeper of Darkness. The Keeper won using the Mirror of Smoke with which he summoned a horde of horrible monsters, but the Guardian survived the encounter and imprisoned the Keeper in his own mirror. Fast-forward to the present day. Lara Croft finds the legendary mirror, but she does not know what evil it contains. The game puts a strong emphasis on cooperative play, yet it is possible to complete the game alone. While the previous installments in the series featured an action third-person camera, Guardian of Light is using a fixed isometric camera. The players can choose to play either as the Guardian himself or as Lara Croft with each character having their own abilities. Puzzles differ when played alone or in co-op mode. This was done in order to make the players rely less on AI."
4901,sam-max-304-beyond-the-alley-of-the-dolls,Sam & Max The Devil's Playhouse Episode 4: Beyond Alley of Dolls,2010-07-20,2010,https://media.rawg.io/media/screenshots/0a2/0a2085ed3bc671519644f71c9d797ebf.jpg,2.97,,3,"PC, PlayStation, Apple Macintosh",Adventure,"Episode 4 of an epic 5 game saga. In Episode 4, the indescribable forces that have been pulling the Freelance Police’s strings begin revealing themselves, in a tale that will change the way you look at Sam & Max...forever! An onslaught of oversized canine clones akin to a zombie apocalypse has our heroes running for cover in a barricaded ramshackle diner as the episode begins. And it gets even stranger from there. Who’s responsible for this march of flabby dog flesh? The creepy old sorcerer? The creepy space ape? The creepy diner owner? Or some other creep? And make sure not to miss the most enormous climax ever in our upcoming finale episode, The City That Dares Not Sleep! * Episode 1: The Penal Zone * Episode 2: The Tomb of Sammun-Mak * Episode 3: They Stole Max's Brain! * Episode 4: Beyond the Alley of the Dolls * Episode 5: The City That Dares Not Sleep - Finale Purchase or use of this item is subject to the PlayStation®Network Terms of Service and User Agreement. This item has been sublicensed to you by Sony Computer Entertainment America."
4903,deathspank,DeathSpank,2010-07-13,2010,https://media.rawg.io/media/games/5c3/5c3f7f973a94a73f2d504bf99ba47cbb.jpg,3.66,,3,"PC, PlayStation, Xbox, Apple Macintosh","Action, Adventure, RPG, Fighting","DeathSpank: Orphans of Justice is a parody of fantasy RPGs, the first in DeathSpank trilogy. It features a comically cartoonish visual style and deconstructs the genre's cliches and stereotypes. The game's main designer is Ron Gilbert, best known as the creator of The Secret of Monkey Island and other LucasArts adventure games. Plot The titular DeathSpank is the game's main protagonist. He is a larger-than-life masked champion of goodness on a quest to save the world. His goal is to find The Artifact, an object so mysterious that nothing is known about it: neither its shape nor its purpose. Nevertheless, DeathSpank and his companion, the bearded and robed wizard named Sparkles, believe this McGuffin to be critical. And so does their antagonist, the evil Lord Von Prong, who also searches for The Artifact. DeathSpank is one step from finding the elusive Artifact, but it slips away at the last moment. To complete his quest, DeathSpank needs assistance from local people, who, in return, send him on multiple side quests. Gameplay According to Ron Gilbert, DeathSpank is a cross between Monkey Island and Diablo series. The game combines elements from action-RPGs and visual adventures. The combat system is essentially the same as in Diablo. The protagonist can obtain and use various types of weapons and armor and perform comb movements. There's also the Justice Meter that grows when DeathSpank defeats the villains. When it reaches the maximum, it buffs DeathSpank with a temporary power-up."
4923,prototype,Prototype,2009-06-09,2009,https://media.rawg.io/media/games/b74/b74b15a48ac7bc37fbb42ee4afcc0b91.jpg,3.79,79.0,3,"PC, PlayStation, Xbox","Action, Adventure, Strategy, Casual","New York, Manhattan Peninsula (very detailed), our days. The townspeople are struck by a mutation that turns people into bloodthirsty monsters. The protagonist of the game is a seemingly unremarkable young man named Alex Mercer. At the beginning of the game, we know little about him, but it's still more than he knows about himself - Alex does not remember anything, does not even know that he has super abilities. Abilities are very useful to him, because he will have to stop the epidemic and at the same time hide from the army, police and mercenaries. Plot Alex comes to the senses in Ghentec's morgue, located in its Manhattan headquarters. Apparently, the reason for his awakening was the noise produced by mercenaries of the organization Blackwatch, trying to break open the doors of this headquarters. Alex tries to hide, run away. The mercenaries try to stop him, but Alex discovers in himself one by one amazing abilities - he is not harmed by bullets, he can jump high, throw heavy objects, run on the walls of buildings. And he can ""absorb"" people, taking their appearance and gaining knowledge about everything that the absorbed people know and remember. For example, after the takeover of one of the commanders of Blackwatch, Alex finds out that he has a sister. Alex finds his sister and learns from her (this time without absorption) that he was an important employee of the company, at the headquarters of which we met him at the beginning of the game. Alex's job duties included working with biological weapons. During the game, the army and the police consider Alex guilty of creating and spreading the virus, Blackwatch pursues Alex for other reasons, and Alex himself tries to stop the mutants and other opponents with all the power of their super abilities. Soon it turns out that among these superpowers there is the ability to turn his body into almost anything, including weapons, shield and armor. Gameplay All of Manhattan from the very beginning of the game is open for the game. Outside of Manhattan, however, you can not get out. The player can follow the story, and can perform separate missions. Due to the presence of super abilities, the hero can move both horizontally and on walls. But not as an insect, but just running. Falling from the height does not hurt Alex, so he can use this trick to defeat opponents - literally falling on their heads. Alex can jump very high, and manage to plan in the air. Alex fights, using the ability of his body to transform. His hands can turn into sledgehammers, blades, whips or shields. He can instantly increase the volume of his body's muscles to increase their strength - in normal mode, such a mass would have prevented him, so he does not wear all these muscles all the time. His skin can be turned into armor. He can also see in the dark and distinguish mutants from normal people by eyes. All abilities can also be improved as you progress in the game and perform various tasks. In addition to the super powers of the body, the hero uses assault rifles, machine guns, grenade launchers, rocket launchers, captures infantry combat vehicles, tanks, helicopters and uses their weapons."
4936,dead-nation,Dead Nation,2010-11-30,2010,https://media.rawg.io/media/screenshots/624/62471dff88da6234fcf19013ead5b3ba.jpg,3.49,,1,PlayStation,"Action, Shooter, Arcade","Breakdown bonus Dead Nation is a top-down shoot-em-up game for PlayStation3 from the studio Housemarque. It was released on November 30, 2010, on PlayStation Network. The game was one of the bonuses that Sony gave away as a compensation for a PlayStation network breakdown. n February 2014, a version of the PlayStation 4 game called Apocalypse Edition was released, along with the PlayStation Vita version Key Features The game takes place in a world engulfed by a zombie apocalypse. The player can choose between the male and female models of the game character. The main goal of the game is to score as many points as possible for killing zombies. For the murder, the player also receives money that can be spent on buying and upgrading weapons and getting multipliers to improve the score. The game world cannot be called a peaceful - the zombies react to loud sounds and player movement. Players can use a melee and rush attack against zombies. Zombies also have several kinds. Story The game has a story. It tells about the fall of society, and much of the world's population turned into a zombie. A year later after the original calamity, the main characters (either Jack McReady, Scarlett Blake) are preparing to leave their shelter in search of food and water. The game can be completed in co-op mode."
4954,castle-crashers,Castle Crashers,2008-08-27,2008,https://media.rawg.io/media/games/d1a/d1a1202a378607b6c635c8f18ace95dd.jpg,3.89,84.0,4,"PC, PlayStation, Xbox, Apple Macintosh, Nintendo","Action, Indie","Castle Crashers is 2D beat-em-up game with role-playing elements developed by Behemoth. It was initially released in 2008 via Xbox Live Arcade with following ports for PS3, Windows, and macOS. In 2015 it was remastered as Castle Crashers Remastered and was released for Xbox One. You play as a knight sent by the king to defeat an evil wizard who stole the king’s daughters and captured and mystical gem. The gameplay is very reminiscent of older side-scrolling beat-em-up titles. It can be summarized as a player has to defeat waves of enemies in different locations using his weapons and magical abilities. However, it also incorporates some role-playing elements such as acquiring gaining new levels which allow a player to enhance his stats and acquire new moves. One of the gameplay’s focal points is cooperative multiplayer with the support for up to 4 players which is available both locally and online. The game shares significant Behemoth hand-drawn visual style which was used before in Alien Hominid and would be later used in studio’s BattleBlock Theater and Pit People."
4962,shank,Shank,2010-08-10,2010,https://media.rawg.io/media/games/c80/c8050355992f431d0efd10a19630b6ea.jpg,3.68,67.0,2,"PC, PlayStation, Xbox, Apple Macintosh, Linux","Action, Adventure, Arcade, Indie","Shank, the first game in the series of its name, is defined by its comic-book visual style and graphic violence in the vein of Tarantino and Rodriguez movies. In the single-player mode, the game follows a story of a revenge. The player assumes the control of Shank, who used to be a mafia hitman before they killed his only love, Eva. He goes on a vendetta after her murderers, hunting them down and killing in brutal ways. There's also a cooperative mode that features a different plot, something of a prequel to the main storyline. In co-op, Shank and the other playable character, Falcone, have to save a strip model from a gang of bikers and fix a rigged wrestling match. The game is played as a fast-paced 2D side-scroller. Shank uses three types of weapons: a firearm, a melee weapon, such as a chainsaw, and two daggers. All three should be used interchangeably to create a variety of combo movements, which are essential to master before you reach the late stages of the game. Enemy attacks can be dodged or blocked. Shank can also perform a number of acrobatic tricks and other movements, such as throwing enemies or jumping on them, which makes for a varied gameplay."
5001,sam-max-302-the-tomb-of-sammun-mak,Sam & Max The Devil's Playhouse Episode 2 The Tomb of Sammun-Mak,2010-05-18,2010,https://media.rawg.io/media/screenshots/d65/d65af01d7ec14b01c572fb197a8614c7.jpg,2.88,,3,"PC, PlayStation, Apple Macintosh",Adventure,"Episode 2 of an epic 5 game saga. After facing a pillaging primate from outer space in the series premiere, Sam & Max cross paths with even stranger characters in this episode -- their own great-grandparents! In Episode 2 of the series, our heroes cross paths with an even more bizarre and dangerous pair of characters—their own great-grandparents! Join these characters as they embark on their trippiest trip yet, leapfrogging across ten decades and possibly as many continents (we haven’t counted) in search of the mysterious force that’s causing all the trouble. Where did it come from? Why is it triggering Max's latent psychic powers? Why is it desired by everyone aboard the Disorient Express? And what, exactly, is the Secret of the Sphunx? * Episode 1: The Penal Zone * Episode 2: The Tomb of Sammun-Mak * Episode 3: They Stole Max's Brain! * Episode 4: Beyond the Alley of the Dolls * Episode 5: The City That Dares Not Sleep - Finale Purchase or use of this item is subject to the PlayStation®Network Terms of Service and User Agreement. This item has been sublicensed to you by Sony Computer Entertainment America."
5076,greed-corp,Greed Corp,2010-02-20,2010,https://media.rawg.io/media/screenshots/793/7933fec6385f898777b7ad44a2b84efd.jpg,2.94,76.0,1,"PC, PlayStation, Xbox, Apple Macintosh","Strategy, Simulation, Board Games","Greed Corp is a strategy game developed by W!Games. Plot There is not much story present in the game, however, it tells the players about four opposing factions. These factions are eager to take over the world and represent multiple nations joined up into one. Factions The game's factions are the same in gameplay, yet every one of them features a distinct visual style. The Freemen are much like the ancient tribal societies and respect the environment they live in. All their units are built up using wood and other natural materials. Their territories look like farms with many windmills. The Pirates make a living by robbing others. They also resort to trading with other factions. The units of this faction appear to be made out of scrap metal. Their territories look like deserts with occasional buildings. The Cartel resembles a group of corporations which profit from mining natural resources. They heavily use materials to build their units and their territories look to be urbanistic. The Empire is the only sustained government in the game. It is highly industrialized and militarized. Their units and territories feature a lot of steel. Gameplay Greed Corp is a turn-based game that takes place on a field of collapsing tiles. Credits are gained by harvesting resources on the tiles. If the players harvest too fast, the tile begins to collapse. The players have to completely annihilate their opponent to win a game using troops, harvesters, and transporters."
5093,hustle-kings,Hustle Kings,2010-01-28,2010,https://media.rawg.io/media/screenshots/8ab/8abe21e59968c9e81b29f6cf41cdda79.jpg,2.41,,0,PlayStation,Sports,"Hustle Kings is a pool game released exclusively for PlayStation consoles. Gameplay The video game represents a classic kind of pool games, the eight-ball type, which is played on a table with six pockets along the rails, a full rack of fifteen balls and the cue ball. The goal is to claim a suit, pocket all of the balls, then pocket them, while denying one's opponent opportunities to do the same with their suit, and without sinking the balls early accidentally. The player wins if he pockets eight balls into a selected pocket, if the opposing player illegally pockets the eight balls, or if the opposing player knocks the eight balls off the table. Key features In Hustle Kings, the player can have a face-to-face or a team match, switch four career levels, do daily tasks for additional points, and upgrade the cue and the balls. The game features a career mode as well as various trick shot and tournament modes. It also features online play which allows the player to compete against other players. Hustle Kings lets the user play their external music from the PlayStation 3 hard drive during matches. It also lets them implement the YouTube API to record video of their gameplay and upload it on the platform. The developers add rudimentary virtual reality support and Move control support so that the player could feel as if the game is performed for real. It is possible to use VR; the functions don't change much, but the player can look at balls closer than ever before."
5115,final-fantasy-viii,FINAL FANTASY VIII,1999-02-11,1999,https://media.rawg.io/media/games/f77/f77510051b6a61decc35c5257193fc9e.jpg,4.27,90.0,3,"PC, PlayStation",RPG,"Final Fantasy VIII is a Japanese role-playing game, the eight main installments in Final Fantasy series. Plot and setting Like most other Final Fantasy entries, the game takes place in an entirely new world that is not connected with previous games in the series. It can be described as the mix of modern Europe and futuristic setting with high fantasy influences. The game follows six main heroes, five of which are members of the elite military organization called SeeD, on their quest to defeat Ultimecia, an evil sorceress who wishes to compress time. Like its predecessor, Final Fantasy VII, the game heavily focuses on its story, characters and game world exposure. Gameplay The gameplay of Final Fantasy VIII shares many similarities with other JRPGs of that era. The player can explore the overworld, visit different locations such as town, settlements, forests, interact with NPCs and fight numerous types of monsters in turn-based battles. While the world exploration aspect, for the most part, is similar to that of the previous game, the battle system has several notable differences. The combat in the game is centered on Junction system that allows the player to junction summoned monsters known as Guardian Forces to platy members. That gives characters the ability to use various magic, alter their stats and draw spells from enemies during the battles. Because of the system’s flexibility regarding character customization, the game is absent of job system typical for the series."
5131,pixeljunk-shooter,PixelJunk Shooter,2009-12-10,2009,https://media.rawg.io/media/screenshots/0d1/0d180a9847a3876837b21d00b3f53515.jpg,3.35,73.0,3,"PC, PlayStation, Apple Macintosh, Linux","Action, Shooter, Arcade","PixelJunk Shooter is the fourth installment of the PixelJunk franchise, in which each game is based on another genre. Unlike the previous PixelJunk games, Shooter does not feature the series' trademark hardcore difficulty. Plot Another departure from the PixelJunk traditions is that Shooter has a backstory. The game is set on a faraway planet Apoxus Prime. The scientists explore its enormous caves to mine resources. The player controls a starship called Ers Pinita Colada. Its captain answers to a distress signal from Apoxus Prime and tries to rescue the scientists lost in the caves. Gameplay The player flies the ship in the underground tunnels. The goal is to locate and save the scientists. The ship uses its gun to destroy enemies or to clear the way from ice and rocks. The ship has no hit points. Instead, a thermometer measures the ship's temperature. The player has to avoid overheating and remember to cool the ship, for example, by diving into water. The underground features monsters, villains and other dangers. There are many environmental puzzles that require the player to manipulate water, lava, stones, and other elements to access the scientists and unlock doors. PixelJunk Shooter has three episodes comprised of five levels each, and levels consist of short stages. The player can only progress by saving the scientists, and if five or more of them die, he or she has to restart. A secondary objective is to gather the collectibles such as diamonds."
5158,legacy-of-kain-soul-reaver,Legacy of Kain: Soul Reaver,1999-08-16,1999,https://media.rawg.io/media/games/84d/84da5a0c948592becea7a022e151a8b0.jpg,4.1,91.0,1,"PC, PlayStation, SEGA","Action, Adventure, Platformer","Legacy of Kain: Soul Reaver is a third-person action-adventure title developed by Crystal Dynamics. It is the direct continuation of Blood Omen: Legacy of Kain and is the second title in the series. Plot The game takes place 1500 years after the events of Blood Omen. It tells the story of Raziel, a lieutenant vampire in the Kain's army. Kain almost kills Raziel and throws him down the Lake of the Dead. However, an elder god saves Raziel from death and turns him into a Soul Stealer to help him take revenge on Kain. Gameplay The game is completely different from its predecessor. The game is played from the third person with the player being able to move it by themselves. The gameplay is based on the ability to travel between the material and spirit worlds. This allows the player to continue on the game's plot. The item interaction in the spirit world is limited, yet it also benefits Raziel as he can pass the gates that he is unable to go through in the material world. Many of the game's puzzles are based on the differences between these two worlds. The puzzle environment of the material world can be completely different in the spirit one. The game's combat system is based on the hack and slash principle and consists out of multiple attacks and finishing moves. The enemies of Raziel are divided into three groups: humans, spirit beings, and vampires. The main feature of the combat system is the usage of the in-world items as your own weapons."
5159,resident-evil-2,Resident Evil 2 (1998),1998-01-21,1998,https://media.rawg.io/media/games/d64/d646810b629081cc12aec49ed9f49441.jpg,4.32,90.0,13,"PC, PlayStation, Nintendo, SEGA",Action,"If the suspense doesn't kill you, something else will! Something is desperately wrong in Raccoon City. A muta-genic virus has broken loose and the entire town is infested. Blood-thirsty zombies, hideous mutations now overwhelm the community. When Leon and Claire arrive in town, their nightmare is just beginning...Now, you control their destiny in this survival horror classic."
5161,braid,Braid,2008-08-06,2008,https://media.rawg.io/media/games/a5a/a5abaa1b5cc1567b026fa3aa9fbd828e.jpg,4.16,92.0,2,"PC, PlayStation, Xbox, iOS, Apple Macintosh, Linux","Action, Arcade, Indie, Puzzle, Platformer","Braid is a traditional platform game with puzzle solving. The story follows the main character Tim on his way through twisted 2D levels. According to the storyline, Tim’s aim is to rescue the princess from a monster. In the course of the completion, players will be able to get some additional information about the protagonist’s relationship with the princess. Players control the protagonist as he climbs platforms, jumps on the enemies to defeat them and to collect keys to hidden quests and mosaic parts. Players have to lead Tim through 6 worlds, each based on an intriguing time mechanic, as Tim features the ability to rewind the original pace of time. For example, Time and Forgiveness world allows respawning Tim after his death by switching time back. To attend the last level, Tim must assemble the mosaic. The story ends in the world simply called “1”, where time flows in reverse and returns to the normal pace by rewinding. The last room of the final world contains Tim’s meeting with the princess, but, due to the time pace turned back, players face some unpredictable twists of the plot."
5192,oddworld-abes-exoddus,Oddworld: Abe's Exoddus,1998-11-17,1998,https://media.rawg.io/media/screenshots/ba5/ba5f0dd05f44cc48c918683764e3a125.jpg,4.1,,1,"PC, PlayStation","Action, Adventure, Platformer","Oddworld: Abe's Exoddus is a spin-off installment of the Oddworld game series. It is a direct sequel to the Oddworld: Abe's Oddysee. Setting The game is set in the Oddworld, a planet in another dimension, ten times larger than our Earth. Among its inhabitants, there's the race of Mudokons, a species of spiritual humanoids who can control others' minds. Many Mudokons serve as the slaves to their more technically advanced enemies, Glukons. The protagonist is Abe, a blue-skinned Mudokon who escaped slavery and freed many of his compatriots. Plot The game begins right after the ending of Oddworld: Abe's Oddysee. Abe learns that the evil Glukons use Mudokons as slaves in the Necrum Mines. The protagonist sets off on a quest to liberate the slaves. There, he discovers that Glukons' popular drink called Soulstorm Brew is brewed from the bones and tears of the enslaved Mudokons. Abe's goal is to destroy the Soulstorm Brewery and to set his people free. The ending depends on the number of Mudokons the player saved. Gameplay Oddworld combines platforming with puzzles. Its levels consist of sections that occupy one screen each and require the player to overcome puzzles to move on. Abe cannot fight his enemies, but he can use his spiritual powers to defeat them, save Mudokons and advance through the levels. Abe's abilities include mind control, interacting with fellow Mudokons and limited telekinesis. To save Mudokons, Abe has to comfort them if they're angry or depressed. If he doesn't, they can harm others or themselves."
5193,oddworld-abes-oddysee,Oddworld: Abe's Oddysee,1997-09-19,1997,https://media.rawg.io/media/games/2ae/2aedae90b1377a0f3e5ce54d24f8e41a.jpg,3.53,85.0,3,"PC, PlayStation","Action, Platformer","Oddworld: Abe’s Oddysee is the first chapter of the Oddworld franchise. The game is set in the fictional Oddworld universe inhabited by extraterrestrials. The story follows Abe, a slave on the Mudokon meat factory, who suddenly realizes the perspective of being slaughtered in the near future with all of his fellow slaves. Players are offered to take control of Abe on his way to the liberation of the rest of enslaved Mudokons. The gameplay features classic platformers’ mechanics: all the action is divided into 2D levels that should be passed. In the course of the completion, Abe is going to solve puzzles, overcome obstacles and defeat (or dodge) enemies. Each players’ mistake from failing a grenade throw to falling from high ground will cause death and a restart of the level from the last checkpoint, which means difficulties. On the way through the Oddworld Abe can use his supernatural ability to telepathically influence Sligs (unplayable characters). However, their help is only available in safe areas, so the Mudokons’ rescue is though up to Abe."
5196,trine,Trine,2009-07-03,2009,https://media.rawg.io/media/games/c8b/c8b432deac2cf7934edd1f09467ae52e.jpg,3.9,,4,"PC, PlayStation","Action, Adventure, Arcade","Trine is a puzzle game in the genre of platforming. The gameplay of this game is based on a full interaction of three characters, and without the unique ability of one or another, you will not be able to pass a specific level. The action takes place in a fictional Kingdom, where three main characters will try to restore the balance after their great ruler passed away. Long battles ravaged the entire state, frightening and horrific times came for all the people. Throughout the game, you ought to solve puzzles and riddles of varying difficulty, using the unique skills of each of the three characters (Pontius the knight, Zoya the thief and Amadeus the wizard). The primary focus is made on their interaction with each other to surmount difficulties and obstacles. The game has a unique cooperative mode. It means that players can join the game at any time they like. To overcome the obstructions that arise as the plot develops, players can combine their strengths and abilities, what significantly facilitates the passage of the game."
5260,lego-indiana-jones,LEGO Indiana Jones: The Original Adventures,2007-01-01,2007,https://media.rawg.io/media/games/eec/eeccbd9e91dd1696ddb1dffef99aec72.jpg,3.88,78.0,3,"PC, PlayStation, Xbox, Nintendo","Action, Adventure, Family, Platformer","Build, Battle and Brawl your way out of trouble! Play through all three classic Indiana Jones™ movies and relive your favorite Indy adventures in the tongue-in-cheek worlds of LEGO®. Explore and Discover - Battle enemies, solve puzzles, and seek out the world's greatest treasures. More Than 60 Playable Characters - Take control of Indy, his friends, and even his enemies. Team up with a friend and together search for fortune and glory. Whip Into Action! - Attack and disarm enemies, swing over perilous pits, and interact with LEGO® objects and puzzles!"
5265,need-for-speed-carbon,Need For Speed Carbon,2006-10-30,2006,https://media.rawg.io/media/games/35f/35f815a22c4678b4fe76073f0f56df8e.jpg,3.92,77.0,20,"PC, PlayStation, Xbox, Apple Macintosh, Nintendo","Racing, Arcade","Need for Speed™ Carbon takes handheld racing to a whole new level with all-new crew-based gameplay and an exclusive east coast open-world city. Settle an ongoing turf war by building an unstoppable crew, winning races against your fiercest rivals, and outwitting the cops. How you choose and manage your crew will be the difference between victory and defeat. The city is yours for the taking with Need for Speed™ Carbon, the ultimate in handheld racing. Software subject to license (us.playstation.com/softwarelicense). Online activity subject to Terms of Services and User Agreement (www.sonyenteretainmentnetwork.com/terms-of-service)."
5286,tomb-raider,Tomb Raider (2013),2013-03-05,2013,https://media.rawg.io/media/games/021/021c4e21a1824d2526f925eff6324653.jpg,4.05,86.0,10,"PC, PlayStation, Xbox, Apple Macintosh","Action, Fighting","A cinematic revival of the series in its action third person form, Tomb Rider follows Lara in her least experience period of life – her youth. Heavily influenced by Naughty Dog’s “Uncharted”, the game is a mix of everything, from stealth and survival to combat and QTE action scenes. Young Lara Croft arrives on the Yamatai, lost island near Japan, as the leader of the expedition in search of the Yamatai Kingdom, with a diverse team of specialists. But shipwreck postponed the successful arrival and seemingly forgotten island is heavily populated with hostile inhabitants, cultists of Solarii Brotherhood. The game will be graphic at times, especially after failed QTE’s during some of the survival scenes, but overall players will enjoy classic action adventure, reminiscent of the beginning of the series. This game is not a direct sequel or continuation of existing sub-series within the franchise, but a reboot, setting up Tomb Raider to represent modern gaming experience. The game has RPG elements and has a world, which you can explore during the story campaign and after the completion. As well as multiplayer mode, where 2 teams (4 scavengers and 4 survivors) are clashing in 3 game modes while using weapons and environments from the single-player campaign."
5295,shatter,Shatter,2009-07-23,2009,https://media.rawg.io/media/screenshots/8a7/8a7586c647e10e6b6959df16d8bdc909.jpg,3.16,84.0,2,"PC, PlayStation, iOS, Apple Macintosh, Linux","Action, Adventure, RPG, Arcade, Casual, Indie","The game belongs to the genre of Arkanoid. It has all the classic features of games of this genre and several significant innovations and differences. The platform in this game has the ability to attract or repel all objects that are ""in the air"". This property is controlled by the player. In addition to the platform, other objects have similar properties, but they can not be controlled by the player. After several levels, the platform changes its horizontal position to a vertical one - and there are many similar changes in the game, it constantly surprises the player. Bosses, which the player meets at the end of each level, are carefully and ingeniously designed. They are able to successfully resist the player armed with the above ability to influence the ""magnetic field"" of the platform. To defeat each of them, the player will have to find some special tactics for each boss."
5297,tomb-raider-anniversary,Tomb Raider: Anniversary,2007-06-01,2007,https://media.rawg.io/media/games/791/791abcd56601482964f0fee6d8ab6a61.jpeg,3.95,83.0,2,"PC, PlayStation, Xbox, iOS, Apple Macintosh, Nintendo","Action, Adventure","Tomb Raider: Anniversary retraces Lara Croft's original genre-defining adventure  globe-trotting 3rd person action-adventure in pursuit of the legendary Scion artifact. Using an enhanced 'Tomb Raider: Legend' game engine, the graphics, technology and physics bring Lara's adventure and pursuit of a mystical artifact known only as the Scion right up to today's technology standards and offers gamers a completely new gameplay experience. Re-imagined, Anniversary delivers a dynamic fluidly and fast Lara Croft, massive environments of stunning visuals, intense combat and game pacing, and an enhanced and clarified original story. Epic Exploration - The lost city of Atlantis and ancient Egyptian pyramids are ripe for discovery: explore every hidden dark crevice and impossible heights; enter into strange, undiscovered lands and solve their deepest, darkest mysteries; open doors to new realms, uncover great rewards and unearth secrets to Lara's past. Acrobatic Gunplay - Deftly leap around charging enemies while you unleash a hail of bullets from your trademark dual pistols. Lethal Predators - The wilderness awaits with a wide range of bestial predatorsfrom bats to wolves to bearsready to defend their territory from human encroachment. New and improved AI means that all enemies will exhibit a more diverse behaviour set, providing improved combat challenges for the player. Supernatural elements are used sparingly to provide a mystical allure around the world, while maintaining the world's grounded core. The awesome T-Rex and intriguing Atlantean centaurs suck you in to the wonderfully intriguing and mysterious world of Tomb Raider. Death-Defying Environmental Playground - Leap over massive gaps, cling onto rock ledges, and swim through underground tunnels. Solve the Diabolical Machinery of the Past - seek to outwit the brilliant ancient designers of many epic puzzles and vaults in order to uncover their secrets. Be warned that they do not take kindly to 'meddling', and as such, the price of failure is extreme."
5298,tomb-raider-legend,Tomb Raider: Legend,2006-04-06,2006,https://media.rawg.io/media/games/9d4/9d45e22df640fcb6f4b754aa3491ae09.jpg,3.9,82.0,2,"PC, PlayStation, Xbox, Nintendo","Action, Adventure","The gaming world's sexiest and most intrepid adventurer makes her triumphant return in Lara Croft Tomb Raider: Legend! Follow Lara down a path of discovery as she travels the globe to remote, exotic locales in search of one of history's greatest artifacts that unleash unwelcome figures from Lara's mysterious past. With guns blazing, Lara must use her athletic ability and intellectual wits to explore vast, treacherous tombs, riddled with challenging puzzles and deadly traps. Experience the beginning of the new Legend in the most adrenaline-fueled Tomb Raider adventure ever! Lara Croft evolved! - the sexy, dual-pistol wielding heroine is presented like never before with new graphic and animation sets, presenting Lara in the finest fidelity to date Return to the tombs! - discover and explore living breathing, lost ancient realms that hold clues to the secrets of Lara's past. Physics, Water and Fire systems bring the perilous environments of Lara's world alive, and challenge the player to improvise solutions to obstacles The Intuitive and Fluid Control System movement allows you to keep Lara in continuous motion; seamlessly handle any obstacle and interact dynamically with any surface Experience the new legend of the Tomb Raider series! - the future of the adrenaline-fueled adventure meets the promise of the next generation gaming systems. Utilize strength and intelligence on your quest! - use the grappling hook, an arsenal of new weapons, communications devices, and other tools to achieve your goals. Travel the globe to the world's most exotic locales! - explore ancient tombs, treacherous jungles, snowy mountain ranges, and much more."
5304,battlefield-1943,Battlefield 1943,2009-07-08,2009,https://media.rawg.io/media/games/3fb/3fb4cecfa42d7cdf98dabb59bb42925e.jpg,3.75,84.0,1,"PlayStation, Xbox","Action, Shooter","It's time to do your part in the action packed battles of the World War II Pacific campaign! Pick your path - be it as a rifleman crawling the trenches, a steel fisted tank commander, or ace fighter pilot dog fighting to protect the skies. Play as a lone wolf or with your friends, coordinating to turn the tide of battle. Whatever you choose, you get to enjoy the thrill of a fully featured online shooter with the unique Battlefield™ gameplay. So, whether you are flying your Zero fighter for the glorious Japanese Imperial Navy over Wake Island or rushing the shores on Iwo Jima with other battle-hardened U.S Marines, you´re in for an intense battle. Use the built in squad features to team up with up to 4 other soldiers and make your way across the Pacific Theatre together. Thrash an enemy bunker, setup camp and snipe across the map, steal a tank in the enemy’s stronghold while your comrades launch an all out bomber attack the choices are endless! Buy now for a complete, action packed Battlefield™ gameplay right at your fingertips with quick and easy access. Software subject to license (us.playstation.com/softwarelicense). Online activity subject to Terms of Services and User Agreement (www.playstationnetwork.com/terms-of-service)."
5342,medal-of-honor,Medal of Honor,2010-10-12,2010,https://media.rawg.io/media/games/106/1069e754e7e6012b0cf42b4b04704792.jpg,3.26,72.0,1,"PC, PlayStation, Xbox",Shooter,"Medal of Honor is a first-person action shooter providing both single and multiplayer experience. It is the thirteenth game in the Medal of Honor franchise, but in comparison to the previous ones, its plot is unique. The game is set in the historical period of the War in Afghanistan. The single campaign opens up in 2001 during the invasion of Afghanistan. The action gives an opportunity to participate in the military conflict for the U.S. Navy. In the course of the storyline, players alternate between the roles of a Navy SEAL operator codenamed Rabbit, Delta Force sniper Deuce, U.S. Army Ranger specialist Dante Adams, and AH-64 Apache gunner Hawk. The gameplay is based on typical military operations including the completion of in-game objectives (raiding enemies’ checkpoints and rescuing hostages). Medal of Honor multiplayer offers a choice of joining one of the conflict’s forces: the Coalition or the Opposing Forces. Each side has its own weapons, however, comparable in general stats. To start a match, the player should choose a class (Rifleman, Special Ops or Sniper). Classes’ equipment and skills can be upgraded with the experience points earned in combat."
5363,spyro-2-riptos-rage,Spyro 2: Ripto's Rage!,1999-10-31,1999,https://media.rawg.io/media/games/8da/8da6960974c2348585e6e99603c52126.jpg,4.14,,0,PlayStation,"Action, Adventure, Arcade, Platformer","Purchase this PS one® Classic and play it on both your PS3™ and PSP® (PlayStation®Portable) systems! Things are heating up! Spyro, the feisty, fire-breathing dragon is back and he's ready to take on a whole new adventure in this sequel to the original Spyro! You must save the worlds of Avalar by defeating the dinosaur-riding Ripto and his evil minions. Download this PS one® Classic today! Transferring to a PSP® system from your PS3™ system: You must be signed into the PlayStation®Network account that originally purchased the game. You must have at least 351 MB free on your Memory Stick Duo™. Connect your PSP® system to your PS3™ system with a USB cable and switch your PSP® system to USB Mode. Highlight the game on the PS3™ XMB™, press the Δ button and select Copy. PC Store Customers: Log into your PlayStation®Network account that you originally used to purchased the game. Then, download the game from your “Download List” in the PlayStation®Store onto your PS3™ system. This title has been converted from the original PlayStation® disc to the PSP® and the PS3™ systems. Consequently, there may be times where the title plays differently from the PlayStation® disc version, or where some features may not function properly. This version does not support PlayStation® peripherals (controller, memory card, multitap, etc.), therefore functionalities such as multiplayer, versus, and co-op modes are not available. Purchase indicates acceptance of the PlayStation®Network Terms of Service/User Agreement and this item's use restrictions. If you do not wish to accept all these terms, do not purchase this item. One-time license fee for downloads to up to 2 console systems and 2 portable systems that are associated with the purchasing account. Spyro 2: Ripto's Rage! TM & © 1999 Universal Interactive Studios, Inc. Developed by Insomniac Games, Inc. ""PlayStation"", ""PS"" Family logo, and ""PSP"" are registered trademarks of Sony Computer Entertainment Inc."
5383,worms,Worms,1995-01-01,1995,https://media.rawg.io/media/games/8fc/8fcc2ff5c7bcdb58199b1a4326817ceb.jpg,3.77,,1,"PC, PlayStation, Xbox, iOS, Apple Macintosh, Nintendo, Atari, Commodore / Amiga, SEGA","Action, Strategy, Arcade","Worms is a turn-based strategy game developed by Team17. It is the first installment of the Worms series of games. Worms is a two-dimensional game. The gameplay is similar to the strategies of the time, such as Scorched Earth. The player controls a team of four worms. The objective of the game is to eliminate the enemy team. The player and the AI take turns on which they control a randomly selected worm from their team. During each turn, the player can use any weapon available to them or change the position of a worm. Upon hitting a worm, it's health points are taken away. The worms die on two occasions: if their health points reach zero or they hit the water. The levels are interactive and their landscapes are destructible, which affects the gameplay. Players have access to a wide variety of weapons. Apart from RPGs, grenades, and UZI, the game features unusual weapons such as banana bombs or explosive sheep. During the game, weapon crates are dropped from the sky. Players also can use tools such as a blowtorch or a drill, that affect the landscape itself. It is possible to customize the games settings, such as the available weapons, the time limit of a turn and a round."
5390,burnout-paradise,Burnout Paradise,2008-01-22,2008,https://media.rawg.io/media/games/788/788b80cbc8c39167f7ed6dd89fd398dc.jpg,4.09,87.0,8,"PlayStation, Xbox","Racing, Arcade","Burnout Paradise is a race in the open world from the studio Criterion Games. The action takes place in a fictional Paradise City, a completely open world in which a player can participate in several kinds of races, discover new cars and secrets. A distinctive feature of the Burnout game series is the detail recreation of damage to the cars. Each accident occurs in slow-mo, and the camera hangs in the most exciting angles. In Paradise there are two types of damage: if all wheels are in place and the suspension is not damaged, then the player can continue the race despite the damage. If the player loses one of the wheels - a car is considered wrecked and player respawns. Also, all cars react realistically to all collisions: scratches and dents appear on the body, the body twists abreast solid objects impacts. Players can both go through the game alone in a single campaign, and compete in multiplayer races. It adds new modes such as Cops and Robbers."
5398,wipeout-hd,WipEout HD,2008-09-25,2008,https://media.rawg.io/media/screenshots/b9e/b9eb7adfc7c19618c507ab03694fc76f.jpg,3.67,,0,PlayStation,"Action, Racing, Arcade","WipEout HD is a sci-fi arcade racing game developed by Sony Studio Liverpool. Gameplay The players use the futuristic anti-gravitational vehicles and participate in the FX350 anti-grav racing league. The game features all the previous tracks and vehicles from Wipeout Pure and Wipeout Pulse, which were released on the PlayStation Portable. WipEout HD is not a remastered game in a common meaning. It is more of a spiritual successor of the core mechanics that were introduced to the public in the previous installments of the series. Five modes are present in the game: a standard race, a Tournament mode, Time trials, Speed laps, and Zone Mode, where the players have to avoid crashing while their vehicle speeds up more and more. A photo mode is also available to the players. Photo mode is available at any point during gameplay, as it freezes the race the player participates in at the moment, allows to change camera position, and change exposure, lens focus or add depth of field. The ships in the game feature four base stats: speed, acceleration, maneuverability, and shield strength. During gameplay, the players are able to pick up offensive or defensive weapons. Every weapon featured in the game was featured in the previous installment. For example, machine guns, missiles, landmines and so on. Fury expansion pack Fury expansion pack was released a year after the base game release. It featured eight tracks, 13 new vehicles, three game modes, and a new revamped campaign mode."
5403,flower,Flower,2009-02-12,2009,https://media.rawg.io/media/screenshots/4bc/4bc75319da5601d337452ca0462255ab.jpg,3.98,89.0,2,"PC, PlayStation, iOS","Adventure, Arcade, Casual, Family","Flower is a puzzle game developed by thatgamecompany. It is a spiritual successor to thatgamecompany's Flow. The players control the wind that picks up flower petals. You begin having only one flower petal in the air and your goal is to collect more and more petals as you go. Flying close to different flowers will get you more petals. The game's world is highly interactive as sometimes when you get more flower petals, world side-effects could occur. For example, dead flower fields can come back to life again, blossoming with vibrant colors or a windmill can begin to turn with the wind. There are no text or dialogues in the game. The developers put a strong emphasis on that Flower was not supposed to be a challenging game. The focus was that the game should arouse positive emotions using visual representation, music, and emotional clues. There are six levels in Flower. Each level begins with a flower in a pot by the window of the flat in some unnamed city. There are no enemies and time limits in the game. It is impossible for the player to lose."
5424,flow,flOw,2006-04-14,2006,https://media.rawg.io/media/screenshots/50c/50ca35b80bd7a35a1a7d9fecdbcd6517_kJS1cIB.jpg,3.59,71.0,0,"PC, PlayStation","Adventure, Simulation, Arcade, Indie, Puzzle","Now for the PSP® (PlayStation®Portable) system, flOw is a game about piloting an aquatic organism through a surreal biosphere where players consume other organisms, evolve, and dive into the abyss. With an embedded design of DDA (dynamic difficulty adjustment), players with differing skill levels can intuitively customize their game experience and enjoy the game at their own pace. You can play as one of 5 creatures, each in a unique environment. Use the analog stick for an organic experience that will allow you to glide, flit, and flOw through the universe. Key Features • Vibrant environments immerse you in the flOw universe. • Dynamically Adjusting Experience – Customize your game experience. • Multiplayer mode – Ad-hoc mode is supported on the PSP® system Please Re-enter Text Here Software subject to license (us.playstation.com/softwarelicense). Online activity subject to Terms of Services and User Agreement (www.playstationnetwork.com/terms-of-service). flOw ©2007 Sony Computer Entertainment America Inc. Developed by thatgamecompany."
5426,crash-bandicoot-warped,Crash Bandicoot 3: Warped,1998-10-31,1998,https://media.rawg.io/media/games/837/837a609b0584db5d03534c8e767861b1.jpg,4.33,91.0,5,PlayStation,"Action, Platformer","Oh, yeah! He's back! AND he's ready to rumble! It's a whole new adventure with Crash Bandicoot, and this time he's time traveling through the ages with his little sister Coco! Scubadive with the sharks, ride a baby T-Rex, go soar the skies in a plane, gallop along the Great Wall of China on a tiger, dodge ancient Egyptian mummies and much much more!"
5445,pixeljunk-eden,PixelJunk Eden,2008-07-31,2008,https://media.rawg.io/media/screenshots/8ce/8cea9e18b2ca4453ec5ed36b18466c97.jpg,2.94,81.0,2,"PC, PlayStation","Action, Casual, Indie, Puzzle","PixelJunk Eden is a 2D casual platformer as well as the part of the vast series divided into the two periods: Eden takes place within the first period and occupies the third position in it. Gameplay The player controls the protagonist, Grimp, on its journey through the meditative worlds. The core gameplay mechanic is traveling by sticking to the objects. Locations called gardens to unlock when a certain amount of Spectra is met. The only enemies in the game are guardians — they can cut the protagonist's web which forces him to fall from the above. Story The game does not feature any prolonged narrative whatsoever. The absence of a wholesome storyline is compensated by the sound design, which creates the associations needed for the right attitude towards the game. The in-game mechanics also allow the title to have non-zero replayability. Interesting features PixelJunk Eden is the first game to support the PS3 trophy system natively — the other titles needed the appropriate patch. It is also the very musical game which is to be experienced through the artwork and sound design, not actual gameplay — Baiyon, the artist from Japan created all of the in-game backgrounds. The soundtrack and design have been largely contributed in by Dylan Cuthbert who has also created the sounds to the other PixelJunk titles."
5488,crash-bandicoot,Crash Bandicoot,1996-09-09,1996,https://media.rawg.io/media/games/bc1/bc141ec3f4ca8d1d14f0ab4e4f9e654d.jpg,4.13,,20,PlayStation,"Action, Platformer","Crash Bandicoot is the first installment in the 16 titles-long series. While the game set features various genres: races, beat'em'ups and platformers, the first part concentrates on platforming style. The game is developed by Naughty Dog who is currently famous for making Jax and Daxter, Uncharted and The Last of Us series. The game features self-titled bandicoot protagonist trying to get past the obstacles while crashing enemies by jumping and circling them and collecting fruits and masks that give him various bonuses. All levels emphasize running against or into the screen. Crash Bandicoot tells a story of a mutated bandicoot, trapped on Wumpa islands. He fights evil corporation сalled Doctor Neo Cortex which turns every living being into the beasts fighting against each other. The game features two ending — usual and true. With latter ending achieved by collecting all of the gems namely clearing the level without deaths and collecting every bonus there is to grab."
5520,bionic-commando,Bionic Commando (2009),2009-05-18,2009,https://media.rawg.io/media/games/d1b/d1b807b4dd3268a41307a3d6ce2518c9.jpg,3.22,69.0,1,"PC, PlayStation, Xbox","Action, Shooter, Adventure","Bionic Commando is the sixth installment in the series of this name. It is a science fiction game in which the protagonist can use his robotic arm for various purposes. Plot The game directly continues the plot of the original 1988 NES game. It is set in the near future, ten years after the first Bionic Commando. The protagonist of the previous part, Nathan ""R.A.D."" Spencer, a ""bionic"" cyborg soldier, makes a return. He is voiced by Mike Patton, the vocalist of Faith No More. Despite his heroic deeds, Spencer was framed for crimes he was not guilty of and sentenced to be executed. The government releases the protagonist after a terrorist attack that destroys the whole Ascension City. Spencer has to clear his name and earn his freedom by finding and defeating the perpetrators of the attack, the BioReign organization. Gameplay The player controls Nathan from the third person view. Unlike the original Bionic Commando, the sequel is in 3D. The level design allows the player to fully explore all three dimensions as it includes skyscrapers the protagonist has to climb. The most definitive part of the Bionic Commando gameplay is Spencer's retractable bionic arm. The limb increases his reach and strength, allowing the protagonist to swing across the gaps and canyons and throw heavy objects and enemies. The player can also use two types of guns: the Tungsten gun for weak rapid fire and the Prototype gun for powerful single shots."
5524,brink,Brink,2011-05-09,2011,https://media.rawg.io/media/games/55c/55c7e7a972d361db3677c1dd10a5558d.jpg,2.72,70.0,2,"PC, PlayStation, Xbox","Action, Shooter","Brink is an immersive first-person shooter that blends single-player, co-op, and multiplayer gameplay into one seamless experience, allowing you to develop your character whether playing alone, with your friends, or against others online. You decide the combat role you want to assume in the world of Brink as you fight to save yourself and mankind’s last refuge. Brink offers a compelling mix of dynamic battlefields, extensive customization options, and an innovative control system that will keep you coming back for more. Brink takes place on the Ark, a man-made floating city that is on the brink of all-out civil war. Originally built as an experimental, self-sufficient and 100% “green” habitat, the reported rapid rise of the Earth’s oceans has forced the Ark to become home to not only the original founders and their descendants but also to thousands of refugees. With tensions between the two groups growing, Security and Resistance forces are locked in a heated battle for control of the Ark. Which side will you choose? KEY FEATURES: Not Just Another Hero – Brink's advanced player customization offers a near-endless combination of looks for your character – allowing for the appearance of your character to be truly unique. As you progress through the game and acquire more experience, you’ll have even more opportunities for customization. Two Sides to Every Story – Choose to fight through the single player campaign as either a member of the Resistance or the Security and then take your same character online to play cooperatively or competitively against other players. Blurring the Lines – Take your unique character online at any time you choose! Brink allows you to seamlessly move between your single player campaign, co-op with friends, and intense multiplayer action. Multiplayer takes the story online where you can play with up to seven other people (or AI characters) cooperatively as you take on the opposing faction or with up to 16 players competitively. Play SMART – Brink uses the familiar shooter controls that you’re used to, without frustrating, artificial constraints and adds a new feature: the SMART button. When you press the SMART button, the game dynamically evaluates where you’re trying to get to, and makes it happen. Whether you’re a seasoned FPS veteran or someone just getting started, you’ll be able to make more intelligent decisions during the fast-paced action with SMART. Context-Sensitive Goals and Rewards - Objectives, communications, missions, and inventory selection are all dynamically generated based on your role, your condition, your location, your squad-mates, and the overall status of the battle in all gameplay modes. You’ll always know exactly where to go, what to do when you get there, and what your reward will be for success."
5525,brutal-legend,Brutal Legend,2009-10-12,2009,https://media.rawg.io/media/games/af7/af7a831001c5c32c46e950cc883b8cb7.jpg,3.65,80.0,5,"PC, PlayStation, Xbox, iOS, Apple Macintosh, Linux","Action, Strategy","Heavy Metal is a way of life and a world in itself, but Eddie Riggs found the real one, after the accident during a concert left him crushed by the scenery and making the involuntary blood sacrifice to the Ormagöden. The action adventure game with the real-time strategy elements in the open world introduced a star voice cast, compiled by musicians that became prototypes for some of the characters players will encounter during the game. Aside from the main story, players will be able to encounter dozens of side missions that may vary from the defense battles to a race. When using his V-guitar named Clementine, Eddie can cast spells, called Solos, by a simple rhythm game, reminiscent of Guitar Hero. Some story missions are so-called Battles of the Bands, where players will fight the armies in a real-time strategy fashion, and winning by outperforming the enemy band and destroying the stage."
5528,call-of-duty-world-at-war,Call of Duty: World at War,2008-11-11,2008,https://media.rawg.io/media/games/da1/da15524e850ee9791b32973b748e08d5.jpg,3.94,83.0,7,"PC, PlayStation, Xbox, Nintendo",Shooter,"Call of Duty: World at War is a first-person shooter set during World War II and based on several historical battles. The action switches between three playable characters and covers the Pacific Theater and Eastern Front. The story begins with U.S. Marine Private C. Miller who is captured by the Japanese and waits for execution. Later it jumps over war theaters and the timeline, skipping entire months. The battles in World at War are quite realistic, with the maximum of two weapons you can carry plus hand grenades. AI allies fight alongside to you, and there's also a cover system that helps to restore health and complete stealthy missions. The variety of levels includes PBY missions, sniper tasks, and sea battles. World at War is the first game of the franchise to introduce Nazi Zombies mode - a cooperative mini-game where 2 to 4 players fight endless hordes of zombies. While the area cover in this mode is quite small, it was expanded by the World at War map packs."
5529,castlevania-lords-of-shadow,Castlevania: Lords of Shadow,2010-10-05,2010,https://media.rawg.io/media/games/16d/16d7322b388ee408711e68f390afe5c0.jpg,3.91,84.0,6,"PC, PlayStation, Xbox","Action, Adventure","Castlevania: Lords of Shadow is a slasher game developed by MercurySteam. It is a reboot of the Castlevania game series. Plot The game takes place in a fantasy version of a middle age Europe. A member of the group of knights, calling themselves the Brotherhood of Light, defends common people from supernatural creatures. His wife was murdered by one of them, but her soul is trapped between the worlds. She comes back to her husband Gabriel and guides him to the God Masks that can bring her back to life. Gameplay Castlevania: Lords of Shadow is a third-person adventure slasher title. Like in most games of this genre, Lords of Shadow focuses on short-range combat. The main weapon the player has is a chain whip called the Combat Cross. The players can use its powerful direct attacks or weak attacks that can be performed to inflict damage in a big radius. These attacks can be chained into more than forty different combo attacks. The game features a Light and Shadow magic system, which affects the characteristics of the spells used by the player. Should one go on the path of Light, defensive spells will be used with Shadow magic using aggressive ones. It is also possible to upgrade the player's whip. Just like the previous Castlevania titles, the game features numerous puzzles and a certain degree of platforming. The Combat Cross can be used by the player to scale walls, rappel down them or swing across the pits."
5538,dark-souls,Dark Souls,2011-09-22,2011,https://media.rawg.io/media/games/582/582b5518a52f5086d15dde128264b94d.jpg,4.34,89.0,48,"PC, PlayStation, Xbox","Action, RPG","Bone-rattling because of its complexity adventure in the Lordran, land of the ancient lords and endless mysteries. We are playing for a tacit prisoner, whose goal is to become human again. This is the first game in the series. The main game mechanics is exploration. Dark Souls is a third-person action RPG, a part of the Souls series. The player slowly advances from one point of contact to another, defeating more and more powerful enemies. Completing the game is a truly hard task with the first, one of the main features of the series - a constant repetition and search for better tactics to overcome a certain enemy. After each savepoint respawns defeated enemies, after each death the player loses all the accumulated in-game currency. In the game there is an unconventional multiplayer system: players can invite other people to join their game sessions for a duel or to help each other with difficult bosses."
5540,devil-may-cry,Devil May Cry,2001-08-23,2001,https://media.rawg.io/media/games/c98/c980484ebd10882788fc5e8fbabefbef.jpg,4.06,84.0,0,"PC, PlayStation, Xbox, Nintendo",Action,"Debuting in 2001, Devil May Cry® is the game that redefined the action genre with its stylish combo system and over-the-top, non-stop action. Wielding twin handguns and a demonic blade, the iconic white-haired devil hunter Dante slashes through legions of monstrous minions in a battle to save humanity from utter damnation."
5542,devil-may-cry-3,Devil May Cry 3: Dante's Awakening,2005-02-17,2005,https://media.rawg.io/media/games/912/9128672600b6f23f28c438fc4963e042.jpg,4.39,78.0,1,"PC, PlayStation, Xbox",Action,"Dante returns in Devil May Cry® 3 Special Edition with all new stylish ways to eradicate demons. In this hellish prequel to the genre-defining hit, Dante battles his twin brother Vergil to prevent the dark resurrection of their father’s demonic power. Dante tears through his enemies with deadly styles, a new arsenal of demonic weaponry, and the craziest combos, proving DMC3 to be the quintessential action game of the series and the genre."
5544,dirt-3,DiRT 3,2011-05-24,2011,https://media.rawg.io/media/games/640/6409857596fe6553d3bb5af9a17f6160.jpg,3.67,87.0,2,"PC, PlayStation, Xbox","Sports, Racing, Arcade","DiRT 3 is a racing simulator that differs from its rivals because of unusual races and a huge variety of cars that includes modern sports models along with retro cars. Instead of fancy stadiums, the game offers you to drive through snowy landscapes of Finland and dirty roads of London's suburbs. In the career mode, you need to compete with other racers to gain the interest of sponsors. The higher your rank becomes, the more cars become available. While DiRT 3 and the series in general is famous for its responsive controls and simple physics that make these games easy to master for newcomers, DiRT 3 features a quite challenging new mode - gymkhana. In this mode, you need to perform different tricks in a limited time period, such as drifting, jumping or spinning around. Gymkhana rounds are unskippable to progress in the career mode. Another key feature that highlights DiRT 3 is flashbacks - the mechanics that allows turning back time if you made a mistake during the race and driving a certain piece of the track again."
5550,driver-san-francisco,Driver San Francisco,2011-09-01,2011,https://media.rawg.io/media/games/cce/ccee39dd9977482f655f22ad35de61ce.jpg,3.77,80.0,4,"PC, PlayStation, Xbox, Nintendo","Action, Racing, Arcade","Driver: San Francisco is the fifth game in the Driver franchise. It is a game about chases with a crime thriller plot. Plot Plotwise, Driver: San Francisco serves as a sequel to Driver 3 rather than the previous installment, Driver: Parallel Lines. As with the rest of the Driver series, the main character is John Tanner, a police detective, and a talented driver. Tanner is chasing the mobster Charles Jericho who survived the events of Driver 3. While awaiting trial in San Francisco, Jericho escapes the custody and wrecks chaos in the city. Tanner is injured and falls into a coma. While unconscious, the protagonist discovers he has a supernatural power to inhabit other people's bodies. It allows him to continue the chase. Gameplay The game is set in a thoroughly modeled San Francisco complete with its famous landmarks. Unlike in the three previous games, Tanner cannot leave the car and walk around. Instead, Driver: San Francisco introduces a new option called Shift, using which the protagonist instantly changes vehicles. This is explained as a supernatural ability to switch bodies. The game also reintroduces the popular Film Director mode. It allows the player to replay his or her adventures using various cameras so that the walkthrough video looks almost like a movie. Multiplayer The game is the first in the series to introduce both local and online multiplayer. There are several modes that include a vehicular tag game and other variations of a competitive chase game."
5562,fallout-3,Fallout 3,2008-10-28,2008,https://media.rawg.io/media/games/5a4/5a4e70bb8a862829dbaa398aa5f66afc.jpg,4.08,91.0,4,"PC, PlayStation, Xbox","Shooter, RPG","Fallout 3 is a legendary action RPG, which continues the Fallout franchise. Players dive into the events held 36 years after Fallout 2's ending. The game is set in the post-apocalyptic open world known as the “Capital Wasteland.” According to the storyline, by 2277, the whole familiar world finds itself devastated. The cataclysm is the consequence of the nuclear war of 2077 between USA and China. The only people left on Earth are lucky ones, who managed to stay alive on the surface, and those, who made their way to the warehouses provided by Vaul-Tech (like the main character). In the very beginning, the protagonist wakes up inside the Vault 101. His only aim is to find his father who left the warehouse some time ago. On his way, he will contact other survivors (both gangs and singles) and explore entire restoring areas of Washington D.C., Northern Virginia, and Maryland. The game offers countless progress opportunities, so the gameplay is overloaded with various features including types of customization, numerous conversations with NPC’s, side quests – everything that an average player is going to face."
5564,fear-2-project-origin,F.E.A.R. 2: Project Origin,2009-02-10,2009,https://media.rawg.io/media/games/d1d/d1dd46e2ef7f8a1ee946d3ab779c3754.jpg,3.85,79.0,4,"PC, PlayStation, Xbox","Action, Shooter","F. E. A. R. 2: Project Origin is a first-person shooter with elements of horror, the sequel to the game F. E. A. R. The game has an abundance of scenes of violence and anatomically detailed images of dead bodies, what makes the atmosphere oppressive. You play as a Delta Force operator Michael Becket during your most common mission, which is gradually turning into a struggle for survival against the wrath of Alma. After the terrible power of Alma is out of control, your squad is forced to break through the apocalyptic wilds, defending their lives in parallel, as well as looking for a lot of clues about how to destroy it! Most of the gameplay the game borrows from the first game of the series. Now in the game, there is no possibility to look out from behind a corner on which replacement the system of shelters is entered (the player can use objects which surround him, for the creation of the essential shelters, for example, to turn a table or to open a car door). Also, there was an indicator of ""fatigue"" (if the scale is full, it will give the opportunity to make a short-term sprint)."
5565,fear-3,F.E.A.R. 3,2011-03-25,2011,https://media.rawg.io/media/games/1da/1da9a7af524e81d257f972fbc06baefd.jpg,3.35,74.0,3,"PC, PlayStation, Xbox","Action, Shooter","The third game of the FEAR series of games. The general outline of the whole line of these games is the confrontation of special forces, to be more precise, a soldier named ""Operative"", and a squad of super-soldier clones who refused to obey their superiors. Rebellious clone soldiers are capable of even cannibalism, and other details of the setting correspond to this level of fear. Protagonists and antagonists have unusual abilities or conventional abilities, developed to an unusually high level. This is manifested, among other things, in the possession of ghostly forms, by which it is possible to mislead other people. The game is strictly from the first person. A notable feature of the gameplay is the slow motion mode. In this mode, the player accelerates the perception to such an extent that it can see the flying bullets. This gives him obvious advantages. The slow motion mode, in the game, is explained by the increased content of adrenaline in the blood, which occurs in a person, in a situation that threatens life. If this condition is caused in a natural way, then it does not last long. It can be extended with the help of a special drug, which is included in the number of useful game stuff. Sometimes this mode is ""turned on"" during visions that visit the hero and act on him as much as the danger."
5574,god-of-war-chains-of-olympus,God of War: Chains of Olympus,2008-03-04,2008,https://media.rawg.io/media/games/43d/43d96923f98c75727bd55b676fb3b6d3.jpg,4.11,91.0,0,PlayStation,Action,"Before he waged war on the gods... he was forced to serve them. The ancient world speaks of a mortal that slayed a God. But long before his battle with Ares, Kratos sought absolution from his past sins by pledging himself as a champion to the Gods. These brutal crusades in the name of Olympus became legendary. The Ghost of Sparta is now ordered by the Gods to journey the underworld, after the world plunges into darkness. There he must face the most feared creatures of Greek Mythology and is forced to choose between his own personal redemption and saving the ancient world from certain destruction. ""God of War is a registered trademark of Sony Computer Entertainment America Inc. © Sony Computer Entertainment America Inc. ""PlayStation"", ""PS"" Family logo, and ""PSP"" are registered trademarks of Sony Computer Entertainment Inc. Developed by Ready At Dawn Studios, LLC. Purchase or use of this item is subject to the PlayStation®Network Terms of Service and this item’s use restrictions. If you do not wish to accept all these terms, do not purchase or use this item. One-time license fee for downloads to up to 2 portable systems that are associated with the purchasing account."
5578,grid,GRID (2008),2008-06-03,2008,https://media.rawg.io/media/games/fc0/fc076b974197660a582abd34ebccc27f.jpg,3.65,87.0,1,"PC, PlayStation, Xbox, Nintendo",Racing,"GRID is a racing game that lets the player dive into the motorsport, assume the real racer’s role and even control their own racing team. Races and racing championships are held in three main locations – the United States, Europe, and Japan. All racing circuits in the game are the mixture of imaginary and the existing ones. The gameplay is divided into 6 racing classes: GT championships, drifting, touge (climbing the narrow mountain pass like Pikes Peak), open wheel racing, demolition derby, and 24 Hours of Le Mans (additional at the end of the season). Each car of 43 available in the game is tied to one of the event types. Several professional teams compete within these championships. Therefore, to start the career player have to choose one of the disciplines and a professional team to join. While progressing GRID gives an opportunity to create your own racing team, hire sponsors and other drivers, and participate in different events. The gameplay also has a remarkable feature called “flashback” that allows rewinding time to prevent driver’s mistakes."
5583,hitman-absolution,Hitman: Absolution,2012-11-19,2012,https://media.rawg.io/media/games/d46/d46373f39458670305704ef089387520.jpg,3.75,79.0,7,"PC, PlayStation, Xbox, Apple Macintosh","Action, Shooter","The direct sequel to the Hitman: Blood money, Absolution tells the story of Agent 47, the true intentions of his Agency and how top Agent became a renegade on the run. Unlike previous games in the series, players will get more linear and cinematic experience. The game revolves around objective-based missions, providing various methods of completion. Players can avoid direct confrontation by disguising themselves in other people’s uniforms and use environmental interactions to distract or kill unsuspecting targets. And in case of raising the alarm, players can try to rush the mission with the direct attack, using dozens of available weapons. Players can use special vision mechanic, called Instinct. It allows seeing through the solid surfaces in order to observe NPC’s, items that can be interacted with and predict the movement of patrolling guards. Absolution provides players with additional challenges and collectibles in order to invite players to explore the maps."
5603,naruto-ultimate-ninja-storm,NARUTO: Ultimate Ninja Storm,2008-11-04,2008,https://media.rawg.io/media/screenshots/89c/89cbbdff281fac41adf04987f4c8a3f2.jpg,3.78,,5,"PC, PlayStation, Xbox, Nintendo","Action, Fighting","NARUTO: Ultimate Ninja STORM allows players to battle in full 3D across massive environments. Players will unleash powerful jutsu attacks, perform acrobatic evasive maneuvers and even run up walls and over water as they pursue their opponent for ninja supremacy. Players will be able to customize their character's fighting style and recruit up to two support characters to put their own stamp on the action. NARUTO: Ultimate Ninja STORM has been remastered in HD."
5604,legendary,Legendary,2008-10-31,2008,https://media.rawg.io/media/games/8b5/8b5517322bb1ab56b127c52d77b44cec.jpg,2.76,50.0,1,"PC, PlayStation, Xbox","Action, Shooter","The ancient myth of Pandora's box serves as the starting point of this game. Archaeologists find an artifact, a mysterious box, in ruins on the ocean floor, in the early 21st century. They can not determine what it is and put a find in one of the museums in New York, where it is well guarded. However, there is a person in the world who knows exactly what it is. This is the millionaire Ormond LeFey. LeFey hires an experienced thief Charles Deckard. Deckard must enter the museum, open this artifact and take its contents. Pawn in someone else's game Deckard easily bypasses the security system of the museum and opens the box. When he does this, Signet appears on his left hand, and a powerful cloud of energy rips out of the box into the sky. Deckard leaves the museum and sees that there are creatures running around the streets, which were known only from myths. The sky is also full of these creatures, and all of them, both in heaven and on earth, attack people, tear them apart, turn over cars and destroy buildings. From Pawn to Queen Deckard is the only person capable of removing monsters from our world. Deckard has to fight monsters with conventional weapons, but Signet on his arm absorbs the energy of dead monsters, this energy is able to heal Deckard and give him the power to ""kinetic strike"". Some useful things also do not work unless you apply this energy to them. Deckard has a notebook containing information about his tasks, monsters and weapons. During the game, Deckard has to go to London, then again return to New York, to penetrate the headquarters of LaFay, to cope with many other missions. Allies and multiplayer Deckard is assisted by members of the paramilitary organization ""Council of 98"", this organization also knows about the artifact. The millionaire LeFay, who hired Deckard to open the artifact, is also not the loner, but the head of another organization, the Black Order, which seeks to master the forces of the artifact to conquer the world. When playing in multiplayer mode, up to eight people can participate in the game, and the Council of 98 and the Black Order are very relevant there."
5606,lego-indiana-jones-2,LEGO Indiana Jones 2: The Adventure Continues,2009-11-17,2009,https://media.rawg.io/media/screenshots/d72/d729340faa6c909dc2ce08c8a0fd19f6.jpg,3.68,66.0,4,"PC, PlayStation, Xbox, Apple Macintosh, Nintendo","Action, Adventure, Family","LEGO® Indy is back in his biggest adventure yet. Battle through all four movies, including all-new levels from the original adventures and your favorite new moments from The Kingdom of the Crystal Skull... or in true LEGO® fashion, get creative and build your own levels to play with friends! New modes including two-player drop-in, drop-out split-screen gameplay lets you play together with your friends and family like never before For the first time, create your own levels and play them with friends! New vehicles, characters and abilities in the biggest LEGO environments ever! Use a variety of weapons from the environment to fight enemies (e.g., chairs, guns, swords, bottles) Collect artifacts through the game to unlock more than 60 playable characters, including villains and supporting characters (Marion Ravenwood, Mutt Williams, Short Round, Rene Belloq, Willie Scott, Marcus Brody, Dr. Henry Jones Sr. and Irina Spalko) A complete retelling of Indy’s three original adventures from the first game, for a whole new experience! Includes all your favorite moments from The Kingdom of the Crystal Skull"
5611,nfs-prostreet,Need for Speed: ProStreet,2007-11-13,2007,https://media.rawg.io/media/games/269/269cd0c0a196e87ece216b534813df50.jpg,3.52,72.0,1,"PC, PlayStation, Xbox, Nintendo","Racing, Arcade","Compete at the highest level of street racing with Need for Speed™: ProStreet. It's no longer good enough to simply rule your local neighborhood; in ProStreet, you need to dominate on a global stage. Build the ultimate battle machine, take it to multi-disciplinary showdowns and pit your skills and reputation against the world's best street racers."
5615,nfs-undercover,Need For Speed Undercover,2008-11-17,2008,https://media.rawg.io/media/games/4ad/4ad6ab9cfe8146224330598a4a62fb14.jpg,3.23,65.0,2,"PC, PlayStation, Xbox, Nintendo","Racing, Arcade","Need For Speed Undercover is a racing game and the twelfth installment in the twenty-four-title long series of the same name. Gameplay Almost every Need For Speed game features the same gameplay features, and Undercover is no different. There is an open world which is permitted to discover at any time in contrary with, for instance, Most Wanted, where the environment was zoned, and the locations opened as the story progressed. The car collisions system has become more realistic compared to the previous parts of the game, but damage remained cosmetic only with no impact on performance. However, the car may be destroyed in Highway Battle — one of the game mods. The title features some RPG elements — wheelman points, which grants the player access to bonus levels and car parts. The police in the game are traced by the bar at the top of the screen varying between Busted and Evade modes. The capturing of the player results in the checkpoint restart. Plot The game's title suggests the protagonist role in the story — he is an undercover police agent given a task to infiltrate the group of street-racers to expose them to arrest. The background behind the races is taking down the criminal gangs and cliques. During the narrative player is faced with some dilemmas demanding a hard choice of him on which side to take."
5636,rage,Rage,2011-10-03,2011,https://media.rawg.io/media/games/8a7/8a75028028592f9323d1e6e86668bb91.jpg,3.42,79.0,5,"PC, PlayStation, Xbox","Action, Shooter","The game takes place in the near future. Civilization gradually begins to die out after the meteorite fell to the Earth. You find yourself in the middle of a vast wasteland and discover that humanity is trying to rebuild itself, under constant threat from bandits, mutants, and Power – a tyrannical state regime,which is actively interested in you personally. You have to participate in intense firefights with hordes of mutant bandits, trying to save your life. You can also give a try in tight races, and on the proceeds, you will be able to modify your buggy. The game has a vast range of hand weapons, and there are both classic weapons from games, entirely new and unique types, exclusives for RAGE. Various optional devices can improve the gun. Also in ""RAGE"" there is an in-game economy, players can spend the game money earned in fights and races. For the money, you can buy new weapons, reinforced armour."
5640,resistance-2,Resistance 2,2008-11-04,2008,https://media.rawg.io/media/games/76c/76c2e0c8186879e159fcd1ac72f12aa5.jpg,3.65,87.0,10,PlayStation,"Action, Shooter","Resistance 2 is a sci-fi first-person shooter developed by Insomniac Games. It is the second part of the Resistance trilogy. Plot The game takes place right after the ending of Resistance: Fall of Man. Nathan Hale wanders somewhere in a snowy forest after the destruction of an alien tower in London. Suddenly, a black ops squad finds him. They put their guns up on the protagonist and demand that Hale goes with them. At first, Nathan wants to blow himself and all the soldiers up with a grenade, but changes his mind and complies. His fight against the alien Chimeras continues. Gameplay Resistance 2 is mainly a singleplayer game. Many weapons from Fall of Man were reused, with several new additions such as the Marksman and a minigun. The game is based in the 1960s, so the weapons resemble a mix between the common weaponry of the time and advanced alien tech. Unlike the first game, the players can only carry two weapons at all times. Resistance 2 goes away from the health bar system in favor of regenerative health. That means that now the players have to stick to cover when their health is low to regenerate it. Multiplayer A multiplayer mode is also present in the game. However, there is no cooperative play in the singleplayer campaign. There are two multiplayer variations: a separate co-op campaign and a competitive one. The game was praised for having up to 60 players in one competitive session and up to 8 in a cooperative mode."
5653,singularity,Singularity,2010-06-25,2010,https://media.rawg.io/media/games/702/7020d1319d09e0c6a840aa08c5ce120f.jpg,3.99,76.0,5,"PC, PlayStation, Xbox",Shooter,"Singularity is a shooter game developed by Raven Software. Plot The protagonist is Captain Nathaniel Renko, a part of a U.S. Recon Marines group. The action starts from an uninhabited island called Katorga-12. An electromagnetic surge from the island hits an American satellite, and the unit goes there to investigate the place. Another surge damages the crew’s helicopter; Nathaniel is the only person who stays alive. He fades out to find himself in the past. At this point, the plot twists; every event in the past has an impact on the present. Back in 1955, Nathaniel meets Nikolai Demichev, a Soviet scientist working at Katorga-12. Further on, Renko and Demichev run against each other during the whole story; their interactions are at the core of the game. Gameplay Singularity is the first-person shooter; the player performs the protagonist's actions. The main gameplay device is not a weapon, but an artifact called the Time Manipulation Device. Using that, the player can move the protagonists and objects around back and forth in time. At some point the player has to make choices; they affect the game result. The game also has multiplayer modes; the player can perform either as a soldier or as a creature, one of the individuals inhabiting Katorga-12. Key features The game’s concept is based on the Cold War era. Some features are inspired by exploration of military bases back in the 20th century and by sci-fi movies."
5663,star-wars-the-force-unleashed,Star Wars: The Force Unleashed,2008-09-16,2008,https://media.rawg.io/media/games/932/93221053809511fde4a0c6a9fddaf558.jpg,3.87,69.0,22,"PlayStation, Xbox, iOS, Nintendo","Action, Adventure","The STAR WARS® saga continues in STAR WARS®: THE FORCE UNLEASHED™, a videogame developed by LucasArts, which casts players as Darth Vader’s “Secret Apprentice” and promises to unveil new revelations about the STAR WARS® galaxy. The expansive story is set during the largely unexplored era between STAR WARS: Episode III REVENGE OF THE SITH and STAR WARS: Episode IV A NEW HOPE."
5674,test-drive-unlimited-2,Test Drive Unlimited 2,2011-02-08,2011,https://media.rawg.io/media/games/6d1/6d16e484fd7218b2d082fae7240d9510.jpg,3.8,72.0,5,"PC, PlayStation, Xbox","Racing, Arcade","Test Drive Unlimited is an arcade car and motorcycle simulator developed by Eden Games. It is not linked to the previous installment of the series in any way. Setting The game starts on a Spanish Island of Ibiza. The customizable main character works as a car valet. One day, they are offered to participate in an island-wide championship called Solar Crown due to his dream of becoming a professional racer. Gameplay Like in the previous game of the Test Drive franchise, the game features a completely open world and is set on two islands - Ibiza in Spain and O'ahu, Honolulu. The players are free to buy whichever vehicle they want as long as they have the required driving license and money. There are four licenses in the game, Asphalt, Off-road, Classics, and Motorcycles. Each license has several levels that must be acquired in the in-game driving school. The cars are not the only thing available to the players. The game features a wide variety of social options. The players are free to buy new clothes, houses, visit casinos or even start their own crew by purchasing a club building. Multiplayer The game features a free-roaming multiplayer mode, with up to eight players playing together in one game session. Apart from free-roaming and competing in races, it is also possible to visit the game's social hubs, other players houses or drive in one car with other players."
5677,assault-on-dark-athena,The Chronicles of Riddick: Assault on Dark Athena,2009-04-07,2009,https://media.rawg.io/media/games/9fd/9fd154d9405fba7b6718aa46a46aa82a.jpg,3.97,81.0,2,"PC, PlayStation, Xbox, Apple Macintosh","Action, Shooter","Be Riddick, the most ruthless criminal in the universe. In his latest chronicle, Riddick has been captured by The Dark Athena, a mercenary ship hell-bent on eliminating him once and for all. Using his intense hand-to-hand combat skills, explosive firepower, and lethal stealth, Riddick must shut down the maniacal Captain Revas and her deadly crew. When Riddick steps into the darkness, no one is safe. Before battling the Necromongers on Helion Prime even before the crash landing of the Hunter-Gratzner on a deserted planet in Pitch Black Riddick stalked his enemies across the universe. Play the award-winning Escape from Butcher Bay campaign, which has been re-mastered with top of the line graphics specifically for next-gen systems."
5678,the-elder-scrolls-iv-oblivion,The Elder Scrolls IV: Oblivion,2006-03-20,2006,https://media.rawg.io/media/games/615/61503312a95d451198d80d9bae275f79.jpg,4.34,94.0,4,"PC, PlayStation, Xbox",RPG,"The Elder Scrolls IV: Oblivion is an action RPG, a part of The Elder Scrolls series, which follows TES: Morrowind and proceeds TES: Skyrim. You take on the role of a hero that needs to stop an ancient cult from opening gates in the demon world called Oblivion. Your character is completely customizable: the game features multiple human and anthropomorphic races to choose from, different skills you can obtain and develop and abilities to improve through the game. The specification of skills you choose will affect your playthrough: the character can be more efficient in melee combat or magical abilities as well as stealthy complete some quests. The game is set in an open world, so it's up to you whether to follow the storyline or focus on numerous side quests. You can explore the world of Oblivion freely on foot or use the fast travel system that allows moving instantly to every visited location. The game doesn't stop after completing the main story and lets you explore the world as long as you want."
5679,the-elder-scrolls-v-skyrim,The Elder Scrolls V: Skyrim,2011-11-11,2011,https://media.rawg.io/media/games/7cf/7cfc9220b401b7a300e409e539c9afd5.jpg,4.42,94.0,47,"PC, PlayStation, Xbox, Nintendo","Action, RPG","The fifth game in the series, Skyrim takes us on a journey through the coldest region of Cyrodiil. Once again player can traverse the open world RPG armed with various medieval weapons and magic, to become a hero of Nordic legends –Dovahkiin, the Dragonborn. After mandatory character creation players will have to escape not only imprisonment but a fire-breathing dragon. Something Skyrim hasn’t seen in centuries."
5687,the-playroom,The Playroom,2013-11-15,2013,https://media.rawg.io/media/games/363/36306deef81e7955a5d0f5c3b43fccee.jpg,2.27,,0,PlayStation,Arcade,"The Playroom is a collection of augmented reality games, requiring camera and VR gear to run. It consists of seven mini-games for up to five players: Mini Robots (a hub), Monster Escape, Cat & Mouse, Ghost House, Wanted!, Robot Rescue, and Toy Wars. In all these games players take control of tiny VR Bots. Players are offered to assume roles of robots, as the game follows their endless adventures including fights against gigantic monsters (in Monster Escape), the classic cat/mouse confrontation (in Cat & Mouse), and rescuing other robots stranded somewhere (in Robot Rescue). Mini Robots, as a central hub for all actions, is a VR toybox simulator, which is a home for VR Bots. Actually, the game is set as if robots lead their own living being periodically interrupted by players. Playing other games will give coins that can be spent on the in-game toys. As far as all the games are in the same ecosystem, progressing in the other six games will impact the upgrades of robots’ dwelling. Mini-games also feature the multiplayer mode for the game experience improvement."
5688,the-saboteur,The Saboteur,2009-12-04,2009,https://media.rawg.io/media/games/e3c/e3ce1e24d0ee02dfbb75b5692042127d.jpg,3.79,66.0,1,"PC, PlayStation, Xbox","Action, Shooter, Adventure","Not all wars are fought on the open battlefield. Download The Saboteur to visit 1940s Nazi-occupied Paris, as you play tough Irish racecar mechanic Sean Devlin. Working with the French Resistance, Sean is out for revenge against ruthless Nazi Colonel Kurt Dierker, who executed Sean’s best friend. This open-world action thriller takes you through the seedy streets of Paris, as you seek to undermine the German authority and lead a rebellion. Fight across rooftops and through dangerous alleys, and operate a wide variety of vehicles as you navigate your terrain. You can even climb the Eiffel Tower or Notre Dame Cathedral for a sniping mission. Use stealth and disguise to strike at the heart of the Nazi war machine by disabling trains, destroying bridges, and blowing up enemy facilities. As you work to remove the oppressive forces from parts of the city, the drab black-and-white palette gives way to bright colors, signifying that you have inspired the townspeople. The more you incite the people, the more they will aid you by intervening in fights or providing a quick getaway from pursuing Germans. The Saboteur presents a fresh take on World War II and features dramatic cinematic elements."
5689,the-sims-3,The Sims 3,2009-06-02,2009,https://media.rawg.io/media/games/369/36914d895c20e35f273286145c267764.jpg,4.02,86.0,11,"PC, PlayStation, Xbox, iOS, Nintendo","Simulation, Casual","The Sims 3 is the third part of its series. Like all Sims game, it allows the player to control the life of a person or even a whole family. Character creation Before the main game starts, the player has to create his or her character, called sim. The player can choose to play as a single character or a family. The game allows full customization for each sim. The player chooses their gender, age, race, and body type, as well as their traits that influence the sim's in-game behavior. The traits help sims to learn new skills that will be useful in their job and social life. The player can also choose to set all settings to random. There are also settings that define if the sims will age, and how fast. Gameplay The game introduces the open world that lives on its own even when the player doesn't interfere. Unlike in Sims 2, the world is seamless and there's no long load time when you travel it. The sims themselves became more independent and require less player attention to stay alive. Sims 3 is less oriented towards ""tamagotchi""-like life-sustaining and more towards actually living the sims' lives, such as going to work, attending parties, making friends and flirting. The sims will occasionally have wishes, and fulfilling them earns the character more happiness points. Building homes The building mode didn't change much since Sims 2, but the game introduced a few additional options. Most notably, elements don't have to be aligned to a grid anymore. The player can place them diagonally at any angle."
5699,transformers-wfc,Transformers: War for Cybertron,2010-06-22,2010,https://media.rawg.io/media/games/dd4/dd43f221a21fce6eb3d27381569779d5.jpg,3.69,75.0,2,"PC, PlayStation, Xbox, Nintendo","Action, Shooter","Become the ultimate weapon. Fight to the end in the war that started it all. Wield an arsenal of lethal, high-tech weaponry and change form from robot to vehicle at any time as you battle through the living, metallic world of Cybertron. Separate Autobot and Decepticon campaigns take you from Autobot and Decepticon cities, to the Energon core of Cybertron, to the outer reaches of the orbital debris while pitting brother against brother and friend against foe. Experience Optimus’ rise to greatness and Megatron’s thirst for destruction. The balance of power between Autobots and Decepticons is in your hands. Key Features TWO DISTINCT CAMPAIGNS, ONE EPIC STORY Play both the Autobots™ and Decepticons™ campaigns Battle as your favorite Transformers character in this 3rd Person High Action Shooter WAGE WAR ONLINE Deep multiplayer game modes thrust you into a global battle Team up with your friends and battle waves of enemies in Escalation Mode CREATE YOUR OWN TRANFORMERS CHARACTER Choose your character class, vehicle, weapons, attributes, skills, and upgrades Level up and customize your character to fit your playing style 3-PLAYER DROP-IN/DROP-OUT ONLINE CO-OP Team up with your friends and fight through epic campaigns CHANGE FORM FROM ROBOT TO VEHICLE AT ANY TIME Instantly convert from robot to car, jet, tank or truck mode and attack your enemies from any angle"
5703,uncharted-3-drakes-deception,Uncharted 3: Drake's Deception,2011-11-01,2011,https://media.rawg.io/media/games/589/589fc47c5ae34160d65c4682e21fed66.jpg,4.37,92.0,12,PlayStation,Action,"The game develops a setting common to the entire Uncharted series. Game played from a third-person perspective, with the player in control of Nathan ""Nate"" Drake. This is a person passionately carried away by historical riddles, promising a reward in the form of hidden treasures. Drake can run with acceleration, make jumps, swim, climb up. Sometimes he demonstrates something completely acrobatic. For confrontation with opponents, he uses the art of hand-to-hand combat with a variety of attacks, including a battle with several opponents simultaneously. He also has a surprise concerning dealing with firearms. Weapons and ammunition he picks up from the defeated opponents. From time to time, further movement in the game requires the hero to find solutions to puzzles, using his diary and the hints of the game itself. Nathan with his mentor Victor Sullivan travels in search of the lost city. List of locations includes the streets of London, cities and deserts on the Middle East, a château in France etc."
5706,valkyria-chronicles,Valkyria Chronicles,2008-04-24,2008,https://media.rawg.io/media/games/0d4/0d4e5446db732e2fcce34d1dcb4dd914.jpg,4.06,85.0,6,"PC, PlayStation, Nintendo","Action, RPG, Strategy","Valkyria Chronicles takes place during the early period of World War II in a fictional region which is in Europa. The peaceful nation of Gallia is attacked by East European Imperial Alliance because of Ragnite ore which is a petrol in the game's universe and which Gallia nation has a lot. The main focus of Valkyria Chronicles plot is the resistance against Imperial Army. One of the game's selling point is the visual style which is similar to cell-shading and looks like it all was drawn with a pencil. This is one of those ""playable anime"" kind-of games. The gameplay itself is fun yet difficult if a player doesn't know what to do. It is turn-based and every turn should be well-measured. There are phases of player characters and of enemies. Wins that which is planning his turns more thoughtful. The game also has a strong anti-war message."
5711,the-incredible-adventures-of-van-helsing,The Incredible Adventures of Van Helsing,2013-05-22,2013,https://media.rawg.io/media/games/3c3/3c363e31f4add887affadc82c641de72.jpg,3.42,72.0,4,"PC, Xbox, Apple Macintosh","Action, RPG, Indie","The Incredible Adventures of Van Helsing is an action RPG with elements of the hack and slash genre and the first part of the trilogy of the same name. It tells the story of Van Hellsing’s son who continues his father’s work and kills monsters on the streets of the fictional Borgova city. There he fights against a cult that spoils the life of civilians. You can develop the hunter's skills and upgrade his weapon and magic possession. Van Helsing Junior also has an ally, a ghost named Catherine who helps him in battles. Depending on your choice how to upgrade her, she can be a tank or a healer. The variety of weapons is not very huge; however, there are several ways to customize your character cosmetically. While the developers took inspiration from Bram Stoker’s Dracula, the game only slightly reminds of this novel. However, they successfully caught the atmosphere of a little 19th-century town and filled it with deep NPCs and interesting technological details."
5717,max-the-curse-of-brotherhood,Max: The Curse of Brotherhood,2013-12-20,2013,https://media.rawg.io/media/screenshots/53a/53a98929b8c944db6522487896fd9264.jpg,3.49,,2,"PC, PlayStation, Xbox, iOS, Nintendo","Action, Adventure, Puzzle, Platformer","Max: The Curse of Brotherhood of an action-adventure platformer game developed by Press Play. It is a sequel to Max & the Magic Marker released in 2010. Plot One day, Max comes back from school and finds out that his younger brother Felix broke some of his favorite toys. Annoyed with his brother, Max looks for a way to get rid of him on the internet and stumbles upon a spell that is promised to make Max's brother disappear upon casting. When Max cast the spell, a giant claw comes through a portal and takes Felix. Max changes his mind and goes on to save his brother. Gameplay The core mechanics of Max: The Curse of Brotherhood revolves around solving puzzles that are solved using physics in a 2.5-dimensional world with a free player-controlled camera. There are 20 levels in the game which are divided into seven chapters. All the levels are tied together in a way they feel like one whole journey. The main feature of the game's gameplay is a magic marker that adds a creative and open-ended approach to the game's puzzles. This marker is used to create material objects in specific places to use them to solve a puzzle. For example, the objects created by the marker can be used as a boosting platform to reach a previously unreachable spot and take a necessary item."
5737,mcpixel,McPixel,2012-08-27,2012,https://media.rawg.io/media/screenshots/b45/b456abdcf5d3a17e06bd8edd80a9d800.jpeg,2.99,76.0,4,"PC, iOS, Android, Apple Macintosh","Action, Adventure, Arcade, Indie, Puzzle","McPixel is a puzzle game developed by Polish developer Mikołaj Kamiński. The game serves as a parody of both MacGyver and MacGruber and features a lot of references to the modern pop culture. The objective of the game is to defuse a bomb located on the level in 20 seconds. The objective is referred to in the game as ""save the day"". The Protagonist defuses the bombs in ridiculous and absurd ways. For example, by kicking it. The players guide the main character, McPixel himself, by pointing and clicking at the screen. The game consists of four parts, which include three levels. It is possible to unlock a secret fourth level. Each level is composed of six sequences. There are multiple secrets and easter eggs hidden Throughout the levels. The game features several pixel filters, music that was typical for 8-bit games, and free downloadable content. A level editor is also provided by the developer."
5776,frederic-resurrection-of-music,Frederic: Resurrection of Music,2012-01-17,2012,https://media.rawg.io/media/screenshots/27a/27a3b8ec5ec35dc2756f8564282b78f2.jpg,2.67,,4,"PC, iOS, Apple Macintosh, Linux, Nintendo","Action, Arcade, Casual, Indie","Frederic Chopin – one of the world's most talented classical composers, is brought back from the afterlife and finds that he's an involuntary part of a treacherous plan. The world of music is at the edge of destruction. Soulless music labels and mass-produced popstars have hindered all creativity. And you're the only hope of bringing it back. Accompany Chopin in his amazing journey full of quirky events. Battle your opponents in musical duels, intensity of which will make your palms sweat. Enjoy an hour of hand-drawn animated comic picturing the quirky story. Play through twelve catchy arrangements of Chopin's greatest classics, each in a different musical genre. Practice your skills until perfection and become the master of the piano.Features- 12 fantastic remixes of classical hits- 10 colorful locations from around the world full of hidden easter eggs and jokes- An hour of outstanding animated comic- Megatons of humor- 18 achievements of all difficulties- DRM-free game soundtrack included- Trading cards- Optimized for Windows 8 touch screens"
5783,fifa-14,FIFA 14,2013-09-23,2013,https://media.rawg.io/media/games/9ca/9ca31615beee447f3ae1dc9b3b736dce.jpg,3.41,86.0,35,"PC, PlayStation, Xbox, iOS, Android, Nintendo",Sports,"FIFA 14 is a football simulation video game which was released on multiple platforms in 2013. Also, it was one of the first game to be released on PlayStation 4 and Xbox One. These versions of FIFA 14 feature a new game engine Ignite. This engine features both graphical and gameplay enchantments. The game also features an improved AI mechanic which created a much more realistic game of football with every player in the stadium being as much realistic as possible. But not only, the players became more realistic as the weather effects became more believable too as well as the crowd which responds in anything that happens on the stadium. FIFA 14 offers 33 fully licensed leagues, over 600 different football clubs with over 16,000 players, also 47 fully licensed international teams and legend teams. The famous mod of FIFA 10 called FIFA Ultimate team also returns. It allows players to build their own team from real players and staff with which players can compete both in online and offline tournaments."
5868,five-nights-at-freddys,Five Nights at Freddy's,2014-07-24,2014,https://media.rawg.io/media/games/bdc/bdcb4e528bdd91bc4b3ab75fedb31f7b.jpg,3.47,78.0,1,"PC, PlayStation, Xbox, iOS, Android, Nintendo","Action, Strategy, Simulation, Indie","Welcome to your new summer job at Freddy Fazbear's Pizza, where kids and parents alike come for entertainment and food as far as the eye can see! The main attraction is Freddy Fazbear, of course; and his two friends. They are animatronic robots, programmed to please the crowds! The robots' behavior has become somewhat unpredictable at night however, and it was much cheaper to hire you as a security guard than to find a repairman. From your small office you must watch the security cameras carefully. You have a very limited amount of electricity that you're allowed to use per night (corporate budget cuts, you know). That means when you run out of power for the night- no more security doors and no more lights! If something isn't right- namely if Freddybear or his friends aren't in their proper places, you must find them on the monitors and protect yourself if needed! Can you survive five nights at Freddy's? ""For all the simplicity of the game’s controls and premise, Five Nights at Freddy‘s is frightening. It’s a fantastic example of how cleverness in design and subtlety can be used to make an experience terrifying. Simple still images and proper character design steal the show in this game, and show that Scott Cawthon knows quite a lot about the secret fears people feel when looking at creepy dolls and toys. It’s elegant in how it sows fear, and is a must-own for anyone who likes scary games."" -Joel Couture IndieGameMag.com This game was created using Clickteam Fusion!"
5877,back-to-the-future-the-game,Back to the Future: The Game,2010-12-21,2010,https://media.rawg.io/media/games/e2e/e2eac90903c56886e39d21ac71b958e5.jpg,3.42,74.0,2,"PC, PlayStation, Xbox, iOS, Apple Macintosh, Nintendo","Action, Adventure, Puzzle","Marty McFly and Doc Brown return in a completely new Back to the Future adventure. Six months after the events of the third film, the DeLorean Time Machine mysteriously returns to Hill Valley - driverless! Marty must go back in time and get aid from a resistant teenage Emmett Brown, or else the space time continuum will forever be unraveled! Episode 1: It's About Time Episode 2: Get Tannen! Episode 3: Citizen Brown Episode 4: Double Visions Episode 5: OUTATIME - Finale! Key Features Special Appearance by Michael J. Fox! Christopher Lloyd and Claudia Wells return to voice Doc Brown and Jennifer Parker Collaboration with Bob Gale Film, Trilogy Co-Creator/Writer Back to the Future’s “first families.” The McFlys, the Browns, and of course, the Tannens – all play key roles."
5916,the-room-two,The Room Two,2013-12-12,2013,https://media.rawg.io/media/screenshots/ce8/ce8e62ef80774d8ac6396372a121bece.jpg,4.3,88.0,4,"PC, iOS, Android","Indie, Puzzle","Following the release of The Room in 2014, Fireproof Games are proud to bring the critically acclaimed sequel to PC. The Room Two continues the time-spanning journey of its predecessor while significantly expanding its unique puzzle gameplay. Follow a trail of cryptic letters from an enigmatic scientist known only as “AS” into a compelling world of challenging mystery and tactile exploration. Development on this fully-enhanced HD version of The Room Two began shortly after the mobile release of The Room Three late in 2015 and has involved creating more detailed environments for each level as well as rebuilding and re-texturing every asset in the game. Fireproof Games are a small independent team working in Guildford in the UK. We self-published our first game The Room on iPad in September 2012 and were stunned with both the critical success and our new-found fan-base, not to mention multiple international awards. The Room games have since changed our lives and we hope you enjoy playing them as much as we enjoyed making them."
5926,democracy-3,Democracy 3,2013-10-14,2013,https://media.rawg.io/media/screenshots/f69/f690eafb7cbb29778d129aac3772d433.jpeg,3.58,70.0,3,"PC, Apple Macintosh, Linux","Strategy, Simulation, Indie","Democracy 3 is a government simulation video game developed by Positech Games in 2013. This is a sequel of Democracy which was released in 2005. Plot The player’s goal is to create a democratic government while performing as a president or a prime minister. For the sake of it, he can implement and develop tax, economy, foreign and other policies, which affects the society. Smart policies can attract future voters and help win the elections. The player should also deal with appearing problems such as homelessness, strike actions, and crises. Gameplay The player can choose the nation to play for. Then his first aim is to win the elections; it includes building a strong campaign, winning the factions support, making up the electorate, and hold power in the government. New events and dilemmas keep happening during the game, so the player should also be able to refocus and deal with a situation; otherwise, an event might have ongoing consequences. Key features The player can change the flyers to change the amount of funding, regulate taxes or laws of a particular area. It is important to balance the government budget through the whole game as to change policies; one should spend political capital held by ministers. Each political decision requires funding and has its aftereffects. There are 21 electorate groups, and as the player makes political decisions, each group changes its attitude towards him."
5950,oddworld-munchs-oddysee,Oddworld: Munch's Oddysee (1997),2001-11-15,2001,https://media.rawg.io/media/games/6a1/6a18cc31c5662a272af468f7d85c7528.jpg,3.47,,3,"PC, PlayStation, Xbox","Action, Adventure, Strategy, Puzzle","We've reported the game for 2016, which now runs at 60 FPS, includes higher resolution textures, better quality cut-scenes, improved audio, higher poly models, numerous fixes and improvements, and trading cards, badges, emotes and backgrounds!About the game Players guide Mudokon champion Abe, and his aquatic Gabbit partner Munch, in Oddworld's third adventure, using special psychic powers, cool power-ups, and other special abilities to deliver payback as they reclaim the last gabbit eggs on Oddworld, which have been packaged in a can of gabbiar. Key features:Play as a team - players use Munch and Abe cooperatively to make their way through the trials of Oddworld. Leverage both characters' unique strengths: Abe- Abe can climb and jump to reach new areas, and then run to escape from dangerous enemies. When all else fails, chant to take control of the enemy's soul, and use their guns to clear a path to safety. Munch - Munch can swim around the new realms of Oddworld. When on the ground, zip along with a wheelchair power up. Need to move some yapping Slogs out of the way? Just use Munch's nifty remote control head port to fire up the crane and drop those Sloggies in their pen. Special psychic powers - Munch and Abe's psychic powers can extend their reach and get others to do the dirty work: As Abe - Let Abe's chant roar to take possession of a gun-toting Big Bro Slig and clear almost anything out of the way. Abe can use spooce or spiritual power gained byharvesting SpooceShrubs to posses other creatures as well, but why think small? As Munch - If Abe can't mesmerize someone into getting the job done, Munch can use his handy remote control head port to hijack nearby machines including cranes, and 50-caliber Anesthesia bots to tackle the really tough obstacles. Power-Ups – Every friendly character you can find becomes a fighting ally, Fuzzles, Mudokons…. Need to get somewhere quickly or get over a wall, like right now? Use Oddworld's consumer power-ups like Expresso and Bounce to amp up Munch and Abe's abilities to perform cool moves. For the more direct approach, possess high-caliber weapon toting enemies. Oddworld, now in ""new and improved 3D!"" - it's a whole new Oddworld, with lush rivers, towering mountains and hundreds of trees that bloom or die. Interact with dozens of different oddball races - use GameSpeak® to get Oddworld's Inhabitants from the heavily armed Big Bro Sligs to the cute but ferocious Fuzzles) to carry out tricky tasks or just beat the crap out of enemies. ""Frustration Free"" gaming - Oddworld's new intelligent cinematic camera, auto-targeting system and no-stick navigation system makes playing a breeze! Plus with easy QuikSave® and limitless lives, players have plenty of chances to take on any situation… no matter how Odd!"
5978,human-resource-machine,Human Resource Machine,2015-10-14,2015,https://media.rawg.io/media/screenshots/8ab/8abf17ba4f55182f37b2eb2866fae35d.jpg,4.01,78.0,3,"PC, PlayStation, iOS, Android, Apple Macintosh, Linux, Nintendo","Simulation, Casual, Educational, Indie, Puzzle","Human Resource Machine is an educational game in which the player assumes the role of a program algorithm. The gameplay is a metaphorical representation of a visual programming language. The protagonist represents the processor register, and the player's instructions to the character stand in for the opcodes. Premise The main character is an office clerk who works in a storage department. His career lasts 40 years, each of them corresponding to an in-game puzzle. Two conveyor belts in the protagonist's office work as the input and the output devices, respectively. The input conveyor brings in the numbers and letters in the form of boxes. The protagonist is instructed to perform certain tasks and calculations with the boxes before sending them back through the output conveyor. The tasks usually require simple mathematical actions such as sorting and addition. The boxes remain stored on the office floor until the task is completed. Gameplay The player controls the character using commands that remind the assembly language. The handwritten notes represent the instructions the player gives to the character. As the player progresses through the puzzles, the game introduces more complicated concepts and mechanics, such as memory addresses. This feature allows the player to order the character to perform operations in the certain place of the office. The goal of each level is to create a program. The game will test the results and inform the player if it works or not (through a supervisor character)."
5981,gas-guzzlers-extreme,Gas Guzzlers Extreme,2013-10-08,2013,https://media.rawg.io/media/screenshots/02b/02b03e247ba6ef6870846e5b4a124ff6.jpg,3.27,73.0,3,"PC, PlayStation, Xbox","Action, Racing","Gas Guzzlers Extreme is a fast, furious, armed-to-the-teeth, trigger-happy shooter, shifted into top gear! Take a white knuckle ride in this crazily addictive combat racing game that features a ton of vehicles, weapons, upgrades, on-track bonuses and environments. Gas Guzzlers Extreme is an exciting new twist on the car combat experience with the addition of furious team/clan combat battles. Players start out with low performance vehicles and soon work their way up to high-performance models, by earning money in a series of hi-octane races and arena battles. New game modes, tracks and vehicles are unlocked as players progress through the game. Along with developing their driving and fighting skills, players can spend their hard-fought cash, customizing their vehicle to match their clan members or pimping their ride for the road to glory!Key features:Combat racing at its best, featuring a blood pumping single player campaign with over 12 hours of gameplay. Fast-as-lightning multiplayer tournaments with 7 different modes (classic race, power race, battle race, knockout, deathmatch, last man standing and capture the flag); with up to 4 teams available in team play mode. 350+ miles of road across 40 tracks, 8 arenas and 7 different environments. 12 unique weapons, on-track bonuses and power ups. 18 customizable cars (12+ upgrades, color, rims, stickers, etc.). Multi-path tracks and sponsored events. Instant play with vicious AI Bots populating your multiplayer match while other players begin to join in on the fun. Beautifully displayed high definition visuals with extensive vehicle damage, motion blur effects and custom paint jobs. Full force feedback controller support as well as keyboards, joy pads, joysticks and racing wheels. Packed with tons of unique humor and personality."
5995,little-inferno,Little Inferno,2012-11-17,2012,https://media.rawg.io/media/games/d79/d794c9198ec994cc12ede5ebd4672623.jpg,3.81,68.0,3,"PC, iOS, Android, Apple Macintosh, Linux, Nintendo","Adventure, Simulation, Casual, Indie, Puzzle","Congratulations on your new Little Inferno Entertainment Fireplace! Throw your toys into your fire, and play with them as they burn. Stay warm in there. It's getting cold outside!Burn flaming logs, screaming robots, credit cards, batteries, exploding fish, unstable nuclear devices, and tiny galaxies. An adventure that takes place almost entirely in front of a fireplace - about looking up up up out of the chimney, and the cold world just on the other side of the wall.Key Features:Nominated for three awards at the Independent Games Festival including the Seumas McNally grand prize, Technical Excellence Award, and Nuovo Award, with Honorable Mentions in Design and Audio.From the creators of World of Goo and Henry Hatsworth in the Puzzling Adventure100% indie - made by 3 guys, no office, no publishers, no fundingIAP Free - no spam, upselling, ads, of any sort. Just the game.Zero Waste - short, polished, perfeccct as possible"
6145,skyhill,SKYHILL,2015-10-05,2015,https://media.rawg.io/media/screenshots/c8a/c8ac48c97a64b6c4d6a8cd0657daf97c.jpeg,3.07,63.0,4,"PC, PlayStation, Xbox, iOS, Apple Macintosh, Linux, Nintendo","Action, Adventure, RPG, Simulation, Casual, Indie","World War III was one cruel tragedy, at least for the others. You seemed to have a quite nice time, hidden in your fancy penthouse at the Skyhill Hotel... Till the impact of a bio-weapon blew away the life you once knew.Now there are mutants everywhere, and they're eager to rip you to shreds with their vicious claws. But they aren't your only problem: Your supplies are running out. You have to leave your luxurious penthouse and search for food. Walking through the skyscraper means going through hell. There is danger around every corner and death is a steady companion. But seriously, how would someone prepare for something like this?It doesn't matter anymore. Nothing matters but survival. And time is running out.Roguelike RPG gameplay in an apocalyptic survival settingFeels fresh every session – randomly generated mapsGain experience, craft weapons and look for useful objectsFace an army of nightmarish creaturesGo for the head or land a body shot – but choose wiselyEverything you find can be helpfulDifficulty levels give you the chance to actually survive this, or try to outlast this hell under the worst conditionsOpen end – is there still hope? Come and find out!Various special abilities to unlockTurn based combat with a sophisticated risk and reward systemFast travel with the elevator"
6315,yesterday,Yesterday,2012-03-16,2012,https://media.rawg.io/media/screenshots/545/545635980647584c3afb794579bbce2b.jpg,3.43,,4,"PC, iOS, Android","Adventure, RPG","Who is John Yesterday?After captivating players from all around the world with the mythic Runaway trilogy, Pendulo Studios presents a new adventure gaming masterpiece! This thrilling mystery, presenting a unique, dark and somber style, will not leave you indifferent! With an incredible story, superb environments, perplexing and shady characters, Yesterday throws you into an unforgettable adventure from which you will not emerge unscathed.New York in 2011… Homeless people are disappearing one after another, their bodies found lifeless. Meanwhile, a Y-shaped scar appears on the hands of seemingly unrelated people. Henry White, a young and rich heir dedicated to a charitable organization, and his friend Cooper, are the first to investigate. They will soon cross paths with the enigmatic John Yesterday, whose memory seems to have been wiped clear, and who will find himself dragged into this incredible story!How far will you go to discover who John really is, and what he did… Yesterday?An original mystery, a terrifying secretA great adventure around the worldOminous, shady charactersAnimated film quality production"
6321,lumino-city,Lumino City,2014-12-02,2014,https://media.rawg.io/media/screenshots/3ee/3eeda27c87b928e34e3aed574cce1b58.jpeg,3.45,70.0,1,"PC, iOS, Android, Apple Macintosh","Adventure, Indie, Puzzle, Platformer","Lumino City is a puzzle-adventure video game developed by State of Play Games and a sequel to 2011 title Lume. Art style and plot The game follows Lumi, a simple girl that lives with her grandad. One day the grandad gets kidnaped, and now she must go to the nearby Lumino City to find him. The game is notable for its paper cut-out art style. While the main character is CGI, all of the environments are crafted by developers using cardboard, paper, wood, and other crafts materials. Gameplay Lumino City is a point-and-click adventure game with heavy emphasis on puzzle solving. The game uses a mouse to control Lumi and interact with objects. Her backpack serves the role of in-game inventory and fits many items required to solve in-game puzzles. The game consists of several levels, each of them usually takes two-to-three screens. Some of them revolve around interacting with Lumino City’s townsfolks that asks Lumi for help in exchange for opening her way to the next level. Most of the game takes place in the city, so houses and streets are natural environments in the game. Aside from solving puzzles, some of which incorporate minigames in the vein of Machinarium or Samorost, some swinging and climbing sections require clicking certain objects at the right time."
6334,cook-serve-delicious,"Cook, Serve, Delicious!",2012-10-05,2012,https://media.rawg.io/media/screenshots/54b/54bce49cb005bf5bc42e1c02c3f72c28_qPUv8xA.jpeg,3.5,,3,"PC, iOS, Android, Apple Macintosh, Linux","Action, Strategy, Simulation, Indie","Cook, Serve, Delicious is a hardcore restaurant sim, one of the few in its genre that gives the players total control over where they want to take their restaurant. The game centers on an old, worn down restaurant in the SherriSoda Tower, which was once the heart of the building but closed down as business (and tenants) dropped to an all time low. But with the local economy rising back up and occupancy reaching its maximum, SherriSoda Tower has decided to bring back the old Cook, Serve, Delicious restaurant, and has given you complete control to bring it back to its old five star status of world class dining. To do that, you’ll start with a few thousand dollars and thirty foods to choose from to put on your menu, as well as a host of restaurant equipment and more. Nearly everything is unlocked from the start of the game for you to purchase; this is your restaurant, and you must figure out the best strategy to get that restaurant packed with satisfied customers. Can you prove your culinary skills? And if that weren’t enough, you’ll also have the opportunity to be cast in the Iron Cook television show, throw parties for offices in SherriSoda Tower, read virtual mail in your SherriSoda Tower Email account which ranges from game tips to crazy spam (nearly 500 emails in all), from customers providing feedback to your restaurant to opportunities such as being able to fund projects via “ClicknStart” and other big surprises! The game draws a lot of inspiration from the original PlayStation game Ore no Ryouri. Cook, Serve, Delicious! was initially a free game that used hand-drawn graphics in its gameplay. The game's author David Galindo wanted to make a sequel for that game, but he had no funds to do so. After publishing his first attempt at releasing a full-scale game, Galindo earned some money that would be used for the development of Cook, Serve, Delicious! With hours of content and tons of secrets and unlockables, Cook, Serve, Delicious will provide a big challenge for anyone who’s ready to take their crumbling, rat infested eatery to a luxurious Platinum Star Restaurant. Good luck!"
6400,the-witcher-adventure-game,The Witcher Adventure Game,2014-11-26,2014,https://media.rawg.io/media/games/22c/22ce391b3096cd46eadae1a890624f39.jpg,3.01,68.0,1,"PC, iOS, Android, Apple Macintosh","Adventure, RPG, Strategy, Board Games",
6508,draw-a-stickman-epic,Draw a Stickman: EPIC,2012-10-25,2012,https://media.rawg.io/media/screenshots/312/3123c2b86ff947d3b6a846c771817e06.jpeg,2.64,,2,"PC, Xbox, iOS, Android","Adventure, RPG, Casual, Educational, Family, Indie","Draw a stickman, then guide him through a fantastic world of adventure! Using an assortment of pencils, draw elements, tools, and weapons to solve puzzles and overcome obstacles. Draw a Stickman Epic could be compared to an adventure game, RPG, or puzzle game, but the unique drawing mechanic is unlike any game you've ever played before! From drawing a rain cloud for growing plants to drawing an axe for chopping down a gate, you control all aspects of your environment. Explore diverse environments and encounter unusual creatures as you draw your way through 14 levels (plus a hidden bonus level)! With the non-linear gameplay, how you overcome one environment will determine which level you unlock next. Each level is filled with hidden secrets and achievements, offering hours and hours of replay value. Grab a pencil and dive into the world of Epic!Exclusive Features for SteamImproved visuals and audioNew hidden content exclusive to SteamMore challenging puzzlesSteam-specific content including 42 Steam Achievements, Steam Stats, Steam Cloud, and Steam Trading Cards!Awards and Recognition for Draw a Stickman: EPICDownloaded 5 million times! Played over 100 million times! 5 Total Webby awards for the entire Stickman series! Included in the 100 best Apps by PC Mag! Ranked top 15 games by PC World!"
6530,uplink,Uplink,2001-09-30,2001,https://media.rawg.io/media/screenshots/e22/e22da89ed54225d0c4687a6ef5d0f765.jpeg,3.33,75.0,1,"PC, iOS, Apple Macintosh, Linux","Strategy, Simulation, Indie","You play an Uplink Agent who makes a living by performing jobs for major corporations. Your tasks involve hacking into rival computer systems, stealing research data, sabotaging other companies, laundering money, erasing evidence, or framing innocent people. You use the money you earn to upgrade your computer systems, and to buy new software and tools. As your experience level increases you find more dangerous and profitable missions become available. You can speculate on a fully working stock market (and even influence its outcome). You can modify peoples academic or criminal records. You can divert money from bank transfers into your own accounts. You can even take part in the construction of the most deadly computer virus ever designed."
6608,westerado-double-barreled,Westerado: Double Barreled,2015-04-15,2015,https://media.rawg.io/media/screenshots/168/16840899b589ffde76915c3d95417b31.jpg,3.39,,3,"PC, Xbox, Apple Macintosh","Action, Adventure, Indie","Westerado: Double Barreled is Ostrich Banditos’ homage to Spaghetti Westerns about dirty pasts, consequences and taking a hold of your future. When your family is murdered by a mysterious desperado, you set out into the world to take revenge. Take control of your own fate and that of others, all using your trusty shooting iron. If words aren’t enough to persuade a character, draw your revolver and see what happens. You can shoot whomever, whenever you like. Be an outlaw or a saint, explore the open world, meet a varied cast of characters and decide how you want your revenge story to unfold. FeaturesHunt down the desperado that killed your family and explore the stories of the world’s inhabitants. Discover all the possibilities and create a unique story each time you play.Ride, shoot, and threaten your way through an expansive Wild West, expanded with all-new environments like the forest, desert and mountains.Soak up the western sun in a world built out of the grittiest pixels this side of Montezuma, and an expanded western soundtrack, featuring live recorded banjos, trumpets, saloon pianos and more!GUNS! Let your gun do the talking, by drawing and cocking it during any conversation. Shoot whoever you want, whenever you want, no exceptions. Pick your favorite weapon, whether it’s a revolver, shotgun or even a tomahawk. Multiple save slots to keep your progress across sessions and explore the splitting narrative. Technical upgrades to include full controller support and 720p/1080p display resolutions.[/i]"
6617,quantum-break,Quantum Break,2016-04-05,2016,https://media.rawg.io/media/games/a28/a289e23b4d4d84f26ab59125e3be4483.jpg,3.91,66.0,6,"PC, Xbox","Action, Shooter","Quantum Break is an adventure third-person action game. The game's plot revolves around the fictional Northern American University called Riverport. The main character of the game - a young guy Jack, who discovered the ability to control the time after a failed experiment. Jack begins to hunt the organisation called ""Monarch"", whose founder, Paul Serene, also has a unique ability - he can see alternative futures. Jack has all the forces to confront the ""Monarch"", using the newly acquired forces to understand what happened during this mystical experiment. In the game, besides the usual cut scenes, added the same series with short episodes that reveal the plot of the project. Details of each set may vary depending on what decisions players make at any given time. It is a shooter with elements of shelters. The player will need to do a lot of manipulations with time to overcome obstacles in its path."
6641,braveland,Braveland,2014-03-16,2014,https://media.rawg.io/media/screenshots/c8a/c8a2d3c82dc11dcec380103d92580af2.jpeg,2.7,,4,"PC, iOS, Android, Apple Macintosh, Linux","Adventure, Strategy, Casual, Indie","Braveland is a turn-based game inspired by old-school strategies with hexagonal battlefield. You will start as a humble warrior's son whose village was cruelly raided and will end as talented commander of your army. The story will take place in a hand-drawn world and cover many interesting places and characters. Various warriors will join your army - archers, scouts, healers, footmen, arbalesters and more.Turn-based battles in old-school style.Command your troops and defeat enemies in hand to hand battles.26 various warriors and creatures from archers to golems.Three story chapters each in unique corner of the world.Evolve your hero, find awesome artifacts and learn battle magic.Intense boss fights at the end of each story chapter.Hours of gameplay with 50 battles.High definition awesome illustrated cartoon art."
6773,sunset-overdrive,Sunset Overdrive,2014-10-28,2014,https://media.rawg.io/media/games/c2e/c2eb6021a2596644b437e943612af25c.jpg,3.9,82.0,4,"PC, Xbox","Action, Shooter, Adventure","2027, the metropolis of Sun City. The city is full of creatures, savage, aggressive and insane - these creatures were just ordinary townspeople a short while ago, but they abused the energy drink produced by Fizzco, in which something was wrong with the recipe. In general, loyal consumers mutated into monsters and now nothing can be done with them, only to kill everyone. The protagonist (by the way, who worked at Fizzco) is not constrained by any laws of physics, can move around the city in any direction, run on walls and wires, jump like a kangaroo and so on. This is not parkour, it's just complete freedom of movement. He also has a ""guidance system"" that shows him the way. In addition to the hero, several groups and singles of varying degrees of eccentricity are fighting monsters in the city. Monsters also do not belong to the same type. Monsters are many, they are very different and extremely unusual - there are, for example, creatures fused with water cannons or a bucket from an excavator. The hero's weapon is even more diverse than the monsters. Various weapons rush vinyl records, throw bowling balls, shoot teddy bears with pieces of TNT in their paws and this is not the whole list. The game has about fifty amps to move the hero and defeat the monsters."
6800,ibomber-defense-pacific,iBomber Defense Pacific,2012-03-01,2012,https://media.rawg.io/media/screenshots/4f1/4f1e5d7dcf6ae5a601ee6bad396cca06.jpeg,2.31,,1,"PC, iOS, Apple Macintosh, Linux","Action, Strategy, Casual, Indie","iBomber Defense Pacific is the sequel to the original iBomber Defense. It is the second part in this tower defense series designed for mobile devices. Premise The game is set during the World War II. Unlike the original game, the sequel shifts its attention to the Pacific Theatre. The goal of the player is to defend his or her towers from the enemy units that attack from the air, land, and water, sometimes simultaneously. Gameplay The game uses all traditional tower defense mechanics with only slight additions. Like in the previous iBomber game, the player controls his or her units in real time, using the top-down view. Most towers serve as AAAs and gun turrets that fire on the incoming aircraft and armored vehicles. There's also a Bomb tower that generates bombs which the player can drop at the enemies. The player can build new towers and units and repair them as well as to manipulate his or her towers to adjust their defenses to current needs. For example, the game introduces the Dig In option that allows the player to increase the tower's safety at the expense of its firepower. Goals Each level features a new map as well as a primary and a secondary objective. The secondary objectives provide variety to the missions, as some of them require offense rather than defense. For example, the player can be tasked to disrupt the enemy supply. Completing objectives earns the player the Victory Points that allow him or her to level up and obtain additional perks."
6879,the-flame-in-the-flood,The Flame in the Flood,2016-02-23,2016,https://media.rawg.io/media/games/87a/87a29bcc56b6b6082ead1dd5e2510aaa.jpg,2.9,73.0,2,"PC, PlayStation, Xbox, Apple Macintosh, Nintendo","Action, Simulation, Indie","The Flame in the Flood is a roguelike survival game developed by The Molasses Flood. The players objective is to survive the long river journey through the post-societal America. In order to survive, it is crucial to scavenge resources, look for food, find shelter, mend your boat and take care of your health. The players have a certain time limit as they have to advance further the river before the rains catch up with them. The game features a crafting system, hence why it is important to look for various objects in the game world. A complicated wound treatment system is also present in the game as players have to know how to treat a snake bite or hypothermia. The developers put a strong emphasis on procedural generation used in the game. Anything from the river itself to every AI encounter is generated on-the-go. Fear, hunger, and aggression affect the NPCs behavior. Resembling a roguelike genre, the death in-game is permanent to some degree. You will have to start from the head of the river but you are able to save some of your items using your faithful dog."
6885,pirates-3,Sid Meier's Pirates!,2004-11-22,2004,https://media.rawg.io/media/games/7ca/7ca90d463ea0c0252e7d01afe897ffa8.jpg,3.95,88.0,1,"PC, PlayStation, Xbox, Apple Macintosh, Nintendo","Action, Adventure, RPG, Strategy, Simulation, Arcade, Educational, Fighting","Sid Meier’s Pirates is an action-adventure strategy game, a remake of 1987 game of the same name. It’s set in an open world around the Caribbean islands. The game features numerous activities, including sailing and exploration, ship battles, trading and diplomacy. The core gameplay of the game is sailing among the islands, cities and colonies. Every tip on the map provides great opportunities for both economic issues and fights, as you can attack ships and capture cities; some battles include sword fighting mini-game. Completing different quests, you will gain diplomacy points of one of the in-game factions. This will reveal additional options, such as dancing with a governor's daughter at a ball. The game also features AI historical pirates, such as Henry Morgan and Blackbeard. While the story aspect is not in focus of this game, there’s a little background of the hero you play as. After customizing your character, you start as a sailor under the command of a very harsh captain. One day the riot begins, and you become the new captain. Since then you can explore the world and do everything you want together with your crew."
6937,samorost-3,Samorost 3,2016-03-14,2016,https://media.rawg.io/media/screenshots/1a8/1a8c6a9df256e5c59682baaa02e7e18e.jpeg,4.18,80.0,4,"PC, iOS, Android, Apple Macintosh","Adventure, Casual, Family, Indie, Puzzle","Samorost 3 is an exploration adventure and puzzle game from the award-winning creators of Machinarium and Botanicula. It is Amanita Design’s most ambitious experience to date and a loose continuation of the hit indie games Samorost and Samorost 2. Samorost 3 follows a curious space gnome who uses the powers of a magic flute to travel across the cosmos in search of its mysterious origins. Visit nine unique and alien worlds teeming with colorful challenges, creatures and surprises to discover, brought to life with beautiful artwork, sound and music."
7039,recore-definitive-edition,ReCore,2016-09-13,2016,https://media.rawg.io/media/games/d5c/d5c284383e620e7d33c1fcaefbb03670.jpg,3.32,60.0,3,"PC, Xbox","Action, Adventure","Supports Xbox Play Anywhere: Yours to play on both Xbox One and Windows 10 PC at no additional cost! From the legendary creator Keiji Inafune and the makers of Metroid Prime comes ""ReCore"", an action-adventure masterfully crafted for a new generation. As one of the last remaining humans on a planet controlled by robotic foes bent on your destruction, you must forge friendships with a courageous group of robot companions, each with unique abilities and powers. Lead this band of unlikely heroes on an epic adventure through a mysterious, dynamic world. You can’t save mankind alone."
7091,sanitarium,Sanitarium,1998-04-30,1998,https://media.rawg.io/media/screenshots/d42/d421e190c614680af3782d2cf016cf9e.jpeg,3.9,,3,"PC, iOS, Android","Action, Adventure, Puzzle","In Sanitarium you play an amnesiac thrust into a morbid, really creepy universe. After a car accident you wake up to find that instead of lying in a hospital, you’re in an asylum with your head wrapped in bandages. Who the hell am I? What am I doing here? How do I escape? There endless questions eating away at you, and so too are the many puzzles you’ll need to resolve throughout this immersive, captivating adventure. Featuring a rich, complex plot set in an intense world where a very thin line separates reason from madness, Sanitarium is a masterwork suitable for point-and-click beginners, experts and everyone who enjoys captivating storylines and horror games. Sanitarium was recently voted one of the scariest games of all time. Originally released in 1998 for PC and Adventure Game of the Year Winner, this timeless point-and-click horror game is a must-have for adventure game fans."
7102,hidden-folks,Hidden Folks,2017-02-14,2017,https://media.rawg.io/media/games/595/5958daeb34d449b1a656d9f90570918f.jpg,3.88,78.0,3,"PC, iOS, Android, Apple Macintosh, Linux, Nintendo","Adventure, Casual, Family, Indie","Search for hidden folks in hand-drawn, interactive, miniature landscapes. Unfurl tent flaps, cut through bushes, slam doors, and poke some crocodiles! Rooooaaaarrrr!!!!! A strip of targets shows you what to look for. Click on a target for a hint, and find enough to unlock the next area. In case you like numbers a lot: - 17+ hand-drawn areas - 155+ targets to find - 1100+ mouth-originated sound effects - 250+ unique interactions - 3 color modes: normal, sepia, and night mode - 1 Steam Cloud - 5 Achievements - 8 Steam Trading Cards - 22 languages (translated by the community) More areas and features to come!"
7147,lyne,LYNE,2014-01-02,2014,https://media.rawg.io/media/screenshots/df4/df47a9df698c2c5b40de17e80f2f5ae0.jpeg,3.22,,4,"PC, iOS, Android, Apple Macintosh, Linux","Board Games, Casual, Indie, Puzzle","LYNE is a minimalist puzzle game where the player has to connect geometric figures. Connect blocks (these can be square or triangle) to other blocks of their respective color to pass the level. Gameplay The goal is to connect the same colored shapes with non-intersecting lines. Depending on the difficulty of the level, there is a bigger network on which to do this, and more color sets to connect. It is a fairly straightforward title, but what makes it replayable is execution quality and unusual puzzle-solving experience. There are no timers, no enemies to kill, and no penalties for making mistakes. The puzzles are simple in the beginning but as time passes they become more complex. In a while, the player faces more colors, shapes, geometrical figures, lines. Lyne has several pre-made puzzles (650+), so it does not run out of levels too soon. Also, the game also offers daily challenges; they're called procedurally-generated puzzles. It also supports multiple languages. Key features The game mechanics are easy to follow. The player might get stuck on a puzzle, but every one of them can be solved. The interface, in general, is smooth. The sound effects are string together in a pleasingly melodic fashion; they are soothing and quiet. The graphics and the music are designed to calm the player; the colors are soft and pastel."
7153,the-journey-down-chapter-one,The Journey Down: Chapter One,2012-05-18,2012,https://media.rawg.io/media/screenshots/731/731305cd5dc5dd089fac2cbe33cb392b.jpeg,3.17,72.0,3,"PC, PlayStation, Xbox, iOS, Apple Macintosh, Linux, Nintendo","Adventure, Indie, Puzzle","Fandango roots The game resembles the cult masterpiece of Tim Shafer Grim Fandango: faces of the characters are covered with masks of African tribes. The Journey Down is an episodic adventure for Linux, OS X, Windows, and iOS. Originally the game existed as a mobile application with poor quality graphics and audio, but the developers re-released the project with the prefix Chapter One and new high-resolution textures, full voice acting and additional content. This is the first part of the trilogy. The story The game's game takes place in the coastal city of Saint Armando. The player follows the adventures of Bwana and Kito, who own a gas station and barely make ends meet. However, future events drag them into a whirlpool of adventures, which makes forget about worldly problems. In the first part of the trilogy, the heroes go in search of a lost log. It can point the way to the mysterious land of the Underland. Together Bwana and Kito help the girl Lina to find the hidden land. Unusual mix The Journey Down is a classic point-and-click quest with an unusual visual setting. Developers have fashioned their characters in a mix of Afro and Caribbean styles. Special pride is the original jazz soundtrack, which was recorded just in time for the restart of the game in HD."
7241,botanicula,Botanicula,2012-04-18,2012,https://media.rawg.io/media/screenshots/ed0/ed006da5dfcf9d97d34a7f065769d18b.jpeg,3.91,82.0,3,"PC, iOS, Android, Apple Macintosh, Linux","Adventure, Casual, Family, Indie, Puzzle","Five unusual creatures living on the tree, trying to save the last seed from other creatures, arachnid parasites. Unique abilities of heroes: The protagonist, Mr. Lantern, a small orange creature, can illuminate dark spaces. If he eats enough luminous seeds before that. Mrs. Mushroom is able to create copies of herself and decrease to the size of her hat. Mr. Poppyhead is the strongest of the characters. Mr. Twig - can extend parts of his body - twigs. And he knows how to instantly grow flowers on his body. Mr. Feather - small in size, but can fly. Heroes can unite their abilities, helping each other. Advancement in the game requires studying the environment, solving puzzles and collecting items necessary to overcome obstacles. Heroes can interact with other creatures that occur in the game. Seven locations of the game have their own ultimate goals."
7317,scribblenauts-unlimited,Scribblenauts Unlimited,2012-11-13,2012,https://media.rawg.io/media/screenshots/42d/42d770eb49f2ba01cd4045e0d92af7a9.jpg,3.62,75.0,4,"PC, iOS, Android, Nintendo","Adventure, Strategy, Casual, Puzzle","The fourth game in the Scribblenauts series follows the same basic mechanics as the previous three. You play as Max, who owns a magic notebook. Scribe any word in it, and it becomes real (of course, only if the word you wrote describes a particular object). The game will understand your written words and create interactive in-game objects. They are used to solve puzzles, which earns you Starites, the ultimate goal of the game. The ability to summon any imaginable item gives you an almost unlimited number of ways you can solve any puzzle. Scribblenauts Unlimited features a way more detailed plot than its predecessors. There's an extensive backstory that explains the protagonist's motivation in gathering Starites. We learn that Max and his sister Lily played pranks on people using their magic notebook until it got them into trouble. One day they unknowingly played a trick against an old wizard. He grew angry and magically turned Lily into stone. Max can only save his sister by gathering enough Starites. Unlike previous parts, this game is set in an open, albeit cartoonish, world, that gradually opens to you as you gather more Starites. The tasks are now assigned by the NPCs, and Starites are given as a reward for help. Thus, they serve as the proof that Max has corrected his behavior."
7353,back-to-bed,Back to Bed,2014-08-06,2014,https://media.rawg.io/media/screenshots/43a/43a648790000e1317c81c268cf6c0ed7.jpg,2.82,57.0,3,"PC, PlayStation, iOS, Android, Apple Macintosh, Linux, Nintendo","Action, Adventure, Strategy, Casual, Indie, Puzzle",Back to bed is an indie surreal puzzle game developed by Bedtime Digital Games. The game was initially developed as a student project for DADIU. The prototype was later expanded with the help from Kickstarter. The player's objective is to help a sleepwalker to safely get to his bed moving the objects in each level. The sleepwalker follows a distinct path. The players have to change this path and guide him in the right direction. The players have to be careful with their decisions as the sleepwalker can just walk off the level. Several entities can also prevent the sleepwalker from arriving at his destination. Most of these entities just block the path and have to be moved out of the way by the player. The game features a surreal art style which is somewhat inspired by Pablo Picasso and Salvador Dali. There's also a small mix of the sixties inspired artwork which can be seen in the sleepwalker's outfit or simply the typography of the game.
7381,abzu-2,ABZU,2016-08-02,2016,https://media.rawg.io/media/games/ba9/ba9ad92b6d04825bd15a407c6059db94.jpg,3.92,83.0,2,"PC, PlayStation, Xbox, Nintendo","Adventure, Simulation, Indie","Abzu is a classic adventure game, the action of which unfolds in the endless ocean. The protagonist is a female diver, wakes up alone drifting on the ocean surface. The main gameplay is aimed at exploring the surrounding world: the main character finds the ruins and traces of an ancient civilization that existed in symbiosis with the world's ocean. The outside world reacts to the player's actions and changes under his/her influence. However, it will not only be necessary to explore the underwater world: ground fragments also come into play in the game. Despite the simplicity and serenity of the game, there are dangers in the form of sea predators. The story is told without a single word and the silence only helps to create a unique atmosphere of peace and tranquillity that reigns in the world of the game. The mosaic of the game setting is completed by the implementation of the game camera and the opportunity to look at the world through the eyes of fish - you need to enter the meditation mode for this."
7407,saints-row-iv-re-elected,Saints Row IV: Re-Elected,2013-08-21,2013,https://media.rawg.io/media/games/b4e/b4ec8e98127914d0a38051f641dcf2f1.jpg,3.72,73.0,3,"PC, PlayStation, Xbox, Nintendo","Action, Shooter","After saving the world from a terrorist attack the leader of the 3rd Street Saints is elected to become President of the United States. Things go reasonably well until an alien warlord named Zinyak attacks the white house and abducts his entire cabinet. Now stuck inside a reality bending simulation, the President and the Saints fight to save themselves, Earth, and the entire galaxy... if that all sounds crazy to you, trust us: we’re just getting started. Key features: • Dont Wanna Miss a Thing – share all the quintessential Saints Row IV moments with new generation screenshot, game clip and livestreaming tools. • Ridiculous Amount of Content – over $80 worth of content included – the base game, both DLC mission packs, plus 25+ DLC weapons, 15 new vehicles, 60+ wardrobe items, 15 new homies & 6 new superpower elements • Visual Enhancements - experience Saints Row IV in the highest resolution yet, with visual fidelity enhancements for enemy characters, environments, and shadows. The downloadable version of this game supports English, French, Italian, German, Spanish, Polish, Russian."
7439,call-of-duty-ghosts,Call of Duty: Ghosts,2013-11-05,2013,https://media.rawg.io/media/games/eb2/eb24800b4491701eca481e7c990bce4a.jpg,3.15,68.0,6,"PC, PlayStation, Xbox, Nintendo","Action, Shooter","Call of Duty: Ghosts is the tenth major game in Call of Duty series and the sixth developed by Infinity Ward. The game tells a story about the nuclear destruction of the Middle East in the near future. The game’s main characters are the Ghosts, a force of U.S. Special Operations unit who conducts missions behind enemy lines. The unit is led by U.S. Army Captain Elias Walker, his sons Logan and David Walker but also with Riley, Captain Thomas A. Merrick and Sergeant Keegan p. Russ. The main antagonist of the game is Gabriel Rorke, who was a former leader of Ghosts but now works for the Federation after being brainwashed by it with torture and hallucinogens. In Call of Duty: Ghosts the player controls not only a character of Logan Walker, but also an astronaut specialist Baker, Logan’s father Elias Walked and Riley – a dog who is the part of Ghosts team in some missions. The game also features usual multiplayer and Extinction mode which tells a story set in the alternate reality about ancient creatures called Cryptids who want to destroy humanity."
7441,rusty-lake-hotel,Rusty Lake Hotel,2015-12-14,2015,https://media.rawg.io/media/games/156/1560280d5bc572efd0dd88b088112e90.jpg,3.79,65.0,3,"PC, iOS, Android, Apple Macintosh","Adventure, Indie, Puzzle","Welcome our guests to the Rusty Lake Hotel and make sure they will have a pleasant stay. There will be 5 dinners this week. Make sure every dinner is worth dying for! Rusty Lake Hotel a unique puzzle-escape game with a surreal, strange setting inspired by David Lynch’s TV series Twin Peaks. Key features: Pick-up-and-play: easy to start, but it will be hard to stop Tons of puzzles: a total of 6 rooms full of unique and various brain teasers Thrilling and engaging story: there will be 5 dinners with intriguing guests and staff Full of suspense and atmosphere: Rusty Lake Hotel is a surreal place, where anything can happen… Impressive soundtrack: every room has its own designed theme song Achievements: an all-time gallery you never seen before"
7442,gods-will-be-watching,Gods Will Be Watching,2014-07-23,2014,https://media.rawg.io/media/screenshots/f4b/f4bfa7341a0445f8098ff7c6c4dca60f.jpeg,3.51,64.0,4,"PC, iOS, Apple Macintosh, Linux","Action, Adventure, Indie","Gods Will Be Watching is a point-and-click survival thriller. Deconstructeam have developed it, and it is the only title within the IP. The game was incipiently created within the Ludum Dare development competition, the theme of which was minimalism. That gradually affected the style of a final game build. The story centers around the group of survivors questioned with a quest to survive during the 40 days being cut off from the outside world. The game's core feature is the variety of moral decision — the player decides who is worthy of sacrificing for the sake of the group's survival. The gameplay features walking and talking with the other characters — six in total — while a heavy accent is made on time- and resource management. The game's name derives from the absence of right and wrong decisions: not only the survival of the team is a task at hand but the survival of an outside world from genocide."
7477,rusty-lake-roots,Rusty Lake Roots,2016-10-20,2016,https://media.rawg.io/media/games/ddf/ddf56cd075250439b3d9a37492dae0b0.jpg,3.98,75.0,5,"PC, iOS, Android, Apple Macintosh","Adventure, Indie, Puzzle","James Vanderboom's life drastically changes when he plants a special seed in the garden of the house he has inherited. Expand your bloodline by unlocking portraits in the tree of life. Rusty Lake: Roots is the second premium point-and-click adventure by Rusty Lake, the creators of the Cube Escape series and Rusty Lake Hotel. Key features: Pick-up-and-play: easy to start but hard to put down Unique storyline: experience the beginning and end of characters' lives and build your own family tree More than 33 levels: the biggest Rusty Lake game so far is filled with puzzles Full of suspense and atmosphere: switching from calm to very dark moments Immersive soundtrack: each level has its own theme song and variations Achievements: the tree has more secrets to unravel"
7485,elite-dangerous,Elite Dangerous,2015-04-02,2015,https://media.rawg.io/media/games/b69/b69a67833630dd96d8eee9d2c8c27574.jpg,3.95,80.0,14,"PC, PlayStation, Xbox, Apple Macintosh","Action, Adventure, RPG, Simulation, Massively Multiplayer","One of the interesting facts about Elite Dangerous is its realistic scale representation of the Milky Way which is an open-world and the gameplay is itself open-ended. It is the first game in the series to feature MMO-kind of gameplay, where every players' action affects the plot of the games universe. This is the fourth installment in the Elite video games series and it's the sequel to Frontier: First Encounters. This is one of those successful Kickstarter campaigns which launched in 2012. The pre-released version of Elite Dangerous was available since December 2013 and after one long year it was finally released as a full game on Microsoft Windows. In 2015 it was released on OS X and Xbox One and one year later - on PlayStation 4. The game also supports VR devices including HTC Vive and Oculus Rift. Elite Dangerous is set in a year 3304. Its premise, as with the other games in the series, is to start as a small ship with a small amount of money and then with measures of trading, mining, bounty-hunting, piracy and assassination to go up your career. There are three different factions in the game including Empire of Achenar, the Galactic Federation, and the Alliance of Independent Systems and four player status levels (combat, CQC Championship, exploration and trading)."
7536,dead-rising-4,Dead Rising 4,2016-12-06,2016,https://media.rawg.io/media/games/7e0/7e09315d72e12b6cd8995ba18b5f70d0.jpg,3.26,74.0,5,"PC, Xbox",Action,"Dead Rising 4 marks the return of photojournalist Frank West in an all-new chapter of one of the most popular zombie game franchises of all time. All of the classic hallmarks of the ground breaking series return, including a huge array of weapons and vehicles players can combine to combat the horde ranging from the practical – to the practically insane. Players will also enjoy ambitious new features including new zombie classes, EXO Suits, and 4-player co-op multiplayer. With intense action and an unmatched level of weapon and character customization, Dead Rising 4 delivers a heart-pounding experience as players explore, scavenge and fight to survive in an epic open world sandbox."
7613,rare-replay,Rare Replay,2015-08-04,2015,https://media.rawg.io/media/screenshots/369/3696ff49a604521d3c0ba70c832ee42b.jpg,3.71,,0,Xbox,,"Rare Replay is a game. It was originally released in 2015. Microsoft Studios published the game. The game is rated as ""Recommended"" on RAWG. You can play Rare Replay on Xbox One. The game is sold via Xbox Store."
7619,turmoil,Turmoil,2016-06-01,2016,https://media.rawg.io/media/screenshots/544/544fbb0b70cff90a73b01d72bbd7185a.jpeg,3.46,73.0,4,"PC, iOS, Apple Macintosh, Linux, Nintendo","Action, Adventure, Strategy, Simulation, Indie","A 3D isometric top-down dieselpunk-inspired, roguelike game. The world of Turmoil is set in an alternate history where humans developed machines that run on oil to automate society. Eventually, machines began making more machines to boost productivity while safety was disregarded. As the last human left in the esteemed factory of Geargrave Automations, Harry suffers a life-threatening injury to the only thing keeping him a valuable asset to the company. Now, with an injured mechanical arm leaking oil, sitting in the trash, Harry realizes he won't survive unless he fights. He must rise from the ashes, learning how to survive with nothing but his leaking arm and a general knowledge of mechanics. His goal is to avenge the humans who were disposed of in the past by defeating the boss, Kornelius Rayburn Geargrave, and shutting down the factory. Geargrave only values efficiency, output, and profit, so when hearing of Harry's retaliation, all robots are set to go hostile when in the presence of deviant employees. Navigate through three different procedurally generated levels of the factory, fighting hostile robots for survival, collecting their oil to continue forward as there is no choice but to persist. Collect blueprints and scrap around the factory to upgrade Harry's mechanical arm. Collect oil canisters to keep him alive and utilize the hazardous environment to defeat attacking robots. Rise from the ashes! Show the boss that a worker is more than their mechanical parts."
7689,rise-of-the-tomb-raider,Rise of the Tomb Raider,2015-11-10,2015,https://media.rawg.io/media/games/b45/b45575f34285f2c4479c9a5f719d972e.jpg,4.04,86.0,15,"PC, PlayStation, Xbox, Apple Macintosh",Action,"Rise of the Tomb Raider is the eleventh entry in the franchise, being a sequel to its predecessor, Tomb Raider, a reboot of the franchise. This story follows Lara Croft, one year after battling her supernatural experiences in Yamatai. This time she is trying to find the legendary city of Kitezh in Siberia, Russia. The legend behind the city begins in the 12th century and still comes nowadays, that this ancient city grants with a promise of immortality. While Lara tries to solve the mystery of Siberia, she encounters an organisation called Trinity. They want to retrieve this gift to themselves. Following the notes of her father, Lara tries to discover the secrets of the ancient city and stop Trinity in doing so. Exploring the Soviet motive, even more, the game has the DLC's - Baba Yaga, the Temple of the Witch, which follows Lara in the Soviet mine and confronting the legendary witch of Russian folk-tales, Cold Darkness Awakened, the story about a secret biological weapon and Blood Ties and Lara's Nightmare - a fight for ownership of the Croft estate. Besides craftmanship and exploring, the game focuses on a very progressive combat system giving a player a wide variety of strategic options. There is a way to evade your opponents in the bushes; stealth kills with bow and arrows or open combat with firearms like shotguns, pistols and other guns. WIth earning experience, you can give Lara new ways of encountering her enemies by three different specialisations - Hunter, Survivor or Brawler. Each skill tree offers various options of combat, for example using Lara's surroundings and fauna, traps or better aim. With these options, you can choose how to guide Lara Croft in her adventures."
7769,broken-sword-ii-the-smoking-mirror,Broken Sword 2 - The Smoking Mirror (Remastered),2009-12-02,2009,https://media.rawg.io/media/screenshots/3bc/3bc5be3c955655e4ae46dee83f5217e5.jpg,4.02,,1,"PC, iOS, Android, Apple Macintosh, Linux","Adventure, Puzzle","Direct sequel in story, genre and art style, Broken Sword 2 – the Smoking Mirror: Remastered is a remake of 2010 release that takes place 6 months after the events of the first game, where George Stobbart and Nicole Collard visit an archeologist to gather information on the mystery Mayan stone Nicole found while working on a news story. But they’re ambushed and separated, and now George has to escape the burning building, reunite with Nicole and uncover the secrets of a Mayan stone, leading to a lost temple. The game is played like any other point-and-click adventure, where the player controls the characters and interacts with the environments through the mouse clicks, or in case of a PlayStation release through the controller. The game has over 60 characters player can interact with unique voice lines regarding every game item players can get in their inventory. Remastered edition replaced pixelated backgrounds with more detailed ones, fixed the quality of FMV’s and general audio and added fully animated facial features."
7778,always-sometimes-monsters,Always Sometimes Monsters,2014-05-20,2014,https://media.rawg.io/media/screenshots/10a/10a6168ea3d6ad2c14f5c218477a990b.jpeg,2.58,73.0,3,"PC, PlayStation, iOS, Android, Apple Macintosh, Linux","Adventure, RPG, Indie","Sad story Made by two developers from Canada in the RPG Maker, the game tells the story of the author who receives a note that the love of his life marries another on the other side of the country. Before the wedding, there is a month, and at this time the player needs to get to the opposite part of the country and return his love. In addition, the main hero was overtaken by the creative crisis and couldn't finish the manuscript of his book. The landlord adds trouble too by expelling him from the apartment for debts. Key Features The game continues for 30 virtual days, for which the main character needs to solve one task. How - is the choice of the player. Most decisions made influence the further development of the story, each completion can be unique because the goals can be achieved in different ways. In the game, not only the plot is the non-standard for the genre but also the combat system, which is simply not there. Instead, the game offers the player to understand the relationship of in-game characters and build emotional connections with them. The game has a fairly elaborate character customization system: you can adjust the gender, age, sexual orientation. In addition to the cosmetic effect, it affects how the main character will react in the virtual world."
7784,mushroom-11,Mushroom 11,2015-10-14,2015,https://media.rawg.io/media/screenshots/5b7/5b745d1ef8f6f3783784edf40d5e40aa.jpeg,3.18,78.0,4,"PC, iOS, Android, Apple Macintosh, Linux","Action, Adventure, Indie, Puzzle","Delete it and it will grow.Mold an amorphous organism into any shape by pruning its cells. New cells will immediately grow, allowing you to traverse a mysterious world across brain-twisting obstacles, overcome swarms of bizarre mutated creatures, and understand the true nature of the devastation from which you emerged. The eerily beautiful visuals are complemented by the exquisite, ethereal soundtrack of British electronica legend The Future Sound of London, also available as DLC.* Rock, Paper, Shotgun's Best Platformer of 2015 * IGN's List of Best Platformers and Most Innovative Games of 2015* The Guardian's Top 25 Games of 2015"
7819,superhot,SUPERHOT,2016-02-24,2016,https://media.rawg.io/media/screenshots/ad4/ad445a12ee46543d4d117f3893041ebf.jpg,4.19,82.0,4,"PC, PlayStation, Xbox, Apple Macintosh, Linux, Nintendo, Web","Action, Shooter, Indie","SUPERHOT is an artistically minimalistic first-person shooter. The key feature of the project is its time mechanics. If you don’t move the action slows down so you can think over your next steps. This feature brings together shooters and strategies, making SUPERHOT a mix of these genres. The story follows the concept of a ""game inside a game."" It starts with your friend who sends you a game you definitely need to try. But the further you go, the more you realize there's somebody except you in the game, who wants you to stop playing. So you progress through similar levels killing enemies and trying to figure out what's happening. Besides original time mechanics, the game makes you quite vulnerable: a single enemy shot kills you making start the level again. At the same time your weaponry is limited, so to survive you need to pick enemies' guns and ammo or use melee combat. Additional to the campaign mode, there's the endless one and the challenge to make levels more difficult."
7955,morphopolis,Morphopolis,2013-11-07,2013,https://media.rawg.io/media/screenshots/df7/df7314ef7e0ab35865c1584b120bd630.jpeg,2.57,74.0,3,"PC, iOS, Android","Action, Adventure, RPG, Strategy, Simulation, Sports, Racing, Casual, Indie, Puzzle","Morphopolis is a point-and-click adventure game developed by Dan Walters. Setting and art-style The game takes place in the real-life setting and based on the theme of insect microcosm. The player controls an aphid grub during the process of metamorphosis. The game lets the player explore familiar environments from the insect’s perspective. Morphopolis is completely hand-drawn, uses bright colors and contrast pallet. Gameplay The gameplay is very reminiscent of other point-and0click adventures. The developer mentions Machinarium and Tiny Bang Story as the main sources of inspiration. The primary goal of the game is to achieve the spawning ground. To do so, you must travel to various locations like gardens and fields. Each level consists of two parts. First, you have to find several items on the screen, such as eggs, flowers, parts of other insects. Then you solve a quick puzzle a get another list of items that you have to collect. The gameplay itself, however, is not the focal point of Morphopolis, but rather a reason to explore unique environments. The game is centered on its art-style and unusual setting, making it mostly an aesthetic experience."
7978,two-worlds-ii-castle-defense,Two Worlds II Castle Defense,2011-05-17,2011,https://media.rawg.io/media/screenshots/e07/e0771b2710df02f05aa34b7767f0c930_O6X8cDx.jpeg,2.17,,3,"PC, iOS, Apple Macintosh","Action, Strategy, Arcade","While the bloody battle between Gandohar’s troops and the armies of the Orcs is raging in front of the gates of Oswaroth, the emperor waits in the depths of his palace on the outcome of the struggle for power. However, he does not know that an elite troop of Orcs, led by Rogdor, is making its way through secret paths into the fortress and is now close to the portals of the throne room... Gameplay Utilize the opportunity to slip into the role of the Emperor Gandohar and his henchman Sordahon! These villains from the ""Two Worlds"" universe are now playable for the first time ever in this strategy game, thus opening an entirely new perspective into the vast world of Antaloor. Using foresight and skill, you must defend abandoned ruins, dark forests and winding catacombs against the onrushing Orcs. Ward off each attack with clever tactics and weaponry, defending Gandohar's throne in the Oswaroth fortress! Are you ready to break the high score and confront the ultimate Castle Defense challenge against opponents from around the world? Key features: Comprehensive campaign mode provides an immersive approach to this strategic title Jump right into the Arena mode for instant action Content based on both ""Two Worlds"" role-playing games A range of environments including ruins, forests and catacombs Two distinct playable characters to lead your army, both equipped with special attacks such as Fire Damage or Ice Bomb Six uniquely different, upgradeable combat units such as Magicians and Rangers Dozens of different enemy archetypes in over 20 independent classes Advanced unit management with a variety of powers at your disposal Massive levels with up to 50 units on-screen simultaneously Individual graphics and sound settings Atmospherically dense level based soundtrack Competitive online high-score hunting in Campaign and Arena modes"
8001,garfield-kart,Garfield Kart,2013-11-01,2013,https://media.rawg.io/media/screenshots/cea/cea57dce0127ef9238b08d5946cb9210.jpg,3.16,,1,"PC, iOS, Android, Apple Macintosh, Nintendo","Action, Racing","Use your best driving skills and the bonus objects to be first across the finish line! But watch out... it's a free-for-all out there!16 DIFFERENT CIRCUITS — stunning 3D environments from the world of Garfield (Garfield's neighborhood, the city, the Mally supermarket, the sunny farm, the misty docks, the oasis, the dark manor house, etc.)8 CHARACTERS — Garfield, Odie, Jon, Nermal, Arlene, Liz, Harry and Squeak.8 BONUSES for some crazy attacks and defenses (Exploding Diamonds, Lasagnas, Pies, Magic Wand, Pillow, Bewitching Perfume, Flying Saucers)3 GAME MODES: Grand Prix / Single Race / Time Trial3 DIFFICULTY LEVELS: 50cc, 100 cc and 150 ccDAILY CHALLENGE: Try out a new challenge every day!CUSTOMIZE your characters with tons of hoods and accessories"
8062,hexcells,Hexcells,2014-02-19,2014,https://media.rawg.io/media/screenshots/c5a/c5aeaed5c1c58e57de76341ed746345b.jpeg,3.95,,3,"PC, iOS, Apple Macintosh, Linux","Strategy, Casual, Indie, Puzzle","Hexcells is an ambient logic puzzle game for PC, Mac and Linux."
8098,forza-motorsport-6,Forza Motorsport 6,2015-09-15,2015,https://media.rawg.io/media/games/bd4/bd4ab8c94e52fb6d2da185ecca8f6c45.jpg,4.01,87.0,0,"PC, Xbox",Racing,"Forza Motorsport 6 is unrelenting action at speed in the most beautiful and comprehensive racing game of this generation. Collect, customize, and race over 450 Forzavista™ cars, all with working cockpits and full damage. Compete in epic 24-player races across 26 world-famous locales. Master wet weather and night racing on your road to victory."
8146,assassins-creed-unity-2,Assassin's Creed Unity,2014-11-11,2014,https://media.rawg.io/media/games/59f/59fc1c5de1d29cb9234741c97d250150.jpg,3.62,71.0,16,"PC, PlayStation, Xbox",Action,"The game takes place in Paris, during the Great French Revolution, from the capture of the Bastille in 1789 to the Thermidorian coup. Behind all action, there is an intrigue connected with the change of the Great Master of the Order of Templars. The game has a new assassin, Arno Victor Dorian. The setting provides an abundance of locations - from Versailles to the Parisian multi-level catacombs. The mission system is entirely different from the previous games of the series. In this game, there is a cooperative mode for a maximum of 4 people. Parkour now allows you to climb walls without any troubles at all. A system of shelters and the ability to manipulate the crowd are added. The player has an influence on the character improvement scenario. An interesting detail - before the murder of the primary victim, her whole life flashes before the eyes of the assassin."
8278,gears-of-war-4,Gears of War 4,2016-10-11,2016,https://media.rawg.io/media/games/079/079175933a50b2bf202edd6aa17be19c.jpg,3.91,85.0,0,"PC, Xbox","Action, Shooter","Gears of War 4 is a third-person shooter, a follower of Gears of War 3, set 25 years after its events. The game combines classic shooter mechanics with tactical elements and changing weather conditions that directly affect the gameplay. The story is set on Sera planet where humanity survives one threat after another. The peace reached after the war with Locust didn’t last for long. The Coalition, the ruling force, is confronted by Outsiders who claim the current order to be a military dictatorship. You take on the role of J.D. Fenix, Marcus Fenix’s son as he joins Outsiders and helps them in their struggle. In its core Gears of War 4 is a position shooter with a cover system and quick shifting to melee combat. The number of enemies, their specifications and upgraded AI bring tactical elements to the game, as you need to plan your strategy during fights. The campaign rotates intense battles, kind of tower defense missions and exploration, making the action dynamic and involving."
8318,spacecom,Spacecom,2014-09-16,2014,https://media.rawg.io/media/screenshots/724/7245c2892abf31759e3b01ae583516a8.jpeg,2.33,68.0,3,"PC, iOS, Android, Apple Macintosh, Linux","Action, Strategy, Indie","No coincidence, no luck. Spacecom pushes your ability to strategize with a focus on real-time tactics and planning. Use proven maneuvers learned from military legends or devise your own plans. Test your wits in single player campaign, go head-to-head with up to 5 opponents in multiplayer or experiment with new strategies in AI skirmish mode. Most of all, you'll need a bright mind, cunning, and sound tactics.When the war begins, leave the little things behind and dive into austere soundscapes as you immerse yourself in starfleet command. From now on, what matters is your grasp of tactics and strategy, not how fast you can click. Spacecom is about creativity in planning, not complexity of game mechanics.Key FeaturesSingle player campaign that will test your wit in diverse tactical puzzlesTense multiplayer - dominate up to 5 players per mapNo coincidence, no luck. What matters is good planning and successful executionSound designed specifically to trigger strategic thinkingMinimalistic visual design inspired by military technologyCreated to exalt smart thinking over fast clickingPreviews""In a market currently dominated by MOBAs, SPACECOM is set to offer a more nich perspective on strategy. Focused on concise combat roles and managing supply routes, it's all about using limited resources, to outwit your friends."" - GameTrailers.com ""What really strikes me is that all of this is presented in an incredibly minimalistic style.(...) There is none of the distraction of flashy visual effects or incredibly renderedenvironments, this is pure strategy.(...) For me, an advocate of game mechanics above all else, this is as close to pure space strategy as I’ve seen and I’m really looking forward to the finished product."" - gaminglives.com""Spacecom is an interesting idea, as a quick-play strategy game. In a genre that tends to frighten off newcomers, Spacecom is poised to be the title that welcomes them in with open arms, avoiding complexity while still offering that classic 4X feeling. "" - Criticallysane.com"
8433,halo-wars-2,Halo Wars 2,2017-02-21,2017,https://media.rawg.io/media/games/7da/7da8472b0003bd6fc435302ea4e3deb7.jpg,3.84,79.0,0,"PC, Xbox",Strategy,"It’s the Halo experience you’ve dreamed of – controlling entire armies of Marines, Warthogs, Scorpion tanks, and Spartans on the battlefield from the Commander’s point of view. Halo Wars 2 is a real-time strategy game playable in native 4K Ultra HD graphics with HDR on the Xbox One X and Windows 10. Halo Wars 2 also supports Xbox Play Anywhere: Buy once, play on both Xbox and Windows 10. All-new, Action-packed Story – The heroes of Halo Wars awake to find themselves - and the galaxy - in more danger than ever. Following the events of Halo 5, the all-new story is told in action-packed missions set on the legendary Halo destination known as the Ark. Players will command overwhelming firepower in large-scale battles against a terrifying threat facing the UNSC and all of humanity. Build Your Halo Army – Construct your bases, prepare your vehicles and amass your troops. Lead them into huge battles across campaign skirmish matches against the AI, and with and against friends in up to 3v3 matches on Xbox Live. Learn new strategies as you play as different leaders across Blitz and Multiplayer game modes. With Halo Wars 2, you’ll be able to explore and battle in the Halo universe like you never have before. Online multiplayer features require Xbox Live Gold membership (sold separately). PHOTOSENSITIVITY SEIZURE WARNING: A very small percentage of people may experience a seizure when exposed to certain visual images, including flashing lights or patterns that may appear in video games. Visit Xbox.com for more information."
8444,halo-5-guardians,Halo 5: Guardians,2015-10-27,2015,https://media.rawg.io/media/games/77f/77fb27e5b7ec6984f43a70a289376e6a.jpg,3.75,84.0,0,Xbox,"Action, Shooter, Adventure","Halo 5: Guardians is an FPS game developed by 343 Industries. Set in 2558, 8 months after Halo 4, the plot revolves around two fireteams. Blue Team with Master Chief acting as a commanding officer and Fireteam Osiris led by Jameson Locke. Blue Team goes AWOL in order to find Master Chief's old comrade while Osiris is sent after the Team on a capture and retrieve mission. Like in previous titles, the players control a SPARTAN, biologically engineered supersoldiers that use the MJOLNIR battle armor. This armor has energy shields that deplete upon receiving any damage but regenerate after a certain amount of time. The players are capable of carrying two firearms at a time, but it is possible to pick up every weapon dropped by the enemy. Unlike the previous installments where the player could only be followed by NPCs in singleplayer but had the ability to play in a separate co-op mode, Halo 5 takes the concept further and now every of four fireteam members can be controlled by a player. The game does not feature any autonomous features like split-screen on LAN play."
8488,tom-clancys-rainbow-six-siege-2,Tom Clancy's Rainbow Six Siege,2015-12-01,2015,https://media.rawg.io/media/games/b34/b3419c2706f8f8dbe40d08e23642ad06.jpg,3.89,75.0,31,"PC, PlayStation, Xbox","Action, Shooter","The gameplay of the game is based on intense strategic battles between the Navigator and the defenders in a limited space. Locations in the game consist of a multi-level object (for example, a multi-storey building), inside which there are defenders, and the area around it, where the attackers begin. Destruction is at the head of the game mechanics. The surrounding objects are created with maximum realism, the degree of damage depends on the calibre of the bullets used by the players or on the total power of the laid explosives. Walls can be destroyed, creating new firing positions and shelters. Optimal use of the potential of destruction often becomes a guarantee of victory. Defenders can limit the ability of attackers to destroy, using kits to strengthen the walls and the device of some operatives. The primary game mode - multiplayer, normal or rating. During the game in the last mode, the player is assigned a certain rank, and parameters such as the ratio of kills/deaths and wins/losses are recorded in his profile displayed in the game."
8622,realm-grinder,Realm Grinder,2017-01-24,2017,https://media.rawg.io/media/screenshots/8c5/8c549bf8351d44fe0fc9d5e522b4a08b.jpeg,2.84,,2,"PC, iOS, Android, Apple Macintosh","RPG, Strategy, Simulation","Grow your kingdom, build alliances, and explore one of the deepest idle RPG's ever!Use your money and influence to grow your kingdom from a single farm to a huge realm that earns wealth even while you're not online! In Realm Grinder, the player is given an incredible array of choices in how they build forge their new kingdom. KEY FEATURES:Choose to align yourself with a dozen different factions, each of which has their own distinct play style. Will you align with the elves, who reward tapping for treasure, or the demons, who give massive bonuses to the most powerful structures?Further fine tune your strategy by choosing unique upgrades, buildings, and spells to invest in.Continue to unlock new and exciting systems like new factions, research, reincarnations, excavations, and way more. Months and months of unique content!Achievement hunters will be delighted with the broad range and depth of the achievement system. And it's not just eye candy! Many strategies rely on collecting trophies in order to boost certain upgrades."
8757,agent-awesome,Agent Awesome,2015-02-17,2015,https://media.rawg.io/media/screenshots/e20/e20aa716bba921aece8e722215f2f6e1.jpeg,1.84,,4,"PC, iOS, Apple Macintosh","Strategy, Puzzle","Agent Awesome is a strategy game for PC and iOS developed by Chaos Industries in 2015. Plot The player performs as Agent Awesome, a secret agent going through his former employer’s building called E.V.I.L. (Engineering Vicious Ideas Labs). The player aims to deliver the agent from point A to point B on each of the 12 levels and get rid of every enemy on the way. Gameplay This is a third-person perspective tactical arcade. With each level, the player gets to see the floor’s map. The screen consists of a map, a health bar, the amount of collected money and the timing line, so each level should be finished on time. The map shows the location of every enemy and their routes, so it lets the player choose his path suitable for survival and attacking. The gameplay has both combat and stealth modes. The player can mix those to fight all of the enemies and collect more money. Each point can be used for a character or a weapon upgrade and new weapon purchase. Every level is accompanied by a typical secret-agent-movie type of soundtrack and dialogues between the characters. Reception The game is praised for its humor and design. However, at the same time, Agent Awesome is criticized for incomplete settings and expensive weapon improvements."
8798,trauma,TRAUMA,2011-08-08,2011,https://media.rawg.io/media/screenshots/bf1/bf17f3355be57f92313ec8ce3fc56f11.jpeg,2.3,62.0,1,"PC, iOS, Apple Macintosh","Adventure, Casual, Indie, Puzzle","TRAUMA is a point-and-click adventure indie game developed by Krystian Majewski. The game was developed as a part of a thesis project and explores human experiences during being unconscious. Plot The game tells a story of a woman, who survived a car accident, yet slipped into a coma. You go through several memories of hers and reveal her backstory. Gameplay The game focuses on two mechanics in its gameplay: the usage of gesture-like mouse movements and a typical point-and-click experience. These mechanics are used by the player to move around the world of the game, which consists of several dreamscapes. Gestures are used in several specific moments and mimic the real world actions. These gestures can sometimes be used for traversing the world. Each dreamscape is represented using real photos, but with several artificial elements added to them. The primary objective of such dreamscapes differs and is told to the players after selecting one of the dreamscapes. During the game, a narrating voice can reveal plot details or hints. The players have to find nine Polaroid photos in each area. The players are to traverse all the dreamscapes and get every possible ending in the game. After revealing every ending for a specific dreamscape, the player is awarded a photo tracker, which makes finding the polaroids much easier."
8813,commando-jack,Commando Jack,2012-08-02,2012,https://media.rawg.io/media/screenshots/e07/e07924ded75d710f406d0c4447af3c62.jpeg,1.76,,4,"PC, iOS, Apple Macintosh","Action, Strategy, Indie","Commando Jack is an action-strategy game initially released for mobile devices and later ported for Windows via Steam. Gameplay In Commando Jack you play as a self-titled character on his mission to protect the Earth from alien invaders. The core gameplay is a tower-defense. You have to fight waves of enemies strategically placing turret-like towers. There are several types of towers with different properties. Some of them have splash damage or can slow down enemies, while others deal more damage to certain types of aliens. You can upgrade towers increasing their damage. Additionally, each tower has two elemental variations: fire and ice. You gain money by killing enemies and spend them to upgrade towers, get power-ups, or building points which are necessary to build new towers. The chief gameplay mechanic of Commando Jack is that you can manually control any tower from the first-person perspective and shoot aliens by yourself. This help is killing enemies faster, and some alien can only be defeated this way. Aside from the 45 missions’ campaign, the game offers the Elemental Mode in which you have to defeat fire and ice enemies with different element towers. The mobile version of the game is free-to-play and includes microtransactions, while the PC version has a price and uses only in-game currency."
8845,yu-gi-oh-duel-links,Yu-Gi-Oh! Duel Links,2017-01-11,2017,https://media.rawg.io/media/screenshots/bf8/bf87ef7d08a80006f0f65df6d30174e6.jpg,3.19,80.0,2,"PC, iOS, Android","RPG, Strategy, Card","Take on Duelists around the world with ""Yu-Gi-Oh! Duel Links""! - Star-studded lineup includes: Yugi, Kaiba, Joey, Mai and more! - Voices from the anime heighten the Dueling experience! - Intuitive controls for beginners! The depth to satisfy ""Yu-Gi-Oh!"" veterans! - Signature monsters with stunning 3D animations! - Build your ultimate Deck and aim for the top! Step into a world that crosses dimensions and connects all Duelists. In Duel World, any location transforms into a Duel Field where heated Duels unfold! [FEATURES] -Duels The ""Yu-Gi-Oh!"" TCG (Trading Card Game) can be played digitally with newly designed, intuitive controls optimized for your personal computer! Also, signature monsters like ""Dark Magician"" and ""Blue-Eyes White Dragon"" make their appearance with dynamic visuals! -Single Campaign (Duel World) Duel as your favorite characters from the ""Yu-Gi-Oh!"" world and complete Stage Missions to earn various rewards! New cards can be obtained from the Shop! -Duelists Challenge Yugi, Kaiba, Joey, Mai and other Legendary Duelists! Complete specific Missions to unlock and these characters! Earn Skills and rewards by leveling up your favorite characters! -Online PvP With ""Yu-Gi-Oh! Duel Links,"" engage in heated Duels anytime and anywhere against players around the world! Climb through the rankings and claim the title of King of Games! -Decks Build your very own Deck with cards you collect in-game and take on opponents! Stay tuned for future card additions! [ABOUT ""Yu-Gi-Oh!""] ""Yu-Gi-Oh!"" is a popular manga created by Kazuki Takahashi that was serialized in SHUEISHA Inc.'s ""WEEKLY SHONEN JUMP"" from 1996. Konami Digital Entertainment Co., Ltd. provides a Trading Card Game (TCG) and video games, based on the ""Yu-Gi-Oh!"" anime series created from the original manga, that are enjoyed around the world."
8923,faeria,Faeria,2017-03-08,2017,https://media.rawg.io/media/games/f64/f6429c7e6e66c178fde186977ea1af75.jpg,2.96,80.0,2,"PC, PlayStation, Xbox, iOS, Apple Macintosh, Linux, Nintendo","Strategy, Card, Massively Multiplayer, Indie","The game is played with cards on a special field. The goal of the game is to ""kill"" the opponent, laying out cards on the field. The game lets you compete with other players or AI. The game takes place on an empty hexagonal field, two corners of which are occupied by avatars (against each other), and the other four corners are wells of Faeria (mana). Each player starts the game with thirty cards. At the beginning of the turn, the player draws a card from their cards and receives three points of Faeria (mana). If by the player manages to take a well of mana, the player receives one mana point additionally for each well. The game also uses the Power Wheel, different cards have different potentials and affect the game in many ways. Laying out cards on the field also matters - laying out cards is regulated by the rules and gives as a result combinations of different strength and quality. Playing cards spends mana reserves, each card requires a certain amount of mana in reserve to play. And the enemy is harmed through a decrease in the health - the cards affect this figure. Victories give in-game currency to the player, which they can pay for new cards with and make the stock of cards unique."
8946,super-sanctum-td,Super Sanctum TD,2013-05-09,2013,https://media.rawg.io/media/screenshots/8c9/8c9805b8c5e84ab0ff79c37daa26337c.jpeg,2.85,,2,"PC, iOS, Apple Macintosh","Action, Strategy, Casual, Indie","Super Sanctum TD is a retro-styled Tower Defense game that focuses on strategy, customization and replayability. Build advanced mazes and construct powerful towers to prevent alien hordes from reaching the Core! When the aliens swarm your maze and everything seems lost, use active abilities like Air Strike and Freeze to tilt the battlefield to your advantage!Strategy and skill are leading principles of Super Sanctum TD. Carefully choose your loadout of towers and active abilities before each level to make sure you can handle everything that will be thrown at you. Each battle is rewarded depending on your performance, and you can use these rewards to gain access to Perks that let you tweak and specialize your strategies even more! Carefully plan your maze to master the game on all difficulties. Towers like Gatling, Flamer and the Automatic Crowd Pummeler, all with their own individual strengths. Intercept enemies from reaching the Cores with active abilities like Smart Bomb and Gravity Shift! Vast perk system that lets you specialize specific towers, abilities, and more! Prove yourself as the ultimate Core defender by defeating the game on all difficulties and game modes. Square up against the best for a spot on the leaderboard by putting your deadliest strategies to the test in Survival Mode!Super Sanctum TD has recently recieved a major overhaul with a revamped UI, new perk system and rebalanced gameplay!"
9028,solar-2,Solar 2,2011-06-17,2011,https://media.rawg.io/media/screenshots/dfd/dfdb058ecbccbd3b26535f66e93affee.jpeg,3.15,72.0,2,"PC, iOS, Android, Apple Macintosh, Linux","Action, Simulation, Casual, Indie","Solar 2 is a game about astronomy and a sequel to Solar. The game allows the player to control a celestial body and help it to become a planet or a star. Premise and goals In the beginning, the player assumes control over a small asteroid. As it grows in size, it becomes a dwarf planet, then a planet that can sustain life. Growing further, it may become a star with its own planetary system, and eventually a black hole. The ultimate goal of the game is to gather all of the universe's mass into a big crunch. Then it will explode and recreate the space with a Big Bang. However, the player is free to stay at any size instead and not to complete the main goal. There are also optional missions that the player can complete to receive achievements. Gameplay The player navigates his or her astronomical object through space, which is a randomly generated open world. To accumulate your object's mass, you have to collide it with smaller objects and absorb their matter. The objects that are larger than yours will only take its mass away if you hit them. Your object can decrease in size, but it cannot downgrade from a planet to asteroid or from a star to a planet. If destroyed, it will respawn with approximately the same mass. As your planet grows to the life-sustaining size, it will eventually develop a civilization that will launch spaceships. Other planets can have spaceships as well. They will attack other planets and asteroids to destroy them and engage in space wars with your civilization."
9066,the-walking-dead-a-new-frontier,The Walking Dead: A New Frontier,2016-12-19,2016,https://media.rawg.io/media/games/f0a/f0a65d7d9c4534f8f4897f9d161307ed.jpg,3.61,71.0,9,"PC, PlayStation, Xbox, iOS, Android, Apple Macintosh, Nintendo","Action, Adventure","The Walking Dead: A New Frontier is the third episode of the storyline, based on a comic book series. Plot The events of the game take place in four years after the zombie virus hit the world. Clementine is an original character from the previous episodes. She is still alive and trying to survive. She meets Javier Garcia. Javier’s family was taken from him, so he has to find them. Together they find out about the existence of the New Frontier. It is a group of survivors, whose credibility is ambiguous. Gameplay Like two past seasons, the third one is a point-and-click adventure. However, in turn, there are two available characters. You can play as a Javier, who was introduced only in this episode. The player can choose Clementine, but only in flashbacks. You control and direct your character around the environment, explore different scenery elements and pick up and keep objects. These objects can be used to advance the story later. Moreover, you can begin dialogues with non-player characters. Their answers can give a broad range of choices; it even includes staying silent. The time for making a selection is limited. However, even if the player does not make it, the conversation is not stopping. In this case, it is regarded as you stayed silent. These choices have an impact on later events. There are more action-oriented scenes, where you have to make quick decisions. If you fail it, you would have to restart from the very beginning of the scene."
9155,edna-harvey-the-breakout,Edna & Harvey: The Breakout,2008-06-05,2008,https://media.rawg.io/media/screenshots/b06/b066f5358cae814ba11a68895e38acff_vODaQbn.jpg,3.57,,4,"PC, iOS","Adventure, Family, Indie, Puzzle","At the beginning, young Edna wakes up in the padded cell of an insane asylum with no memory of her past. She doesn’t have the slightest idea how she wound up there, but one thing is for sure, she wants out! After all, she feels perfectly sane – and her talking stuffed bunny Harvey agrees completely. Together, they attempt an escape and, in doing so, meet their extremely bizarre fellow patients – from the man in the bee costume to the pseudo-Siamese twins Hoti and Moti. But Dr. Marcel, head of the asylum, will stop at nothing to keep Edna from escaping. What does he have planned for her? And why was her memory erased? Gradually, Edna regains her memory of the time before her detention in her cell…Key FeaturesOver 20 hours of twisted humorIncredibly funny insane characters and crazy dialogsUnique comic styleUnlockable achievementsGerman and English voiceoversWinner of the 2009 Red Dot Design Award (PC Edition)From the creators of the award-winning games The Whispered World and Deponia"
9218,timberman,Timberman,2014-05-08,2014,https://media.rawg.io/media/screenshots/a3b/a3b8325582e81491500fb18292f7f371.jpeg,2.8,,4,"PC, iOS, Android, Apple Macintosh, Linux","Action, Arcade, Casual, Indie","Timberman is an arcade-style high-score game created by Digital Memory. Plot The main character is Timberman – a lumberjack with an ax. The player's goal is to cut as many woods as possible for a limited amount of time. Gameplay The character is standing under the trees, so he is always in danger of bumping into branches. While the player is cutting, trees become shorter, and branches appear on both sides of the trunk; the player has to avoid them to play longer. While playing, you see the health bar at the top of the screen; under that, there is a player’s current score. Each wood brings points which can be used in the game shop. The round ends when the player is out of health or when the time is over. It is possible to either master his skills or to compete with other players. For example, the second option is able if the player is using Steam. After each round, the game shows a scoresheet with the best and current result. If the round is a match between several players, the sheet shows all of the scores. Key Features The game is designed like an old-fashioned arcade. The game features the pixelated and protagonists. Except for the dangerous branches, there are no traditional enemies. It is possible to use four shifting environments: the winter mode, the night mode, the sunset mode, and the daybreak mode. The player can also unlock additional Timbermen: a ninja, a bear, and Santa Claus."
9385,mechanic-escape,Mechanic Escape,2014-04-15,2014,https://media.rawg.io/media/screenshots/add/addd52cae3fff5142cfa8e26a4cdda41.jpeg,2.24,,2,"PC, iOS, Android, Apple Macintosh","Action, Adventure, Arcade, Casual, Indie, Puzzle","Mechanic Escape is a platformer runner game focused on chases — the player has a giant robot chasing him at every level. This is the only title developed by Slak Games. Gameplay The player controls a robot which looks like an old CRT monitor through 80 levels. There are collectibles on the levels — the protagonist can accumulate little CRT monitors to earn the bonus points for the levels and compete with friends and online challengers. The primary goal of every level is to escape giant machine heading toward you using all means necessary — one can jump, slide down, and shoot himself out of cannons on the levels. There are four characters with various skins all representing monitors with different stages of thickness. The distinctions are only cosmetics — they bear no impact on the in-game process. There are no checkpoints in the levels, so the title is widely considered as Super Meat Boy successor when it comes to difficulty settings. Plot Namely, the title feature no story whatsoever — the entry cutscene is shown to the players at the beginning and at the ending of the game telling a story of an unnamed robot trying to save his friends. As one proceeds through levels, he may discover the other three robots which he was entitled to save alongside with little NPC CRT monitors. The game ends the same after 80 levels regardless of the monitors collected."
9430,chaos-domain,Chaos Domain,2014-05-01,2014,https://media.rawg.io/media/screenshots/fd6/fd682fb98a6f324d2cd415c5a24309bf.jpeg,1.89,,1,"PC, iOS","Action, Arcade, Indie","Chaos Domain is a 2.5-dimensional side-scrolling shoot-em-up game developed by Holy Warp. Black Wing Foundation. Plot Set in a distant future, where humankind mastered the interplanetary travel, a Chaos cult is created. These cultists raid other spaceships, brainwash the passengers and go on. The main character sets out to kill all the cultists. The developers say that there is not much plot present in the game and want the player to think they are saving a princess. Although, that is what you are doing. Gameplay Chaos Domain is heavily influenced by the old side-scrolling games of the Sega Mega Drive era like Contra. The main objective of the game's levels is either to get to its end or beat a boss. There are 30 levels present in the game. The players have to complete their objective in a limited amount of time getting the most points possible. The game features a weapon upgrade and ability systems. The players can purchase abilities and weapons in an in-game store using the points they got awarded after playing a level. The game also features a single-screen multiplayer. At any point of the game, a second player can join in. There is no online multiplayer present in the game. Style The game's art style is a mix between the Ancient Egypt mythology and cyberpunk. The music is also influenced by this mix."
9438,golf-it,Golf It!,2017-02-17,2017,https://media.rawg.io/media/screenshots/ecd/ecd0a5625396219090454c4a2e0c8543.jpg,3.71,,3,PC,"Simulation, Sports, Casual, Indie","Golf It! is a multiplayer Minigolf game with focus on a dynamic, fun and creative multiplayer experience. One of the most exciting features is a Multiplayer Editor, where you can build and play custom maps together with your friends.This version of the game features at least 5 different maps with 18 holes each: Grassland, Winterland, Graveyard, Mines and Pirates Cove. Every map has unique gameplay features and different aesthetics. Every asset of each area and more will be available for you inside the Multiplayer Editor and you are free to mix them all together to create the map of your desires! Currently there are over 1.000 placeable objects inside the Multiplayer Editor!To have a more fun and different experience each time you play, we are using a ball hitting system which is based on the speed of the mouse. The faster you swing your mouse the harder you will hit the ball. It takes more experience and practice to hit that precious hole in one every time."
9457,americas-army-proving-grounds,America's Army: Proving Grounds,2013-08-29,2013,https://media.rawg.io/media/games/1c3/1c3bcb76d03f320824ea7638cddddb6c.jpg,2.63,,1,"PC, PlayStation","Action, Shooter","America’s Army Proving Grounds is a free military game provided by the U.S. Army. The game is a part of America’s Army series. Plot The player performs as an infantryman, a part of a Long Range Combined Arms – Recon unit. The plot is based on the U.S. intervention in the Ostregal Islands as a call for defending the RDO Government which was struck by the Czervenians. The U.S. forces landed on the Islands to engage in police action and reconnaissance operations. Gameplay This is a classic first eye tactical shooter. The player is given certain tasks to perform as a part of the unit. The aim is to stay alive in campaigns and fulfill each task. It is possible to change the character’s appearance even though the customization system is quite small. There are a few weapons including M4, M16, standard sniper rifle and shotgun. Maps are not too huge which makes it easier to go through a match. The maps vary in landscapes and size. Each one provides its benefits: it is possible to hide behind the trees in the forest mode or hole upon the earth in the field. The player is free to choose the very own tactics, be it the perfect stealth, merging in the terrain, or be it the classic get-through shooting campaign. The gameplay includes medical help; if the player is injured, it is possible to bandage yourself or wait for help."
9465,grim-dawn,Grim Dawn,2016-02-25,2016,https://media.rawg.io/media/games/920/92039cd19460532b76f6244b2bb3e4ac.jpg,3.96,83.0,8,"PC, Xbox","Action, RPG, Indie","Grim Dawn is an Action RPG developed by Crate Entertainment. The game is set in a gritty fictional world, which resembles the Victorian era. In a war-torn world of Cairn, humanity is close to extinction. Cairn became a battleground for two extra-terrestrial forces - the Aetherials and Chthonians. Both of which are eager to completely wipe out humanity for different reasons. The game tells us a story of several humans that try to adapt and survive the harsh times. Like in most Action RPGs, the main focus of the game is put on battling the enemies and gathering loot - armor, potions, weapons, and gold. Grim Dawn features a crafting system that is similar to the one in a popular mod DoTA. The developers put a strong emphasis on the enhanced physics in the game, environmental kills, enemies dismemberment and a totally new mission system. The players are free to choose one of eight classes present in the game. Several factions are also featured. As the plot progresses, the player will have to choose which factions to join. Joining one faction will make the opposing one hostile to the protagonist."
9475,dont-starve,Don't Starve,2013-04-22,2013,https://media.rawg.io/media/games/f3e/f3eec35c6218dcfd93a537751e6bfa61.jpg,3.85,79.0,4,"PC, PlayStation, Xbox, Apple Macintosh, Linux, Nintendo",Indie,"Don’t Starve is an adventure survival game set in a procedurally generated open world environment and made in a specific cartoon manner. Players assume the role of the scientist Wilson lost in the dark world. The main objectives for Wilson are to stay healthy, fed and mentally stable, and to avoid attacks of supernatural enemies in order to survive as long as possible. Players control the action with the keyboard (general activities) and mouse (combat). The game features day/night time cycles, which change survival pace dramatically. Days are usually spent exploring the map, gathering resources, and crafting, while nights require maximum concentration and caution to stay aware of dangerous enemies. Enemies range from tiny frogs to carnivore birds and tentacles. To lead a successful survival players must control tree scales in the screen top, which track hunger, health and sanity respectively. Death occurs in various ways from including starving, insanity, and deadly wounds inflicted by monsters."
9494,arma-2,ArmA II,2009-06-18,2009,https://media.rawg.io/media/screenshots/c38/c38595cc04bdddaa84ed8feae5319849.jpg,3.18,77.0,1,PC,"Action, Strategy, Simulation","Arma 2 is an open-world military simulation game developed by Bohemia Interactive. Arma 2's campaign takes place in 2009 in a fictional post-Soviet state of Chernarus. A civil war breaks out in Chernarus. The pro-communist forces overthrow the current government and establish a new socialistic state in Chernarus. NATO forces are deployed in order to re-establish the sovereignty of Cheranrus. The game features realistic weaponry, vehicles, weapon ballistics, recoil and so on. Every object that is controlled by the AI is interactive such as birds and animals. All the buildings and static objects such as trees are destructible. The game replicates real military experience where engaging in combat is not the only thing. Players have to use military tactics and planning in order to succeed. A mission editor is also included with the game. Players are free to create their own levels and even campaigns. A scripting language can be used to create more complex missions. The editor gave birth to multiple mods the most famous one being DayZ."
9495,arma-2-operation-arrowhead,ArmA II: Operation Arrowhead,2010-06-29,2010,https://media.rawg.io/media/screenshots/cce/cce227a4ac4e432ee0ba19d0dfe77c30.jpg,3.27,73.0,3,PC,"Action, Strategy, Simulation","This expansion pack to 2009's ARMA 2 features a standalone plot and setting and does not require installing the original game. Operation Arrowhead is set in an alternative 2012 in Takistan, a made-up mountainous Asian country reminiscent of Afghanistan. The protagonists are the NATO forces consisting of American, Czech and German military. Their mission is to overthrow the corrupt regime of colonel Muhammad Aziz and to protect neighboring (equally fictional) Karzeghistan from a Tatkistani invasion. The player will lead them through a series of battles in the desert, highland, and urban environment. At the various stages of the game, the player will control not only foot soldiers but also tanks and helicopters. Operation Arrowhead adds certain new features to ARMA 2 gameplay. The expansion introduces additional vehicles and weapons, enhanced infrared vision, removable backpacks, and drones that can also be controlled by the player. There are also DLCs that allow you to add British soldiers and a private military company. The game is considered quite hardcore by its difficulty, even for experienced gamers, so it is recommended to complete a tutorial stage at the beginning."
9499,pressure,Pressure,2013-03-26,2013,https://media.rawg.io/media/screenshots/e74/e743e4663ca848a2e3078e48760acb09.jpg,2.4,64.0,4,PC,"Action, Racing, Casual, Indie","The game is a classic example of arcade racing shoot-em-up with a top-down camera. It tries to mimic Japanese bullet-hell games with a more casual approach. The player takes control of the buggy and joins La Resistance to prevent the Count Soap crimes and the use of stolen water. The buggy can be customized to your taste, using more than 35 upgrades. Like the plot, the gameplay in Pressure is designed primarily for kids. This is indicated by the casual complexity, an abundance of bright colors and a specific sense of humor. Add here a variety of weapons, upgrades, and enemies; the output will be an excellent timekiller for a couple of evenings. The game features several levels of difficulty, achievements and the ability to go through a story campaign from more than 30 cards together with a friend using the capabilities of a split-screen local coop. All results are published online."
9504,vindictus,Vindictus,2012-06-22,2012,https://media.rawg.io/media/screenshots/77c/77c87b47b0cd9fe6d132aaf1f0152154.jpg,2.92,76.0,2,PC,"Action, Adventure, RPG, Massively Multiplayer","you. Take control of a mighty mercenary and leap into the heart of one of the most action-packed MMORPG experiences available. Master the art of combat as you utilize brutal combos, devastating magic and the environment itself to wreak destruction on your foes. This is unlike any MMORPG you've experienced before. This is Vindictus.Key features:Brutal Combat – Experience a complex and fast-paced combat system that raises the bar for the MMO genre. There are dozens of combos to learn and spells to cast, and mastering them is the key to survival. Avatar of War – Choose from nine distinct characters, including hulking behemoth Karok and exiled princess Lynn. Each has their own set of skills, exclusive armor and a unique personality. Learn their strengths and weaknesses to conquer your foes. Forged in Blood – The monsters of Vindictus are some of the most fearsome you will ever face, so massive they blot out the sun. The greater the beast, the tougher the challenge, and the greater the rewards. Brothers in Arms – Some horrors are too terrible to be faced alone. Team up with friends, form a clan, and take on Vindictus’ mighty raid bosses. Coordination is key, and only the strongest will survive… Visual Assault – With higher fidelity than nearly every other MMO on the market, Vindictus boasts highly-detailed characters and monsters, explosive particle effects and massive battle arenas."
9515,we-were-here,We Were Here,2017-02-03,2017,https://media.rawg.io/media/screenshots/77b/77bd0acea49153dc6c5a89d91eb568bc.jpg,3.79,63.0,2,"PC, PlayStation, Xbox, Apple Macintosh, Linux","Action, Adventure, Puzzle","Lost and separated in an abandoned castle set in a frozen wasteland. Your only possession left is a walkie-talkie, with a familiar voice on the other end. Can the both of you find your way out in time? In We Were Here two players are trapped inside an abandoned castle. Player One is confined to a small secluded part of the castle. Player Two roams the castle trying to find Player One. Every room challenges your wits and ability to communicate clearly, using only your voice. There is no other way to communicate with each other, so make sure you have a microphone ready! Are you ready to find out how well you and your friends work together? If you like living on the edge, try playing it with a complete stranger! Inspired by games such as: Myst, Amnesia: The Dark Descent and real-life escape rooms. Both players have a completely different game experience. Explore beautifully crafted environments in a fictional castle inspired by Castle Rock, Antarctica. Overcome challenging puzzles by working together. Atmospheric thriller setting that will keep you on the edge of your seat. Optional Virtual Reality support. Enjoy the game with- or without VR!"
9526,guts-and-glory,Guts and Glory,2017-02-15,2017,https://media.rawg.io/media/screenshots/a68/a683b4e44927b9ac1e1aec940d0ac806.jpg,2.97,,2,"PC, PlayStation, Xbox, Apple Macintosh, Linux, Nintendo","Action, Racing, Casual, Indie","Welcome to Guts and Glory -- The craziest game show on earth, where ordinary people compete in extraordinary challenges of life and death, for glory!The objective is simple: Race to the finish line while everything tries to kill you.Dodge spinning saw blades, deadly spikes, explosives, turrets, and a growing list of other hazards—while navigating insane tracks set in a wide variety of environments. A game full of LOLs and WTFs and OMGs, where failing can be just as much fun as winning. Do it to prove your awesomeness. Do it for the laughs. Do it for the glory!Featuring a Level Editor to create your own Death Traps!Current Features:Physics-driven vehicles with dynamic damage and destruction100% ragdoll riders, with realtime dismemberment and blood (guts coming soon!)In-Game Level Editor with Steam Workshop integrationPedestrian characters to run over (no AI yet)AI Vehicles that can race in traffic patterns or even chase the player! (NEW)Destructible props and environments: smash through windows, fences, etc.Loads of Hazards: cannons, explosives, wrecking balls, circular saws and so much moreSpecial Items: Mega Fans, Turbo Boosters, and more5 Unique Vehicles and their associated Heroes (8-12 planned)[*}Manual driver ejections (NEW)32+ Official Tracks (many more planned)Community Tracks for endless new content! (Over 600 so far and growing!)PLUS new features/content being added each month, using your feedback in the Community!"
9527,atlas-reactor,Atlas Reactor,2016-10-04,2016,https://media.rawg.io/media/screenshots/f09/f09e5ed03119a59b94f986a99f3d6f56.jpg,2.98,81.0,2,PC,Strategy,
9538,thehunter-call-of-the-wild,theHunter: Call of the Wild,2017-02-16,2017,https://media.rawg.io/media/games/e6f/e6fed89f004972a1967e181fe63e78b0.jpg,3.46,74.0,4,"PC, PlayStation, Xbox","Shooter, Adventure, Simulation, Sports","theHunter: Call of the Wild offers the most immersive hunting experience ever created. Step into a beautiful open world teeming with life, from majestic deer and awe-inspiring bison, down to the countless birds, critters and insects of the wilderness. Every inch of the 50-square mile world is crafted using Apex, award-winning technology crafted by Avalanche Studios during a decade of developing explosive action games. In addition to its rich single player experience, theHunter: Call of the Wild offers unique multiplayer options – cooperative and competitive – for up to 8 players. Share the ultimate hunting experience, and earn those bragging rights!KEY FEATURES: A Next-Generation Hunting Experience. theHunter: Call of the Wild offers the most immersive hunting experience ever created. Step into a beautiful open world teeming with life, from majestic deer and awe-inspiring bison down to the countless birds, critters and insects of the wilderness. Experience complex animal behavior, dynamic weather events, full day and night cycles, simulated ballistics, highly realistic acoustics, scents carried by a sophisticated wind system, and much more. All systems work together to increase immersion and bring out the hunter in you. Explore a Vast Open World. By Foot or ATV. Explore 50 square miles of varied terrain, ranging from wetlands and dense forests to lush valleys and open farm fields. The vast world of theHunter: Call of the Wild is split up into separate and distinct hunting reserves, each one filled with surprises and memorable moments. Take on missions and challenges from the locals, or go off the beaten path. Discover lookouts, hunting towers and outposts. Tired of walking between your hunts? Get the ATV Saber 4x4 (optional paid DLC) and drive around! This capable vehicle will carry you across rough terrain at breakneck speeds. Exploring the open world has never been more fun. A Decade in the Making. theHunter: Call of the Wild is the evolution of theHunter, Expansive Worlds’ stand-out hunting game, with over 6 million registered players and 7 years of live operations. Avalanche Studios and Expansive Worlds bring hunting to a new generation of players. theHunter: Call of the Wild is built using Apex – Avalanche Open World Engine, award-winning technology crafted during a decade of developing explosive action games. Become a Hunter. Design the Hunt. Acquire and equip a range of rifles, handguns and bows and customize them with scopes and different ammunition types. Find and master your favorites. Practice and steady your aim at the shooting range. Develop your character by unlocking various skills and equipment. Learn how to use callers and scents, but above all else, study your prey: pay close attention to animal behavior, traits and patterns of movement. New to hunting? Not a problem. Intelligent systems will aid and assist to make sure you get the most out of your hunt, whether you’re a hopeful novice or grizzled veteran. Share Hunting Experiences. Earn Bragging Rights. In addition to its rich single player experience, theHunter: Call of the Wild offers unique multiplayer options. Join up to 8 friends (or complete strangers!) in cooperative and competitive modes. Enjoy a wide range of in-game challenges and events. Hunting is more rewarding and exciting with friends, so share your experiences and earn those bragging rights. Head out with your friends using ATVs. Moving between hunting spots on four wheels is fast, easy and most importantly – a lot of fun. Besides, after a long day of hunting, no one is going to turn down your invitation for an impromptu off-road race!"
9543,ohsir-the-insult-simulator,Oh...Sir!! The Insult Simulator,2016-10-24,2016,https://media.rawg.io/media/screenshots/585/58523929abeb7fbfd9084884782a1284.jpg,3.34,64.0,2,"PC, PlayStation, Xbox, iOS, Android, Apple Macintosh, Linux, Nintendo","Action, Simulation, Indie","The parrot is back from the dead bringing countless new insults for your disposal, Sir! Remember that silly game that parted lovers, destroyed families and turned friends into enemies? Here’s its successor that does even more, certainly with more style and more variety. And I have proof! This time you can spread affront to everyone in the world that has Internet access or - if you’re not the most sociable - you can sit alone and play with yourself. Nudge nudge. So don’t let the parrot die for nothing and tell that grumpy old lady that her husband donated organs for a strange woman lying in a pond and that her sister poses nude for some dog. Then meet a retired hipster who admires pictures of a grunting sow, and a fake Russian who borrowed a dead body to put his teacup and crumpets on. It’s also the only game that lets you learn what’s The Meaning of Life, and that’s scientifically proven!Game Features: Loner’s Insult Tournament Mode: Battle your way through numerous unique situations and verbally assault your CPU Real-Life Friends Mode: Belliger your actual friends on a couch, ottoman, or whatever else you like to rest your fanny on Imaginary-Friends Mode: Verbally take down strangers from all over the world online, and bring the witty pain across any device using the game's Cross-Platform Multiplayer 5 Hilarious Playable Characters: Each with their own unique voices, quirky traits and hilarious “insult bits” Legendary Potty Mouthed Unlockable Heroes: Lay down some verbal carnage and unlock renowned potty mouthed special guest fighters, including Shadow Warrior's Lo Wang, Serious Sam, the infamous Postal Dude, with more additions to follow soon. 4 Conflict Scenarios: Lay down some verbal jujitsu across 4 different testy situations and dynamic environments Contentious Battle System: Employ combos, criticals, continuations and other new mechanics to outwit your argumentative opponents!"
9545,shadow-warrior-2,Shadow Warrior 2,2016-10-12,2016,https://media.rawg.io/media/games/0b2/0b240149610b8b20eac098b8071f575a.jpg,3.51,78.0,5,"PC, PlayStation, Xbox","Action, Shooter, Adventure","Shadow Warrior 2 is a first-person adventure and the second part of the original's title released in 1997 reboot. The company responsible for the original is 3D Realms. Gameplay The player controls the protagonist with the arsenal of 70 weaponry including melee weapons, firearms, and throwables. The weapons may be customized: there are three gem slots in each one with the gems improving different characteristics in the armament. Due to the detailed battle system, it is allowed to cut an enemy into pieces and tear him apart in different ways, shooting, for example, his limbs off. A hero moves through levels, overcomes obstacles and climbs walls. There is no linear structure to the game as early missions can be replayed and newer location re-explored — that is one of the contrasts with the previous installment the title is made. Non-story-related levels are generated procedurally — it means their layout differs from time to time. There is a four-player cooperative mode, in which a party can walk through the same campaign levels together. Plot The narrative centers around Yakuza — the gang is trying to force Lo Wang — the protagonist — to accomplish the job of reclaiming a piece of jewelry from a local Shrine. The story circles around relationships between the characters, mutations due to ancient relics and the adventures in Indiana Jones style."
9551,deep-rock-galactic,Deep Rock Galactic,2020-05-13,2020,https://media.rawg.io/media/games/c92/c9207a31f0eeb9904a840fc26eae6afb.jpg,4.09,84.0,7,"PC, PlayStation","Action, Indie","DEEP ROCK GALACTIC is a first-person co-operative sci-fi shooter for up to 4 players, featuring fully procedural and destructible environments to explore, mine, and explode your way through to reach your objectives. As a team of veteran dwarven space miners, you must take on perilous missions for the interplanetary mining corporation DEEP ROCK GALACTIC and go where no-one else dares - into the deepest, most dangerous cave systems of the most hostile planet ever discovered. TEAMWORK ABOVE ALL - For efficient traversal and exploration as well as combat, you will need to rely on your teammates. A MATTER OF CLASS - Pick the right class for your play style - mow through enemies as the Gunner, scout ahead and light up the caves as the Navigator, chew through solid rock as the Driller, or support the team with defensive structures and turrets as the Engineer. CARVE YOUR OWN PATH - Fully destructible and procedurally generated environments means there is no set path - it is up to you how to reach your goal. THE TOOLS THAT YOU NEED - A plethora of tools and gadgets at your disposal means no obstacle is insurmountable. INTO THE DARK - The only light is what you bring, and the pitch-black alien caves will not give their riches up easily."
9557,the-incredible-adventures-of-van-helsing-final-cut,The Incredible Adventures of Van Helsing: Final Cut,2015-11-05,2015,https://media.rawg.io/media/games/8be/8be1d2c12a8ff3fdb693d4df128f50f0.jpg,3.54,79.0,4,PC,"Action, Adventure, RPG, Indie","The Incredible Adventures of Van Helsing: Final Cut is a role-playing game with several hack and slash elements developed by NeocoreGames. It is a remastered version of the trilogy of games by the same name. Setting Based on Bram Stoker's Dracula, the game is set in the alternative 19th century Europe. The world bears some steampunk inspired details and is described as full of monsters, magic, and weird technologies. You play as the some of Abraham Van Helsing, a legendary vampire hunter from Stoker's novel. He sets on the same path his father once did. Gameplay The main objective of the game is to clear the in-game world of monsters. Experience is gained from killing monsters and is used for leveling up. With each new level, it is possible to improve Van Helsing's firearms or melee weapons. Van Helsing can also improve his own stats after leveling up. Four stats are present in the game: body build, agility, willpower, and luck. The game features an inventory system which allows for the players to upgrade their armor, coat and the amulet the protagonist carries with himself. Money is gained by either completing quests or selling the items you do not need to the shopkeepers. The main character is accompanied by the ghost of a woman that his father once saved. She helps Van Helsing in conversations with other characters and during combat. The players can order her to stay passive or become more aggressive. She has her own inventory and stats."
9564,sid-meiers-railroads,Sid Meier's Railroads!,2006-10-17,2006,https://media.rawg.io/media/screenshots/adb/adb9e34f5ee059021fc21474f79ec6ee.jpg,3.18,77.0,1,"PC, iOS, Apple Macintosh","Strategy, Simulation","Sid Meier's Railroads! is an economic strategy developed by Firaxis and Sid Meier. Despite the creation of Railroad Tycoon by Meier, he was inspired by Miniatur Wunderland to reimagine his original creation. Gameplay Railroads! is a 3D economic real-time strategy. In contrast to Sid's previous games, the game field of Railroads! is a bit smaller which encourages more interactions between the players. The game has little space for creating flat and long parts of the roads, hence why hills, mountains, rivers, and straits are much more important. The game focuses more on the economic aspect of railroad building. Players create and sustain a whole industry using the railroad system. The game features an auction system. From time to time, new technologies are up on the auction and the player who made the largest bid is granted exclusive rights on using this tech for ten years. After ten years pass, the technology is made available for every player. It is also possible to put one of the factories the player own up on the auction for sale. The creation of railroads themselves is much easier and automated than in Railroad Tycoon. Railroad building can also be used to prevent your opponents from creating new useful paths. The game features 15 historical scenarios where the players can act as several notorious railroad magnates of the past. A multiplayer mode is also present in the game. Four players can play a game using LAN or Internet."
9575,vrchat,VRChat,2017-02-01,2017,https://media.rawg.io/media/games/11f/11fd681c312c14644ab360888dba3486.jpg,3.16,,2,PC,"Adventure, Simulation, Sports, Casual, Massively Multiplayer","VRChat is a massive multiplayer online game which allows you to communicate with other players in virtual reality. In fact, it’s a social simulator focused on user-generated content: you create your own world, explore and develop it, meet guests and start relationships. The environment you create is only limited by your imagination. VRChat provides full body customizable avatars and emotes, emoji, and hand gestures for you to express your feelings. The game features multiple activities, such as Bowling, VR Karaoke and Capture a Flag matches. You can also explore the worlds created by other players and organize and participate in various social events, for example, start a dancing class or musical performance. The abilities are unlimited. VRChat works as a social network that allows you not only chat and share content but produce it in the form of realistic 3D models and take part in activities you maybe not have a chance to try in real life."
9576,supraball,Supraball,2016-05-02,2016,https://media.rawg.io/media/screenshots/238/238b9bcc2b658e38be965b16c9e39075.jpg,2.07,,3,PC,"Action, Sports, Casual, Indie","Instead of writing more about why we think this game is great we decided to let our beta testing community write some comments here.""What is Supraball? - imagine you're playing fifa, controlling just one player. Okay now imagine that each other player is a real person. Okay now imagine you're in first person, and you have this super awesome cannon with dozens of combinations of spins that fires a yellow ball at 400km/h. Okay now imagine you've fired that into the top corner at that speed - and someone saves it. That is supraball!""Solomon""So the first thing that I liked was the innovation, there are no games like it.""Malaria""The game being a first person sports game made me feel like I was actually on the field playing ball. Also, the fact that everyone on the playing field was an actual person, and not a scripted AI that would change into the player if given the ball, added an element I personally had never seen in a game before Supraball.""Skel""F**k yes, I can play football at home!""Silw""The thing that fascinated me the most is the amount of teamwork involved and the kind of creativity you can have while playing this game.""Bakes""It's pretty easy to play but hard to master.""Olo""Most fascinating is the ability some players have to always create new moves etc.""Goku""Different things happen every match, so it's never the same.""Dimle""I liked being the last hope for my team and the tense pressure filled moments were amazing. Making a 1v1 save is a really awesome feeling and no other game has given me the same feeling yet.""Vendetta""Very precise, accurate, total control. Intense gameplay, nail biting finishes.I can't stop, it's heroin/crack!""Revan"
9598,project-cars-2,Project CARS 2,2017-09-22,2017,https://media.rawg.io/media/games/84f/84f3b9c804cbc2b39b4023531427e7e9.jpg,3.61,86.0,4,"PC, PlayStation, Xbox","Simulation, Sports, Racing","• 180+ licensed cars from iconic manufacturers • Full 12K & VR Support • Tested and tuned by pro racing drivers • All-new motorsports (IndyCar, Oval Racing, Rallycross) join old favorites incl. GT3 • LiveTrack 3.0: Dynamic surface & weather physics affect vehicle performance and handling in real-time • New loose surface racing (ice, dirt, mud) • Full 24-hour cycle featuring real-time atmospheric conditions and seasonal ambience • State-of-the art physics model • Revamped gamepad handling • Class-leading Esport capabilities"
9600,the-forest,The Forest,2018-04-30,2018,https://media.rawg.io/media/games/1be/1be575aa6de86de328433a63fb534d9a.jpg,3.74,,8,"PC, PlayStation","Action, Adventure, Indie","The Forest is a survival horror open-world game developed by Endnight games. After surviving a plane crash on a remote island, your son is taken away by local natives. You set out to find him. Find a place to rest in, gather food and defend yourself from the natives. Create weapons and survival tools using the game's crafting system. Apart from the animals that inhabit the island, the cannibalistic natives are also present. They are active at night so the player can raid the caves the aborigines live in during the day and kill them in their sleep. The tribesmen seem to mutate due to an unknown reason. Descending down into the caves, the player finds stranger and stranger mutations. The tribe isn't always hostile towards the player. Sometimes the locals send patrols to the player's camp, try to communicate with the player. During combat, the tribesmen hide behind cover, protect their wounded comrades or remove torches during the night to avoid detection."
9603,grip,GRIP: Combat Racing,2018-11-05,2018,https://media.rawg.io/media/games/de9/de93d51454fa924d723349110c0a5e13.jpg,2.99,68.0,2,"PC, PlayStation, Xbox, Nintendo","Action, Racing, Indie","GRIP is bringing old-school style combat racing back with a bang. Inspired by the Rollcage games and developed by some of the original team, GRIP is a true tribute to the explosive fun had in a past gaming era. Current features (as of v.1.2.2): 7 vehicles (3 manufacturers), with paint job, rim and tire customization. Another car coming soon!6 Game modes: Classic Race, Ultimate Race (overall points), Elimination, Time Trial, Arena (Deathmatch) & Carkour (similar to scramble mode in RCS2)9 Racetracks, 3 Arenas, 15 Carkour courses. (Some levels are still WIP)4 Weapons (Homing missile, machine gun, mine, leader rocket). Another weapon next update!4 Power-ups (Shield, Turbo, EMP, Ramraider)12 Ingame music tracks (mostly Drum n Bass, but also trance and techno)Play single player (against AI), Split-screen with a friend or ONLINE versus players all over the world! NOTE: Gamepad navigation in menus coming soon, apologies for the delay (it's not as easy as it sounds unfortunately!) Intense Racing: Hit speeds of up to 1000 kmph, driving on floors, ceilings and walls. GRIP's car designs allow for driving on both sides, so flipping the car no longer means game over Awesome Pick-ups: Use an array of power-ups and weapons to get the edge on your opponents. Ranging from missiles and guns to shields and turbos, we plan to have a wide array of exciting pick-ups to use Exotic Planets: Race on a variety of planets, from hostile icy worlds to alien jungle to sprawling non-terrestrial cities. Use destruction as a tool to win (not yet implemented*), crashing your surroundings down on your opponents, or lose your tail by heading through an alternate track route Badass Rides: Choose from a roster of armoured cars, manufactured by different companies from around the galaxy. Each car has different specs - some swift and agile, others brutish and heavily armoured. There's a killer car for every taste Bangin' Tunes: Race to a thumping soundtrack from a variety of artists. Drum n Bass is our main kick"
9606,rift,RIFT,2011-03-01,2011,https://media.rawg.io/media/screenshots/30f/30fe09ca354adfd72aeb47b34dbf153a.jpg,2.96,84.0,4,PC,"Action, Adventure, RPG, Strategy, Massively Multiplayer","Previously known as Rift: Planes of Telara and just as Heroes of Telara, it's free-to-play MMORPG in a fantasy setting. In the world of the game - Telara - there is a conflict between two factions: the Guardians and the Defiant. The first worship the higher gods of Telara, among the representatives there are high elves, dwarves and the race of Northerner Mathosians. The Defiant, on the contrary, does not adhere to any religion because of historical and cultural reasons or because of personal choice. They put more emphasis on technology and science. Among the representatives of this faction, one can find a race of highly advanced humans from the south called Eth, dark elves and a symbiosis between humans and Air-spirits called Bahmi. The world of the game is divided into regions by the elements that are controlled by dragons-deities, personifying one of the basic elements: Air, Fire, Water, Earth, Life, and Death. In addition to the division into races, players can choose from five classes: Warrior, Cleric, Rogue, Mage or Primalis. The main emphasis in the game is made on the team raids, participation in PvP and PvE events."
9609,euro-truck-simulator-2,Euro Truck Simulator 2,2012-10-19,2012,https://media.rawg.io/media/games/1f5/1f5ddf7199f2778ff83663b93b5cb330.jpg,4.1,79.0,12,"PC, Apple Macintosh, Linux","Simulation, Indie","You play as a truck driver, whose primary task throughout the game is to deliver essential goods to Europe. The actions of foreign drivers in the game are close to reality. It means that the computer does not only act following the rules of the road but also takes some other techniques taken from real life, for example, gives a sign that passes the driver to the main road. The time in the game is slightly different from the real time (1 minute in the set corresponds to five-ten seconds of real time). The driver can drive in total for 11 hours, after that he needs to go to the nearest Parking to make a nine-hour rest. If you do not, the driver gradually begins to struggle with sleep and yawn. The screen becomes dark, and the player, in turn, loses control of the truck, what can quickly lead to an accident. In the game, there are temporary and permanent road signs that limit the speed mode. The maximum speed of all trucks in the game is technically limited to 90 km/h by default (but it can be disabled in the game settings)."
9612,ghost-of-a-tale,Ghost of a Tale,2018-03-13,2018,https://media.rawg.io/media/games/cbd/cbdaa32349be63a57099669be29dc7ca.jpg,3.84,77.0,2,"PC, PlayStation, Xbox, Nintendo","Action, Adventure, RPG, Indie","Ghost of a Tale is an action-RPG game in which you play as Tilo, a mouse and minstrel caught up in a perilous adventure. The game takes place in a medieval world populated only by animals, and puts an emphasis on immersion and exploration. It features stealth elements, disguises, conversations with allies and enemies, and quests. You’ll be able to explore the secrets of Dwindling Heights Keep and navigate its dangers. Tilo is not much of a fighter, so stealth and nimbleness are your allies when confronted with enemies twice your size. Talk to the characters you meet and leave no stone unturned in your quest to find Merra, your true love….About the team: Ghost of a tale is developed by a very small team. Lionel ""Seith"" Gallat does 90% of the art, design and coding. Paul Gardner is the game's writer and an experienced game designer. Cyrille Paulhiac does coding and develops tools. Jeremiah Pena is the game's composer, while Nicolas Titeux is responsible for sound design."
9616,heroines-quest-the-herald-of-ragnarok,Heroine's Quest: The Herald of Ragnarok,2014-03-19,2014,https://media.rawg.io/media/screenshots/d80/d80c04d1e76c1b53141c2b72ffaafdfb.jpg,2.4,,1,"PC, Linux","Adventure, RPG, Indie","Heroine's Quest: The Herald of Ragnarok is a 2D adventure RPG with a high focus on depicting Norse mythological tradition. Gameplay The player follows the path of Heroine through the number of 2D pixel-art locations stylized for 90s games. The RPG element brings classes, skill trees, and looting system into the title. The available classes are warrior, mage, and thief. One of the main focuses is on the realism — the game features a vast variety of deaths, for instance, death from frostbite if the character does not dress well; death from hunger in case the protagonist forgot to eat, and death from poisoning if the hero ate a suspicious flower in a middle of a woods. The battles are not of the primary locus here — nonetheless, the system is simple and concentrated on hitting, casting spells and dodging in the appropriate time. Plot The player follows a storyline of a heroine who is destined to prevent Ragnarok — the death of all the living creatures according to the Norse mythology. The Valhalla stories, as well as the Tales of Nine Worlds here, are cleverly mixed-up with the postmodernist gags, forth wall-breaks, and even Harry Potter references. The game's source of inspiration is often confused with Skyrim. However, the developers say, that story resembles Quest for Glory in various ways."
9623,heavy-metal-machines,Heavy Metal Machines,2017-01-31,2017,https://media.rawg.io/media/screenshots/014/014ae85f986cd956574d8904da227907.jpg,2.12,,1,"PC, PlayStation, Xbox","Action, Strategy, Sports, Racing, Indie","Heavy Metal Machines is a free-to-play multiplayer action racing game developed by Hoplon. The game is heavily influenced by the classic Rock n' Roll Racing and more modern titles, such as Rocket League, Twisted Metal and the whole genre of MOBAs. Plot The players are free to choose from several characters to play the game. Each one of them has their own backstory and reasons behind their decision to participate in the event. Gameplay The players control the heavily modified vehicles with guns installed on them. The objective of the game is to steal a bomb, that is located in the center of the arena and get it to the enemies base to destroy it. Upon picking up the bomb, the player holding it has to ride around the whole perimeter of the arena and avoid destruction by the enemy forces. The player can be assisted in his efforts of bringing the bomb to the enemy base by their teammates that can cover the bomb carrier. Each character present in the game (there are more than ten characters in the game's roster) has not only their own backstory, but a specific vehicle that differs in handling, gameplay, and most importantly, its role. Like in most MOBAs, there are several player roles: a tank, who pushes through the enemies front lines; a support, who heals and buffs the team; a defender, who stays behind and defends their base by any means necessary."
9626,running-with-rifles,RUNNING WITH RIFLES,2015-04-02,2015,https://media.rawg.io/media/screenshots/983/9836b294521963a13c3974939d2b70ee.jpg,3.38,78.0,4,"PC, Apple Macintosh, Linux","Action, Indie","RUNNING WITH RIFLES is a top-down tactical shooter with open-world RPG elements.In RWR, you join the ranks of an army as a common soldier, just like the thousands around you.The open world approach lets you define your own path and story in the campaign. Push back the enemy with your comrades or go deep behind enemy lines to sabotage their efforts and loot valuable items.As you gain experience, you are promoted with higher command over soldiers and equipment. Call in artillery fire missions or paratrooper reinforcements when the situation gets tight! Use your squad to man armed boats, tanks and APC's, or, become the expert lone wolf you always aspired to be - it's up to you!KEY FEATURES hundreds of locations to explore from trenches to towns, deserts to snowy valleysemergent AI that will question if you're as smart as you think you arerealistic cover systemdozens of different weapons, support and cover items, radio calls, vehiclesside objectives to keep you busy: destroy radio towers and other assets, steal cargo trucks, rescue prisoners40+ multiplayer support, dedicated servers, coop, PvP, PvPvEspeech bubbles!deaths and fails, a lot of them, including your own!...and of course, mods!"
9631,sins-of-a-solar-empire-rebellion,Sins of a Solar Empire: Rebellion,2012-06-12,2012,https://media.rawg.io/media/screenshots/65c/65c9c15e274705b5fe343e424ce76ec8.jpg,2.73,82.0,5,PC,"Strategy, Indie","Sins of a Solar Empire: Rebellion is a first standalone and the third overall DLC to the original Sins of a Solar Empire title. It is also a strategy set in space with the science-fiction lore. Gameplay The point of the game is to conquer as many planets as possible using the given resources. The protagonist can be chosen out of three races: industrials, aliens and psychics each with unique special abilities. The gameplay process occurs exclusively in online mode, but single battles and succeeds against enemy AI is possible too. However, the campaign as a whole cannot be played offline. Key features As in usual RTS, the gameplay is centered around resource management — the title's economy consists of prices on Metal, Credits, and Crystal — each with the individual gain conditions. So it would be impossible for instance to sell all of your metal to the friendly guild — after the wholesale, stock prices decrease and economy shifts towards them like real-life one. While exploring the world, the player may stumble across habitable planets and anomalies which prevent the player from getting to the goal. Anomalies include asteroids, hostile environment, and ice fields. Rebellion DLC The expansion adds two new units into the gams: Loyalist and Rebel — delegates of any races can choose between them. A graphical engine was updated as well."
9644,planet-coaster,Planet Coaster,2016-11-17,2016,https://media.rawg.io/media/games/aea/aea1581227fa10cbc006a6594845a01e.jpg,3.81,83.0,5,"PC, PlayStation, Xbox","Strategy, Simulation","Surprise, delight and thrill crowds as you build the theme park of your dreams. Build and design incredible coaster parks with unparalleled attention to detail and manage your park in a truly living world. Piece-by-Piece Construction: Planet Coaster makes a designer out of everyone. Lay paths, build scenery, customize rides and make everything in your park unique with piece-by-piece construction and over a thousand unique building components. Landscape Sculpting: Play with nature and reshape the land beneath your feet. Sculpt the landscape to raise mountains, form lakes, dig caverns and even build islands in the sky, then weave coasters through your park above ground and below. Total Authenticity: Recreate your favorite rides or leave the real world at the door. However you love to play, the most realistic rides and most realistic reactions from your guests make Planet Coaster the most authentic simulation ever. Simulation Evolved: The deepest park simulation in gaming history rewards your skills and makes management fun. Control every aspect of your guests’ experience and watch as Planet Coaster’s world reacts to your choices in an instant. A Living World: Every park guest is an expressive individual who thinks, feels and explores your park with their own interests and desires. Together Planet Coaster’s guests will tell you at a glance just how well your park is run. Park Management: You’re the boss with accessible controls that make management fun. Test your skills in a campaign of creative scenarios, or just build for fun and tweak your parks to surprise, delight and thrill your guests. Communal Creation: Planet Coaster links coaster fanatics and creators around the world with the Steam Workshop community hub. Trade scenery, rollercoasters and even entire parks with other players, and add the world’s wildest creations to your own park. Be Inspired: Discover new content from the world’s best coaster park creators every day. Browse and download content from your favorite creators, or choose from the latest designs selected by the Planet Coaster dev team. Share Your Creativity: Whether it’s a magnificent ice cream shop or the world’s most thrilling coaster, build it, name it and share it with the planet. Join a community of creators and see your designs appear in parks around the world."
9651,domina,Domina,2017-04-03,2017,https://media.rawg.io/media/games/18d/18d60c941138da3bce899fcf9bb7ce53.jpg,3.38,73.0,3,PC,"Action, Strategy, Simulation","Take charge of a ludus, acquire, train and upgrade gladiators, and pit them against your opponents in bloody arena battles. Use strategic political wranglings to win favor from powerful Romans to increase the odds of victory in the arena and elevate your family name, all while trying to keep a group of brutish warriors focused, alive, and victorious. Domina is a pixel-art strategy simulation vaguely based on Roman gladiator schools of antiquity."
9653,hacknet,Hacknet,2015-08-11,2015,https://media.rawg.io/media/games/23b/23b69bfef2a1ce2e3dcdf1aa8ef1150b.jpg,3.18,82.0,3,"PC, Apple Macintosh, Linux","Simulation, Indie","Hacknet is a computer hacking simulator. You take on the role of a user nicknamed Bit and need to investigate the death of the previous ""Bit"" that was probably involved in illegal activity. To get through the story, you search for the files on other computers that can help to reveal the truth about your predecessor. Hacknet combines a graphical interface with a text-based console creating the impression of real hacking software. As a rule, every mission consists of connecting to another computer, breaking its protection system and getting special privileges and access to the database. You need to complete the mission before the speed countdown reaches zero. If you fail, you’ll have one more try to finish the level. Hacknet is expanded with Hacknet Labyrinths DLC that adds two more chapters to the story, new hacking tools, and a fully new soundtrack. The game can also be modified by players."
9656,shiness-the-lightning-kingdom,Shiness: The Lightning Kingdom,2017-04-18,2017,https://media.rawg.io/media/screenshots/096/0963033cf4c3f1db685221fc3d143033.jpg,2.56,68.0,3,"PC, PlayStation, Xbox","Action, Adventure, RPG, Indie","Shiness is an Action-RPG developed by indie development studio Enigami, which will let you travel in a captivating universe doomed to destruction ever since the fragmentation of the planet Mahera... Travel through an enthralling and interactive world as Chado and his 4 companions, and develop your characters Hyper-dynamic combat mixing magic with combos, parries, and blocks like a traditional arena fighter Develop 2 types of skills (physical attacks and magic) and unlock new talents and spells Explore and interact with a vast world made of multiple environments thanks to you and your companions’ special powers and skills Numerous quests and side-quests will give you the opportunity to develop your characters and their reputation Play as Chado and his companions, and travel across the Celestial Islands onboard a flying boat. After a rough landing on hostile territory, you find yourself in the midst of a power struggle between several kingdoms. Chado might be able to resolve this situation thanks to Shiness, a magical spirit that only he can see. Explore a large and captivating world with which you'll be able to interact thanks to the power of your 5 playable characters: crush a big rock using pure strength to enter a secret cave, or use telekinetic powers to activate some mechanisms and discover a back entry… During your journey, you'll meet dozens of dangerous enemies with whom you'll have to face off during hyper-dynamic fights mixing magic, and traditional fighting game mechanics (hit, block, combos…). Gain experience during those fights, while progressing in the storyline or by accomplishing numerous side quests. Evolve your characters, learn new skills and spells, and become the hero who will unify the civilizations of Mahera."
9658,warhammer-40000-eternal-crusade,"Warhammer 40,000: Eternal Crusade",2016-09-23,2016,https://media.rawg.io/media/games/724/72465528abeee31c16502e947a1a9e13.jpg,2.62,52.0,2,PC,"Action, Adventure, Massively Multiplayer","Warhammer 40,000: Eternal Crusade is a real-time strategy game developed by Relic Entertainment. This is the fourth part of the Dawn of War series. Plot The game is set in a dystopian vision of the future. In the universe, humanity developed a galaxy empire called The Imperium of Man. The main characters are humans and galaxy monsters, such as the Space Marines, the Eldar, and the Orks. The player aims to perform in battles and make points. These points can be used in the shop as an exchange for new items. Gameplay The player can choose his protagonist: it may be anyone from the races and factions except for the Tyranids, an army of enemies. The player can buy different items, such as weapons or the character’s appearance. He can also change the chosen race or faction during the game. Eternal Crusade features classic RTS visuals like galaxy views, rockets, spaceships, explosions, and lots of vehicles. The player can track his progress by advancing through classes: they differ from infantry to ground assault. It lets the player join veterans and elites of the universe. Gameplay development The developers launched the founder program before the game was released; it let the players buy additional packs and get the game keys and bonuses before the release."
9659,bulletstorm-full-clip-edition,Bulletstorm: Full Clip Edition,2017-04-07,2017,https://media.rawg.io/media/games/4ec/4ec6786820944f923eb212a3ed8d23be.jpg,3.92,76.0,4,"PC, PlayStation, Xbox, Nintendo","Action, Adventure","Step into the boots of Grayson Hunt after a crash landing on an abandoned resort planet forces him to make a hard choice: survival or revenge. An exiled member of the elite assassin group Dead Echo, Grayson’s blind desire for vengeance finds his crew stranded on Stygia where he can finally confront the commander behind his betrayal—or get his team off the planet alive. Battle your way through throngs of Stygia’s mutated inhabitants, performing masterful kills throughout the single-player campaign—or one of 30 competitive score-challenge or 12 co-operative multiplayer maps—using Bulletstorm: Full Clip Edition’s unique “Skillshot” system that rewards you for executing the most creative and deadly kills imaginable. Bulletstorm: Full Clip edition is the definitive Bulletstorm experience that includes all existing Bulletstorm add-ons, plus brand-new content exclusive to Full Clip!"
9668,galactic-civilizations-iii,Galactic Civilizations III,2015-05-13,2015,https://media.rawg.io/media/screenshots/f8a/f8ae83f70a0f2631d7123a5caca19ace.jpg,3.52,81.0,5,PC,"Strategy, Simulation, Indie","Galactic Civilizations III is a turn-based strategy with a high focus on explorations, expanding, exploitation, and extermination also called 4X strategy subgenre. This is the third part of the franchise of the same name featuring a lot of DLC's. Plot The title features some stories to hold the player's interest during the play session within the story campaigns, but when one creates own campaign, he is not allowed to pursue any storyline from the main game. Gameplay The in-game locations are procedurally generated, so every iteration of the game's experience feels different. There are multiple ways to reach to designed goal — political, economic and cultural. One can build the system of ships in various ways thanks to Crusade system: fleet may be composed out of the little amount of small and strong ships or a hive of feeble vessels. The game size varies as well — one can create a little map to test some cultural features brought in the nearest DLC or create a vast 400x400 squares locations with up to 100 enemies and unfold massive space battles. As it is a PC game, the broad category of non-official add-ons is available called mods. One can practically turn the game's visuals and story into every pop-culture universe starting with Star Trek and ending with Pixar cartoons."
9671,rust,Rust,2018-02-09,2018,https://media.rawg.io/media/games/447/4470c1e76f01acfaf5af9c207d1c1c92.jpg,3.38,66.0,14,"PC, PlayStation, Xbox, Apple Macintosh, Linux","Action, Shooter, RPG, Massively Multiplayer, Indie","To survive is the main task in the game Rust. It is necessary to survive in the area, which is now wholly wild but was recently inhabited. At the beginning of the game, there is only a rock and a torch. The rest will have to be found or stolen. Bears and wolves roam the terrain, there are diseases and radiation in the game, but the main danger comes from other survivors. The game has only a multiplayer mode. We have to engage in skirmishes and hand-to-hand fighting with them. Players can not only compete, but also unite. Rare minutes of peace and security worth devoting to construction, equipment and strengthen the shelter, the base. Sometimes some helicopters shoot everyone on the ground. Fortunately, helicopters can be brought down. Weapons can be found, collected and improved. Sophisticated and more effective weapons sometimes cannot be assembled independently, you need to use drawings and find rare details, sometimes leaving very far. Sometimes planes drop from the sky ""parcels"" with various useful staff. The falling parcel is visible from afar, the path to its fall can be long. The package can be noticed by others. A long road can be facilitated by a vehicle. For example, a boat."
9672,riders-of-icarus,Riders of Icarus,2016-07-06,2016,https://media.rawg.io/media/screenshots/3f9/3f91ed2b09ad06c8f5b3d1981f53b2e7.jpg,2.39,,2,PC,"Adventure, RPG, Massively Multiplayer","Rule the Skies in Battle: Become a legendary Rider of Icarus and master wild beasts to rule the skies. Ride fearsome winged mounts into explosive aerial battles as you scorch the skies of enemy legions and protect mankind from an ancient invading evil. Collect Mythical Beasts: Explore fantastical lands filled with non-stop action and adventure to build your collection of mythical beasts. With hundreds of ground and aerial mounts to collect and train the sky is no longer the limit. Tame your destiny as you level up your mounts to become deadly weapons with special combat abilities. Explore an Epic World: Let your imagination soar as you coordinate strategic aerial strikes with other heroes of all classes, both from afar with devastating magic or up close and personal with the game’s action-oriented melee combo system. Descend to the battlefield using ground mounts and conquer theatrical boss battles to acquire treasures and experience to upgrade your mount and rider. Fly and Fight for Free: Immerse yourself in an action adventure free-to-play MMORPG where collecting wild beasts, riding combat-ready dragons, exploring an epic world and battling the most dangerous bosses with your friends is as FREE as the air you soar through."
9677,creativerse,Creativerse,2014-08-12,2014,https://media.rawg.io/media/screenshots/d6c/d6c0142aab845c93e4df9caf250b53a2.jpg,2.51,,2,"PC, Apple Macintosh","Action, Adventure, RPG, Simulation, Casual, Massively Multiplayer, Indie","Creativerse is a creative sandbox game developed by Playful. The game is distributed completely free of charge and anyone can download it on Steam. Gameplay The game's environment is procedurally generated out of blocks. The game takes heavy inspiration from Minecraft and improves upon it concepts. At the beginning of the game, the players come into possession of a gauntlet that allows them to manipulate matter. The players create their own character and customize it before being put in a procedurally generated world. The game teaches the players to interact with this world and gives the first tools and tips to do so. Creativerse improves upon Minecraft's multiplayer modes, as the players do not have to install server-side mods to activate the possibilities of claiming land and the protection of player-created buildings. The player progression in Creativerse is made through the recipe system that expands as the players discover more and more crafting recipes. The game's crafting system heavily resembles the same of Minecraft, as the players find resources in the generated world's biomes. These materials are later used to create new items that can also be used to later build more sophisticated tools and weapons. Several very rare recipes can be obtained through combat or dungeon exploration. Paid version features The paid version of the game allows creating as many worlds as the players like, grants 20 more inventory slots and new items, such as a flashlight."
9678,lawbreakers,LawBreakers,2017-08-07,2017,https://media.rawg.io/media/games/576/57614dc6203d74f1d980754c3298192c.jpg,2.62,77.0,1,"PC, PlayStation",Action,
9687,crosscode,CrossCode,2015-03-03,2015,https://media.rawg.io/media/screenshots/cd6/cd6825467cb0f6a478a016b242d5d247.jpg,4.26,82.0,5,"PC, PlayStation, Xbox, Apple Macintosh, Linux, Nintendo","Action, RPG, Puzzle","This retro-inspired 2D Action RPG might outright surprise you. CrossCode combines 16-bit SNES-style graphics with butter-smooth physics, a fast-paced combat system, and engaging puzzle mechanics, served with a gripping sci-fi story. CrossCode is all about how it plays! That's why there is a free Steam demo! Go give it a try! Take the best out of two popular genres, find a good balance between them and make a great game. That’s what CrossCode does. And it works pretty well. You get the puzzles of Zelda-esque dungeons and are rewarded with the great variety of equipment you know and love from RPGs. During the fast-paced battles you will use the tools you find on your journey to reveal and exploit the enemies' weaknesses and at the same time will be able to choose equipment and skills for a more in-depth approach in fighting your enemies. Check the Reviews to see who loves the game. We're sure you will, too!"
9690,pinstripe,Pinstripe,2017-04-24,2017,https://media.rawg.io/media/screenshots/055/055a6115ef3b51d511b8454c4a4ee32b.jpg,3.33,70.0,4,"PC, PlayStation, Xbox, iOS, Apple Macintosh, Linux, Nintendo","Adventure, Casual, Indie, Puzzle, Platformer","Pinstripe is an emotionally charged adventure through Hell created entirely by a one-man team over the course of five years. Play as Teddy, an estranged ex-minister forced to venture through the frozen afterlife in search of his three-year-old daughter Bo, and her perverse kidnapper. Discover the dark secrets of Teddy's past, and confront his sleazy, demonic nemesis, Mr. Pinstripe. Thomas Brush, creator of award winning indie games Coma and Skinny, reveals a gorgeous art style, breathtaking score, and chilling story with influences from The Nightmare Before Christmas, Coraline, and Alice in Wonderland. Explore six hauntingly beautiful levels of Hell. Listen to an immersive and unique soundtrack written by the game's creator. Use your slingshot to fight your way through bizarre beasts and interesting puzzles. Hang out with your family pet George and sniff out clues. Discover the mystery behind Teddy and Bo's death. Features a hilarious cast of professional voice actors and celebrity cameo performances!"
9696,eternal-card-game,Eternal Card Game,2016-11-18,2016,https://media.rawg.io/media/screenshots/fbd/fbdca928fdd7439cba68443cf4d8c6c1.jpg,3.01,,1,"PC, Xbox, iOS, Android, Apple Macintosh, Nintendo","Strategy, Casual, Card, Massively Multiplayer","Raise the Banner!With spells and swords, six-guns and subterfuge, heroes collide in the struggle for the Eternal Throne. Where will you stand? Join the battle in Eternal, the new strategy card game of unlimited choices and unbelievable fun.The Best of Both WorldsEternal brings AAA pace and polish to the the infinite possibilities of a deep strategy card game. Build any deck you can imagine by freely mixing cards from an expanding collection, and plunge into lightning-fast battles. The only limits are your own creativity.A Game that Grows With Its PlayersIn Eternal, there’s always something new. Frequent new cards release between set launches to guarantee that the meta-game never gets stale. A steady influx of unexplored content keeps even the most experienced players on their toes. What will you create?Test Your Wits, Not Your WalletLooking for a white hat that fits? Here you go. All gameplay — every card and every game mode — in Eternal can be earned or unlocked without ever paying a dime. It’s truly free to play.Enemies at Every TurnEternal’s tactical AI was hand-crafted by some of the best professional TCG players in the world. With dozens of enemy decks, wild “boss level” environments, and unique card mechanics, Eternal stands ready to challenge players at any hour of the day or night.The Choice is Yours• Hundreds of cards combine however you like – there are no limits to what you can build• Fast spells and combat tactics mean you’re never totally safeThere’s Always Time for a Game• Innovative digital mechanics, quick five-minute games, smooth and intuitive tablet play• Constant rewards and new challenges keep players engaged“Play to Win” not “Pay to Win” • Other games make you pay for card collection; Eternal players can earn every card for free"
9697,alien-swarm-reactive-drop,Alien Swarm: Reactive Drop,2017-04-20,2017,https://media.rawg.io/media/screenshots/4b3/4b3cbf42e305385dd6bdcde65daf7099.jpg,3.37,,1,PC,Action,"Alien Swarm: Reactive Drop is a standalone expansion pack to Alien Swarm developed by Valve. The base game is included. Setting In distant future, the interplanetary travel was finally made possible. One planet was classified by the government for establishing a secret research base. It got overrun by aliens who were brought to the planet for research. A super elite squad was sent to deal with this problem. Gameplay Alien Swarm: Reactive Drop is a cooperative top-down shooter. While only four-player squads were present in the base game, the limit was brought up to eight for the expansion pack. The game's core mechanics are not much different from the base game. The player's squad has to reach the end of the level while completing objectives, that require teamwork. For example, one of the players has to weld the door while the others cover them. The game features a class-based mechanics. Every class is proficient in their own field and has to work in a team in order to succeed in the game. Four classes are present in the game featuring eight unique characters. It is also possible for the players to unlock new weaponry for their classes by progressing through the game. Players also get new items for leveling up. It is also possible to reset your progress after reaching max rank and earn a badge for your proficiency."
9712,overgrowth,Overgrowth,2017-10-16,2017,https://media.rawg.io/media/screenshots/85b/85be8468eabaacadb361eb88e92ee41f.jpg,3.12,,3,"PC, Apple Macintosh, Linux","Action, Indie","Overgrowth is an indie action game developed by Wolfire Games. It serves as a sequel to Lugaru, another title by the company. Plot On a fictional island of Lugaru, after many years after the extinction of humanity, the world is run by humanoid wolves, rabbits, rats, cats, and dogs. Most of Overgrowth's plot is not revealed yet, as the game is still in early access stage of production. The main character was carried over from the previous game. A rabbit named Turner that avenged his family by killing the Alpha wolf and a corrupt king. Turner refused to become the next king and left to explore the island. Gameplay Similar to the previous game, Overgrowth puts a strong emphasis on hand-to-hand combat. Attacks and counter-attacks are based on timing and contextual actions rather than the usual combos. The game features an advanced physics-based animation system which allows for seamless transitions between animations. Every animation will be different based on the environment, the character's mood and even individual traits. Levels in Overgrowth introduce the players to their environment, tasks, and means of completing such tasks. Despite that, the players are free to explore the level as they see fit. This allows the players to find their own path to level completion. The game features a sophisticated AI. The enemy characters can attack from the back or get together for an ambush. If the AI decides that it has no chance of winning, the enemies fall back."
9716,beamngdrive,BeamNG.drive,2015-05-29,2015,https://media.rawg.io/media/screenshots/b39/b391b3f197385e46b48e2077eea97f6d.jpg,4.19,,4,"PC, iOS","Simulation, Racing","BeamNG.drive is a realistic, immersive driving game offering near-limitless possibilities. Our soft-body physics engine simulates every component of a vehicle in real time, resulting in realistic, dynamic behavior. The driving feel is authentic and visceral, and crashes are realistic and violent; yet the physics are accessible enough to drive with a keyboard or gamepad while still being authentic with a full racing wheel with uncompromising realism.Environments and vehicles in BeamNG.drive are hand-crafted with passionate attention to detail. With years of meticulous design, research, and experience, we authentically recreate the feeling and excitement of real world driving.We are a small team from around the world with no obligations to publishers or outside interests. Our users and modding community are our first priority. Help us make BeamNG.drive the ultimate driving experience and discover what an open and uncompromising soft-body vehicle simulator can be.Why is BeamNG.drive the game for you?As an open world vehicle simulator, BeamNG.drive will cover a large array of vehicular disciplines - everything from a delivery mission in a box truck to a high speed rally race or a destruction derby. The vehicle customization and detail will allow you to make your car or truck all your own - fix it up, upgrade it, or strip away body panels to reduce weight. There are a lot of different types of gameplay we want to implement beyond just racing and crashing, such as police chases, stunt challenges, and other specialized minigames. Eventually we would like to have some kind of single player open world career mode, with persistent vehicle ownership and procedurally generated used vehicles to buy and events to run them in.In some ways, BeamNG.drive is about doing anything you want with a car or truck - the stuff other games don't let you do. You can go off-roading in a family sedan or hurl a delivery truck around a racing circuit, all with beautiful soft-body simulation physics. You can mod those same vehicles to be racing beasts, derby monsters, or off-road behemoths - or just thrash them stock. At the end of the day, BeamNG.drive gives you the gameplay you want, and doesn't force you to do anything that you don't think is fun or interesting.The future of the game and our physics engineAs we optimize our game and computer technology improves, the amount of vehicles which can be simultaneously simulated at a smooth framerate will increase. Right now you can run 4 to 6 cars at one time on a high end quad-core processor. Each vehicle has around 400 nodes and 4000 beams, all being simulated 2000 times per second. We hope to expand the number of simultaneous vehicles possible to at least 8 with a mid-range processor.We will also look towards having multiplayer in the future, but it may be some time before we can create the multiplayer experience everyone is expecting. We are well aware of the demand for multiplayer and we want it just as much as you, but for the short term we are focusing on the single player career mode, various driving events, fixing bugs, and creating more content. It is feasible that we could implement local and/or same PC multiplayer in the interim.Also, the possibilities extend beyond land vehicles. Users in our community have already made planes and helicopters that fly purely with the existing vehicle aerodynamic physics, with no cheating whatsoever. BeamNG can simulate aircraft in a very authentic way due to its soft-body physics. All the flex that happens to a real plane's airframe arises naturally in BeamNG, and the consequences of excessive stress are also modeled. Fly too fast and your wings will start to bend and rip off. The potential for the BeamNG physics engine is huge.Alpha Access Features All future updates to BeamNG.drive included for free (alpha, beta), also including the final game Soft-body physics sandbox 19 detailed, customizable, destructible vehicles, with more to come 10 terrains to explore and drive across, with more to come Frequent updates adding terrains, vehicles, features, gameplay, and bug fixes Full modding and content creation capabilities - make maps and vehicles, and script gameplay Use the built-in terrain editor and any 3D modeling, image editing, and text editing software Online authentication is only necessary to update; the game itself does not need an internet connection to run.Alpha TestersUsers that already entered the alpha testing via our website can get a free Steam key.Our goalsOur main focus is on how things move rather than how things look on the screen. We aim to bring our expertise in real time soft-body physics and soft-body physics model design to the forefront of game physics simulation, making available the technology and know-how to as a wide an audience as possible. To achieve this, we are designing the engine and corresponding assets, so as to be independent of the underlying game engine and operating system.Right now the physics engine is running on a multicore CPU configuration, but we are also in the process of supporting GPUs via OpenCL.Our missionTo have realistic, accurate, destructible, and malleable physics everywhere. To make anything possible.More FeedbackMore Feedback can be found there: http://www.beamng.com/content/119-FeedbackContact UsYou can get in touch with us in several ways: Use our forums: http://www.beamng.com/forum/ Via email: http://www.beamng.com/contactus/ or support@beamng.com Follow us on Twitter: http://twitter.com/beamng Subscribe to our YouTube channel: http://youtube.com/user/beamng Visit our Facebook page: http://facebook.com/BeamNGPhysics"
9721,garrys-mod,Garry's Mod,2004-12-24,2004,https://media.rawg.io/media/games/48c/48cb04ca483be865e3a83119c94e6097.jpg,3.79,,14,"PC, Apple Macintosh, Linux","Action, Adventure, Simulation, Casual, Indie","Garry's Mod or simply GMod is a source-engine based modification that now works as a standalone game. With no plot or exact gameplay at all, anyone can create his own game mode to play for fun. You can find anything you're into. Trouble In Terrorist Town, Prop Hunt, Hunger Games, Franchise-based modes such as Star Wars or Lord of the Rings - anything. Basically, GMod stands for God Mode in video games, because you can play with any asset of the source engine. Try out physics, characters, maps, weaponry - anything. Based on that, Garry's Mod gives players quite a variety of mods to spend their time. It doesn't sound so earnestly. You will probably find something that will provide you with quite a good amount of fun. Servers are specifically sorted in game modes so you'll never play a different mode while playing exact one what you wanted. At the end of the day, this game is about receiving as much fun from what is happening around you as possible."
9726,warmachine-tactics,WARMACHINE: Tactics,2014-11-20,2014,https://media.rawg.io/media/screenshots/c2c/c2c1269ee4fbbc402d93fbe805ebb50b.jpg,2.41,,5,"PC, Apple Macintosh","Strategy, Indie","In WARMACHINE, the very earth shakes during fierce confrontations where six-ton constructs of iron and steel slam into each other with the devastating force of a locomotive, where lead-spewing cannons chew through armor plating as easily as flesh, and where bold heroes set the battlefield ablaze with a tempest of arcane magic as they forge the fates of their unyielding nations in the fires of destruction.Take control of an elite battle mage known as a warcaster and his army of unstoppable warjacks and deadly soldiers in this intense and aggressive turn-based tactical combat game set in the award-winning, steam-powered world of the Iron Kingdoms.WARMACHINE: Tactics is a next-generation turn-based tactical game developed with the Unreal 4 engine. Cutting-edge visuals, an immersive world setting, and squad customization features offer a rich multiplayer experience along with an extensive single-player campaign that will appeal to fans of revered tactical games like X-Com: Enemy Unknown and The Valkyria Chronicles.Learn more about the WARMACHINE: Tactics and the Iron Kingdoms at: http://warmachinetactics.comFeatures:ONLINE MULTIPLAYER• Four armies representing the four core factions of the Iron Kingdoms. Each army contains three Warcasters, multiple Warjacks, and multiple Warrior units!• A point-based squad customization system that allows you to decide exactly what units and strategies you take into battle!• Five multiplayer maps: Forest Ruins, Trenches At the Border, Swamp Bridges, Orgoth Ruins and Snowy Valley. New Multiplayer maps will release regularly, always for free!• An epic single-player campaign featuring 21 missions and an engaging storyline that will immerse you in the world of the Iron Kingdoms!• AI Skirmish Mode!DEMO Features: ONLINE MULTIPLAYER• Four armies representing the four core factions of the Iron Kingdoms. Each army contains one warcaster, two Warjacks and multiple Warrior units!• All available multiplayer maps!• Three missions of our epic single player campaign!• AI Skirmish Mode!Join the fight, now!"
9731,8-bit-bayonetta,8-Bit Bayonetta,2017-03-31,2017,https://media.rawg.io/media/screenshots/9c6/9c655cc2d558d308c54b9f85601e0bd6.jpg,2.9,,1,"PC, Web","Action, Casual",SEGA’s favourite Umbran Witch climaxes her way onto PC in pixelated retro glory – for free! Features: Jumping! Double jumping! Shooting! Scoring! Achievements! Wicked chip-tune Bayonetta theme song!
9733,zombie-night-terror,Zombie Night Terror,2016-07-19,2016,https://media.rawg.io/media/screenshots/515/515916e3835e45b282ab8897b48e049e.jpg,3.4,81.0,3,"PC, iOS, Android, Apple Macintosh, Linux, Nintendo","Action, Strategy, Indie, Puzzle","Prepare yourself for the most thrilling night of your life! Something strange has happened and people everywhere are turning into blood thirsty walking corpses. But guess who’s the brains behind this hungry undead army? YOU! So spread this pandemic to wipe humanity off this planet. Because the only way to survive the zombie apocalypse, is to BE the apocalypse! But the brainless undead are quite dumb… even dumber than you might expect given their lack of grey matter. Because when left to their own devises, they will just endlessly walk forward and fall into permanently deadly booby traps placed by not-so-helpless humans. So to accomplish your mission of world extermination, you will need to help guide them to their next yummy meal. Luckily you can utilize numerous special mutations to make your troops evolve and fulfil their appetite for flesh. But beware! Humans will not facilitate your dark will….they will fight to survive.Spread terror through 40 levels and enrol more zombies into your undead army. Along the way you’ll have to solve brain tingling puzzles, and fight increasingly powerful foes that are hell-bent on staying alive. The closer you get to total world extinction, the harder survivors will fight to put you in the ground….for good.Blood, tears, non-sexual moans, inappropriate laughter, and tons of puzzles that will literally blow your brains out... This is Zombie Night Terror! Command a Zombie Horde: You are the brain, they are the muscles. Your zombie horde will obey your commands without any strike risk or complaints … On the downside; you can’t have any heated conversations about late night movies or cool books anymore tough!Unique Mutation System: Having an army of deadly zombies is awesome. Having an army of mutated zombies is way better! Take advantage of our mutation system to overcome the enemy’s defences, by creating powerful new zombie types. Each has their unique power and abilities that can help you overcome different situations.Combo System: Because you thought mutations were your only way to facilitate your meat feast, we spiced it up allowing you to combine those and see what your enemies are made of (literally). Let’s show those pesky humans how to have fun! You are not alone: Having zombies is kind of like having a pet; it’s fun but you need to take care of them… That’s what humans are for, as they are the perfect way to keep your zombies well fed and busy. But beware! Humans are well armed and they do not appreciate the toothy company of the undead.Contaminate: Don’t have enough company? Do you need a bigger horde? Well, just convert Humans to your cause then! You don’t necessary need to bring flowers and be charming, as a single bite right into the neck (or anywhere that pleases you) should be enough to do the trick!Destructible Environments: In times of a zombie apocalypse, humans love to take their time playing hide and seek. However when the hunger for tasty flesh is this painful, you don’t have time for such childishness. So use the power or your horde to destroy their playground and spread terror among them… PEEKABOOM!"
9734,warhammer-40k-dow-iii,"Warhammer 40,000: Dawn of War III",2017-04-27,2017,https://media.rawg.io/media/games/a73/a73e4a34957fe58b505bfef725492778.jpg,3.02,77.0,5,"PC, Apple Macintosh, Linux","Action, Strategy, Simulation","Warhammer 40,000: Dawn of War III is a real-time strategy game developed by Relic Entertainment. This is the third part of the Dawn of War series. Plot The game is set in a dystopian vision of the future. In the universe, humanity developed a galaxy empire called The Imperium of Man. The characters include human beings and monsters, such as the Eldar and the Ork races. The story starts at a lost planet called Acheron, where characters discover a deadly weapon called the Spear of Khaine. The Space Marines assemble at Acheron to find the deadly weapon. The main characters come from the main fractions, the Space Marines, the Eldar, and the Orks. The plot revolves around their interactions. Gameplay The gameplay is set from the third point of view; the player can shift the screen to see the whole stage. He is also able to choose for whose side to perform: the Space Marines, the Eldar or the Orks. In the multiplayer mode, it is possible to use various skins for each fraction. Reception After the previous game, Dawn of War II, the developers used innovative graphics details, graphics, and new items. The critics highly appraised the game. However, some players criticised it for focusing on multiplayer gaming mode instead of the classic real-time strategy mode."
9736,slime-rancher,Slime Rancher,2016-01-14,2016,https://media.rawg.io/media/games/43f/43f4f3a50651f371c147ecce8ee841a9.jpg,3.86,81.0,6,"PC, PlayStation, Xbox, Apple Macintosh, Linux, Nintendo","Action, Adventure, Simulation, Indie","In the far-distant future, far, far away in space (to be exact, a thousand light-years from the Earth), on the planet Far, Far Range, mega-corporations (they, it turns out, will be with us in the distant future!) discovered the ideal source of income, universal natural resource - Plort. You can produce almost anything from Plot - from food and household chemicals, to solid alloys and incredibly powerful batteries. Plort is a concentrated mucus produced by slimes - jelly-like living organisms of various species and characteristics. Slimes, unfortunately, can not be taken to Earth to breed and receive the right amount of Plort. We have to fly to 'Far, Far Range', to build there something like a ranch for slimes and for all this to hire earthlings. One of these earthlings, the space rancheros, the brave young girl Beatrix LeBeau is the character of the game. The girl (and the player) will fly a thousand light-years in a deep sleep to equip a ranch from a Hobson Twillgers, study the planet's environment, collect, feed and breed slimes. To get the necessary hints the girl can look for notes of the former owner - they meet on the territory of the ranch, and also communicate via Star Mail with a close friend from the Earth. In conversations with a friend, we learn a lot of things about the former, earthly life of the heroine - this information will be important. Gameplay and economics Slimes need to be fed, and this is important. The rest they will do themselves. It is necessary to feed them not by anything, but by appropriate products. But slimes will produce a lot of Plort - and Plort can be sold on the market, having received currency - newbucks. For newbucks you can buy equipment for ranches and so on. The world of the game is not known until the end, it is possible and necessary to travel through it, opening up new locations, finding new slimes for the ranch, as well as food for slimes and other new resources. From different types of slimes you can get hybrids. However, with this you need to be more careful - you can get aggressive evil slimes, which will have to be dissolved with water. Slimes are quite diverse. Ordinary slimes are generally friendly, but they can be dangerous not because of evil will, but because of some natural features like thorns, emitted radiation or the ability to explode. Some slimes are more productive than others, they produce more Plort. It is these slimes that are created by hybridization, since it is difficult to find them in a natural environment. Ordinary slimes sometimes merge into a huge Gordo-slime - inside such organisms there are often valuable resources and other interesting and useful things. To get all this, you need to blow up the Gordo-slime. Game modes Adventure. The world is open for research, there are no serious restrictions. You can develop as you want. You can communicate with other ranchers, carry out their assignments and exchange resources with them. Carefree is an adventure mode that goes even easier. The five-day trial is a mode in which you need to earn as many newbucks as possible in 5 days. ""The steel master of the ranch"" - the conditions in this mode are so complicated that it resembles a game of survival. In the mode there are unique tests that change the impression of the game."
9741,the-surge,The Surge,2017-05-15,2017,https://media.rawg.io/media/games/396/3963e0df75c22d5995368ec43dacc19e.jpg,3.2,72.0,4,"PC, PlayStation, Xbox","Action, RPG","A catastrophic event has knocked you out during the first day on the job… you wake up equipped with a heavy-grade exoskeleton, in a destroyed section of the complex. Robots gone haywire, insane augmented co-workers and rogue AI - everything wants you dead. Defy deadly enemies and huge bosses in tight, visceral melee combat. Target and slice specific limbs off your foes, with a next-gen loot system where you loot what you dismember. Equip, upgrade and craft new weapons and armors sliced from enemies, and make yourself stronger through a fresh take on leveling-up."
9743,unturned,Unturned,2014-07-07,2014,https://media.rawg.io/media/games/93e/93ee6101e1c943732f06080dddb0fe4c.jpg,2.71,,3,"PC, PlayStation, Xbox, Apple Macintosh, Linux","Action, Shooter","Unturned is a low-poly survival game providing single or multiplayer experience. The main action takes place on 6 different maps (Prince Edward Island, Yukon, Washington, Germany and Russia) flooded with zombies. The story begins in the random location of the chosen map and lasts till the death. Playing for one of the few people not yet turned into a zombie, you should stay aware of various natural or unnatural dangers, gather required resources, and make your way through the tough survival. Survivors meet thirst, hunger, disease, injures, zombie bites, and other hostile players looking for safety. Since land, air and sea vehicles are available, players can choose the most suitable transport to explore the entire map. The gameplay stands for the wider opportunity of customization of pretty much everything in the in-game world, starting with simple object destruction and following to guns modification and shelters construction. In-app purchases do not actually affect the gameplay, but due to the cosmetic system, plenty of items (clothing and weapon skins) are purchasable or available in crates."
9744,rime,RiME,2017-05-25,2017,https://media.rawg.io/media/games/5aa/5aa4c12a53bc5f606bf8d92461ec747d.jpg,3.67,78.0,4,"PC, PlayStation, Xbox, Nintendo","Adventure, Puzzle","A land of discovery stretches out before you. Explore the beautiful yet rugged world of RiME, a single-player puzzle adventure. In RiME, you play as a young boy who has awakened on a mysterious island after a torrential storm. You see wild animals, long-forgotten ruins and a massive tower that beckons you to come closer. Armed with your wits and a will to overcome—and the guidance of a helpful fox—you must explore the enigmatic island, reach the tower's peak, and unlock its closely guarded secrets. Features Explore – Discover the mysterious island at your own pace. Interact with wildlife, search for hidden items or simply take in the sights and sounds. Solve Puzzles – Make your way through the ancient ruins and its hidden marvels by solving puzzles with sound, light and shadow projection, perspective, platforming, and even time manipulation. Find Secrets – Dive deeper into the boy’s backstory by uncovering dozens of secrets and collectibles. Be Enchanted – Take in a beautiful world inspired by the wonders of the Mediterranean through a fusion of captivating music and color."
9753,rising-storm-2-vietnam,Rising Storm 2: VIETNAM,2017-05-30,2017,https://media.rawg.io/media/screenshots/e49/e49218a5fe469df9ae3aaa4438599f67.jpg,3.72,81.0,5,PC,"Action, Strategy, Simulation, Massively Multiplayer, Indie","PC Gamer’s 2011 & 2013 ‘Multiplayer Game of the Year’, published by Tripwire Interactive and developed by Antimatter Games, the same team that created the award-winning and innovative asymmetric gameplay of the original Rising Storm. For the first time, the authentic gunplay and visceral first-person action of the Red Orchestra series is coming to an era of automatic rifles, man-portable grenade launchers and more modern weapons systems. Rising Storm 2: Vietnam casts players into a brutal, authentic recreation of the Vietnam War.Rising Storm 2: Vietnam offers intense tactical action for up to 64 players in battles between the US forces and the Vietnamese, with each force having their own unique abilities and tactical advantages such as Napalm Strikes, Artillery Barrages, surface-to-air missiles, traps, ambushes and more. A variety of authentic period weapons available including the M16, M14, M60, M79 and M3 Grease Gun for the Americans; and the Type 56 Assault Rifle (a Chinese copy of the famous AK-47), RPG-7, MAT-49, SKS Carbine and many, many more for the Vietcong. Weapons also have a wide range of functionality with in-game implications, including adjustable stocks, attachable bayonets, and a new and advanced recoil system which builds on the already phenomenal weapon handling that the Red Orchestra series is famous for. Players on the US team will be able to pilot 3 different helicopters - the UH-1H ""Huey"" transport, the OH-6 ""Loach"" light recon and the powerful AH-1G ""Cobra"" attack helicopter. Play as both the United States Military and Vietnamese resistance fighters. Rising Storm 2: Vietnam allows players to control either the U.S. Army and Marines Corps or the militarized and guerrilla forces of North Vietnam - the NVA and the Viet Cong.Each map faithfully recreates the look of the Vietnam experience and aims to pull players directly into the war with its extreme authenticity to real life. Maps will include the famous jungles of Vietnam, but will also cover battles that occurred in cities, on rolling hills, in US Firebases, Rice Fields, Plantations and many more authentic locations.Game types include Red Orchestra's classic territory control mode, the new Supremacy mode, for large-scale combat including helicopters, VC tunnels and more, as well as the new smaller Skirmish mode and maps designed for 16 or less players. These new smaller maps are designed to be a more competitive, squad-based experience that reflect the small unit actions that Vietnam is famous for.Enhanced squad system that allows players to set up squads as they want them - name them, add their friends, set the squad tag color in game. Once in game, easy identification of your squad in the world and on maps - and dedicated VOIP channels for the squad, as well as bonuses for working together.Rising Storm 2: Vietnam's focus will be player skill and balance. We won't be locking content like weapon upgrades, improved player characteristics or new armaments behind a rank or experience system. We want to put the tools to succeed in the hands of every player.Rising Storm 2: Vietnam will allow players to customize their player characters with additional uniform and equipment variants earned as they play. These will include new headgear, clothing, tattoos, glasses and more."
9754,unfortunate-spacemen,Unfortunate Spacemen,2020-06-12,2020,https://media.rawg.io/media/screenshots/737/737df20717c559152ce159d809c1e5fd.jpg,2.86,,1,PC,"Action, Indie","Unfortunate Spacemen is a multiplayer game about space-based murder in space! Spacemen work diligently to be rescued from their failing outpost, but not everyone is who they claim to be... Form alliances with other Spacemen and complete objectives, or, if you're not so human -- blend in, disguise yourself, and sabotage plans, betraying your friends and allies in the most gruesome ways imaginable. Death is part of life in space, and you're no exception to the rule. Paranoia runs rampant. Are you the victim, or the cause? Check out our Development Starmap to see our full plans! Current Features: Survive, hunt, or escape on desolate settlements, arctic outposts, derelict space stations, warp-speed hypertrains, or ancient digsites on alien worlds. 14 maps are available right now, with more currently in development, and even more planned after that! (New maps are always FREE!) As a Spaceman, complete objectives to call down the Rescue Shuttle, or hunt the Monster in packs! Proximity Chat: All in-game communication fades with distance from the speaker, so you can roam, sneak, hide, and eavesdrop as you hunt or run from other players! Mimic and devour your 'fellow' Spacemen as the Monster from the blackest reaches of the galaxy! Lay eggs, disguise as other players, transform into your hideous Monster Form, and more! Protect or betray your allies with at least a dozen unique tools, weapons, and items! Rank up through The Company to unlock new customization and perks to customize your playstyle! Security Guards (Bots) roam the facility with diverse personalities. Use them to help learn the ropes and practice, or just add more chaos to a multiplayer game! Supports up to 32 players in a single game! Randomized objectives every time you play. No two rounds play exactly the same! Customize your Spaceman (or Spacewoman) to stand out, or blend in! Additional Co-op Survival Mode: Survive with your friends against progressively more difficult waves of enemies!"
9767,hollow-knight,Hollow Knight,2017-02-23,2017,https://media.rawg.io/media/games/4cf/4cfc6b7f1850590a4634b08bfab308ab.jpg,4.4,88.0,6,"PC, PlayStation, Xbox, Apple Macintosh, Linux, Nintendo","Action, Indie, Platformer","Hollow Knight is a Metroidvania-type game developed by an indie studio named Team Cherry. Most of the game's story is told through the in-world items, tablets, and thoughts of other characters. Many plot aspects are told to the player indirectly or through the secret areas that provide a bit of lore in addition to an upgrade. At the beginning of the game, the player visits a town of Dirtmouth. A town built above the ruins of Hallownest. The players descend down into the ruins to find some answers to his questions. The game revolves mainly around the exploration of the in-game world, which requires the players to have some platforming skills. The players have to find secrets that are scattered around the level and battle their enemies. There is a certain degree of backtracking in the game as some areas are locked until the player defeats a certain boss or picks up a specific item. Each area changes as the plot advances so it may be surprising to come back in a certain area. The Protagonist uses a nail which serves as a replacement for a sword. Players can attack in four directions. The nail is upgradable."
9768,gameguru,GameGuru,2015-05-19,2015,https://media.rawg.io/media/screenshots/f24/f24122a8e3d30ec3e99472e3e826d0cb.jpg,1.89,,1,PC,Educational,"Welcome to GameGuru, the easy game maker. Our mission is to create the easiest and most enjoyable game creator. Join us and our great &amp; enthusiastic community on this journey. Imagine creating a world that you and your friends come together and play... and creating it could be a matter of minutes with no technical jiggery-pokery needed at all! Of course, you can happily spend hours, days..even weeks creating your masterpiece, the great thing about GameGuru is, you won't be held up by learning strange alien languages or using complex modelling tools. The time you spend with GameGuru is all about creating and having fun whilst doing it.With GameGuru you can make a multiplayer game in just a few minutes. Providing your friend has a copy of GameGuru, you can host a level and your friend can join in. Up to 8 players are supported.GameGuru comes with over 20 ready-made game levels and demos for you to play and enjoy. They will show you the sort of games that can be created and how they were done, plus you can adapt these pre-made game levels and put your own unique spin on them. You’re then ready to go and design your own unique games! We believe there is nothing on the market which is as easy to use and as quick to allow you to share your creations with others. GameGuru offers you an easy yet comprehensive game creation process that is open to non-programmers and designers/artists, or anyone who aspires to become a game creator. It also has powerful editing tools for those who want to take their game creation to an even greater and more complex level. The power is there at your fingertips.As a welcome bonus, we have also included an expansion pack with over 2.8 GB of additional game assets for you to get started, completely free! In fact, all the art you see in the screenshots above are included in GameGuru and you are free to include them in your games, no strings attached. We do sell additional content DLCs, but with over 6,000 megabytes of game assets already crammed into GameGuru, the DLCs are entirely optional.You just need to follow these easy steps – welcome to the world of game creation! Create your virtual 3D world – Game DesignConstruct huge game levels with the easy to use Level Editor. Sculpt your initial game design, add content and then play your game with one click of the Test Game icon:Design your game and levels adding hills, mountains, water, paths, terrains until you have created the world you want for your gameAdd all your environmental items, pick animated 3D objects including buildings, trees/vegetation, man-made objects/barriers with pre-set customizable properties Set the mood by controlling all aspects of the 3D rendered scene with easy to use sliders and combo box choices, including sky/ambiance, day/night scenes, lighting settings. Decide what your game is – Game PlanHave you ever wanted to create the game only you can dream of? Now you have the tools to do exactly that, possibly for the first time ever! You can create games very quickly and easily, or add more and more depth as you wish to create a unique game experience:Create your dream game, whether it’s Modern-day FPS Action, Horror/Zombies, Sci-Fi/Fantasy, Cartoon/Zany, Medieval/Historical and many more - you choose! Give your game objectives, missions, weapons, puzzles, collectables from a suite of pre-set objects supplied, or create/buy/customise new objects. Add characters to your game from the stock media or design your own with the Character Creator.Now make your game come to life! – Game Crafting Using the editing tools you can add more depth and details to your game, make the scenes more complex and improve the objectives of your game to challenge experienced gamers:Use the 3D editing mode to fine-tune your game design Add all the game-play aspects you want in your game and make adjustments Use the assets supplied free with GameGuru or import your ownUse the editing tools to make your characters and objects unique, give them additional behaviors using the powerful LUA scripting language.Create, share & sell your game – The final result!Once you have your finished game you can make it available to your friends and other gamers. GameGuru is unique in what it can offer, all at no additional cost: Build your final game - ready to play and shareSave your standalone game as an executable file to use as you wish Publish your game and sell it to others, all royalty free Make, share and play multiplayer games with other GameGuru usersOur missionOur mission is to develop an affordable game creator that's easy and fun to use, taking away some of the traditional difficulties of games development and allowing both new and experienced users the ability to create games quickly. We're a UK Indie development team with over 20 years of experience and we're an Intel Black Belt developer. GameGuru is being designed by gamers for gamers and we want to design and create it along with our active and enthusiastic community. As the product is community lead, the software is in constant development and growing all the time, and we invite you to share the journey with us and help shape GameGuru into an awesome creative tool.Our VisionOur vision is to produce The Ultimate Easy To Use 3D Game Creator for the PC - A solution that is easier and more affordable than it’s competitors, with a strong community lead development to keep it growing and improving.We'll embrace new and exciting hardware, acting as champions as we pioneer new experiences and in the process creating fresh new game creating communities. We'll keep expanding the gaming possibilities of GameGuru as we move forward. Developing game creation tools is what drives us - we're super passionate about finding ways to make the whole game creation process as easy as possible. The Technical StuffFor those who want to understand more – here are the main elements of GameGuru:3D Game Engine &amp; Editor Easy to use, drag &amp; drop styleBirds eye view &amp; 3D fly editing systemsGame world – Construct levels for your games Terrain editor – With easy to use controls you can create unique environmentsInfinite vegetation system – Vegetation is auto generated, just paint it on the map Rendering engine – powering the shaders to make your games look greatLevel of detail – The game engine supports Level Of Detail technology (LOD)Cascade shadow mapping – Real-time dynamic sun shadowLightmapping – Add fast shadows to your levels with the shadow baking systemAmbient Occlusion Mapping – A feature of the lightmapperSky maps – Choose from a wide range of high-resolution sky mapsOcclusion Culling System – Fast rendering from a special object culling system Water plane – A reflective water plane adds a visual touch to your levelsLight Rays – Let the light flood your game scenes with cool god raysShaders for all – shader technique modes to best suit your PC’s capabilities Import your own .x / .3DS files Connect to the Asset Store to extend your library of game assetsPhysics GameGuru uses the Bullet Physics engine to create realistic physics events Rag-doll deaths of characters Game Characters &amp; WeaponsCustomize character in-game propertiesSimple Character CreatorA.I scripts control characters - Scripts are coded using the LUA languageGameGuru comes equipped with a range of stock weapons and ammo packs Modern day weapons – Colt 1911, Shotgun, Uzi, Magnum, Launcher and RifleExplosive Munitions – RPGs, grenades and landmines Ammo pick-ups – Reload weapons during game-play with ammo pickups Animated – Fully animated weapons with improved handling and realistic sounds Jet-pack - A special Jet-pack object lets you fly around your game worldMultiplayer on Steam (GameGuru is required by all users to play multiplayer games)Build games with multiplayer features Create death-match levels Make Team death-match levelsBuild Co-op Multiplayer gamesUp to 8 players can play your game Play with friendsBuild GamesSave standalone single player games as executable filesDistribute your games royalty freeGame Creator StoreOnline Store – Easily add game ready assets to your projectModel Packs – Collections of media are supported by the storeSell – Artists and musicians can sell their own media to the community via the store Almost 10,000 game ready assets now available and growing Steam wallet supportedDevelopment Road MapGameGuru is in continual development, a list of forthcoming features can be found here:https://www.game-guru.com/feature-vote Our road-map is to continue developing GameGuru until our community is satisfied we have all the main game elements included. With GameGuru released we will continue to improve and develop it further. All existing customers will receive lifetime updates free of charge. Choosing Your Game EngineGameGuru is not designed to compete with professional development tools such as Unity, Unreal and Cry-engine which are ideally suited to producing commercial apps and games. GameGuru is a recreational game maker, not a professional tool, and is still very much in development. GameGuru is unsuitable for serious game development projects at this time, and we highly recommend you visit the forums and ask many questions before you make a decision on the game making tool for you."
9782,deceit,Deceit,2017-03-03,2017,https://media.rawg.io/media/screenshots/ff5/ff594fc8b1ada40fe2ae9a5d549dc197.jpg,2.95,,2,PC,Action,"Deceit is a six-player multiplayer horror game developed by Automaton. Gameplay Deceit is heavily influenced by the Trouble In Terrorist Town Half-Life 2 mod. All six players spawn on a vast map, with several of your group being infected with a virus that allows them to transform in their terror form. The players have to figure out who is infected, kill them or at least attempt an escape. Most of the time, the map is lit up by portable lamps and projectors, yet there are blackout periods that last several minutes. During these periods, the infected players can transform into the terror form in which they become faster, stronger, and have night vision. They can only be countered using light. For the non-infected players, there are several objectives placed around the map, like turning on the generators, finding light sources or weapons. These objectives both increase the chance of player survival and sometimes allow the players to escape off the map. The gameplay heavily relies on its psychological component with the maps being designed in a way to place a seed of doubt in the players' heads. The players have to decide with whom they'd want to stay close to or leave behind. It is necessary to display your intentions correctly, so the game features an emote system, which allows the players who do not have a microphone to interact with the others."
9785,robot-roller-derby-disco-dodgeball,Robot Roller-Derby Disco Dodgeball,2015-02-19,2015,https://media.rawg.io/media/screenshots/ab5/ab57d64b67d0c06e6cdaf5584df46248.jpg,2.9,,4,"PC, Apple Macintosh, Linux","Action, Sports, Indie","Dodge, deflect and catch enemy fire as you perform ridiculous aerial stunt shots with your mustachio'd unicycle robot. Play a wide variety of classic, expert, and custom game modes in offline singleplayer, local multiplayer, or online multilpayer matches.Includes:21 different multiplayer modes & solo/co-op challenges to test your skills and teamwork - like Hoops, Grand Prix racing, and of course classic Elimination.Deep game mode customization with in-game rule editor allows you to mutate & remix gameplay with near-limitless possibilitiesOffline singleplayer challenges, bot matches, and randomized Arcade mode where you battle waves of bots & bosses using clever combinations of superpowered perksOnline multiplayer servers provided at no extra cost. Easily create your own public or unlisted online rooms without any server knowledge required.No online queues - jump into a match and start playing within seconds of game launchSplit-screen Local Multiplayer PvP and co-op challenges with up to 4 playersCosmetic hats, robot bodies, heads, wheels, decals, sunglasses, moustaches, and ball FX that can be crafted or earned from random in-game dropsPowerups like Jetpacks, Huge Dodgeballs, Laser Balls, and Boomerang Balls. Pick them up randomly or enable as permanent arena modifiers.Co-op challenges that let you team up with friends, equip scenario-specific powerups, destroy bots and aim for leaderboard high scores.Random loot drops that you can craft into rare cosmetic items, trade with other players, or sell on the Steam Marketplace.LAN supportSteam Workshop support to submit your own cosmetic items for inclusion in the gameCapture and share your best shots as replay GIFsAn amazing electronic music soundtrack and playback of audio files from your own computer. Arena lights pulse dynamically to the beat of the music.A monster truck announcerAlienFX-equipped computers glow and pulse to match the arena lightsPersistent stats and achievementsStill being regularly updated with new content and features based on community suggestions!PHOTOSENSITIVITY WARNING: This game contains lots of flashing lights. You can enable photosensitive mode in options / video. This will disable lasers, bright explosions and other lights that pulse to the beat of the music."
9786,offworld-trading-company,Offworld Trading Company,2016-04-27,2016,https://media.rawg.io/media/screenshots/02b/02b2367620982ae26d04ed51d5c35505_apw2ZVh.jpg,3.35,78.0,4,"PC, Apple Macintosh","Strategy, Simulation, Indie","In the sci-fi game Offworld Trading Company, the player can lead an interplanetary corporation in a futuristic trade war for control of Mars. Gameplay The game mixes resource mining and construction used in real-time strategies with a stronger economic element. The player has to choose a company he or she will control. The other three companies become the player's rivals. They seldom fight outright, and their rivalry is largely economic. However, they can secretly organize acts of sabotage against each other, eliminate resources with underground nukes and hire goons to attack or defend. The main goal of the game is to assume control over all four companies by purchasing their majority stakes and to create a monopoly. If a rival company obtains the majority in the player's corporation, he or she loses the game. Resources The game puts a strong emphasis on mining and trading resources. Each level starts with the player scanning the surface of Mars to find resources and build his or her headquarters next to them. Offworld Trading Company has thirteen types of resources. Most of the resources, such as iron, aluminum, and water, can be mined from the Martian soil. Some, like steel, food, and chemicals, are produced from other resources and require special buildings. Each resource has a value that can increase or decrease depending on the demand and supply."
9789,google-earth-vr,Google Earth VR,2016-11-16,2016,https://media.rawg.io/media/screenshots/e46/e467e49e03b95b4733c44303d0102cb3.jpg,3.9,,1,PC,"Adventure, Simulation, Casual","Google Earth VR lets you explore the world from totally new perspectives in virtual reality. Stroll the streets of Tokyo, soar over the Grand Canyon, or walk around the Eiffel Tower. This virtual reality app lets you see the world’s cities, landmarks, and natural wonders. You can fly over a city, stand at the top of the highest peaks, and even soar into space. Earth VR comes with cinematic tours and hand-picked destinations that send you to the Amazon River, the Manhattan skyline, the Grand Canyon, the Swiss Alps, and more."
9793,guns-of-icarus-online,Guns of Icarus Online,2012-09-30,2012,https://media.rawg.io/media/games/179/179245a3693049a11a25b900ab18f8f7.jpg,2.59,64.0,4,"PC, Apple Macintosh, Linux","Action, Simulation, Indie","The player is one of the four members of the combat airship team in the alternate steampunk world. At the disposal of the player are several ships with different characteristics and weapons. Vital ship systems can be damaged and repaired, all damages affect the combat capability of the ship. You can choose who to be on the team: pilot, engineer or shooter. In PvP mode, two teams participate, each team includes 2 to 4 ships. The purpose of the game varies, but, as a rule, it is the destruction of the ships of the enemy team or capture of control points. In PvE mode, all players are combined into one team, which can include from 1 to 4 ships. Own unique PvE modes include defence of the base, destruction of enemy bases, interception of enemy ships, battles with boss ships and others. In addition to PvE mode, there is a war scenario of six parties: players earn points to enforce their party in the process of capture or defence of territories."
9800,streets-of-rogue,Streets of Rogue,2017-03-10,2017,https://media.rawg.io/media/screenshots/31c/31c0408f9eba469663bcc531a98f6d3e.jpg,3.8,,4,"PC, PlayStation, Xbox, Apple Macintosh, Linux, Nintendo","Action, Adventure, RPG, Indie","Streets of Rogue is a rogue-lite about player choice, freedom, and anarchic fun. The game takes inspiration from fast-paced top-down rogue-lites like Binding of Isaac and Nuclear Throne, and adds free-form, experimentation-driven, emergent gameplay elements of RPGs like Deus Ex. Rather than taking place in a dungeon, the game is set in a functioning, procedurally generated city, where complex AI informs denizens from all walks of life, who are just trying to get by in their daily activities. In order to progress, the player will need to accomplish specific mission goals in any way they see fit through use of their special character traits, items, and the environment. Will you play as a soldier who shoots first and asks questions later? A stealthy scientist who uses chloroform and tranquilizer darts to silently take down the opposition? A genial bartender who can talk his way past the most intimidating of guards? Or how about a hyper-intelligent gorilla, rescuing other caged gorillas to form a small mobilized gorilla army? The Mighty Feature-List Play the game YOUR way! Don’t want to kill anybody? That’s cool! Want to hack computers? Got ya covered! Random world generation and TOTALLY EXTREME gameplay variety means you can play for 600 hours and not get bored! Seriously though, go outside!!! Super-advanced artificial intelligence that won’t put up with your crap! Outsmart these virtual humans and feel superior to your computer! Play as over 20 (and growing!) wildly different types of characters! Bartender, scientist, hacker, gorilla — hey, your job is probably in there too! Stupidly huge variety of items! Shrink rays, hypnotizing devices, boomboxes, bear traps, food processors.. Oh, and guns too. 4-Player online and local cooperative modes lets you brutalize goons AND loneliness! Lead a gang, free slaves, drink beer, gib ghosts, become a vampire, shrink people and stomp on them. The most insanely varied game ever made."
9805,tower-unite,Tower Unite,2016-04-08,2016,https://media.rawg.io/media/games/f7a/f7a6e262d7ede199f8a0b68d8cc9f43e.jpg,3.63,,7,PC,"Action, Adventure, Casual, Massively Multiplayer, Indie","Tower Unite is a living, evolving world, fueled by the community. Play online games with your friends or make new friends from around the world! Tower Unite is a large online multiplayer game that spans genres. Play minigames such as Minigolf, Ball Race, Virus, and more! Earn items Hang with your friends in your own personalized house Connect with others through a massive Plaza with various attractions and games Party with friends! Watch synchronized media such as YouTube or Soundcloud Suggest new features - we listen! No microtransactions or subscription fees Tower Unite has many games to play, with more to come, such as... Supports up to 16 players online 8 courses with 18 holes (144 holes total) and more in the works! Based on the original 2009 minigolf hit from GMod Tower that inspired other minigolf games Unique controls (100% skill, no timers) Hole-in-one fireworks Wear tiny hats on your golf ball Putt in snow, gardens, mines, sky, and even in space! Simultaneous putting (everyone putts at once!) Player hosted servers Supports up to 8 players online 4 unique levels and more in the works! Thrilling 1 vs All gameplay Play as the Dragon and devour the knights Turn off the rampaging Dragon as the knights Player hosted servers Supports up to 16 players online 8 unique worlds and more in the works! Roll around in a giant ball Speed past tricky obstacles Player hosted servers Supports up to 12 players online Survive in 5 unique levels and more in the works! Fast paced old school first person shooting action Blast infected away with 12 sci-fi weapons Team tag elimination, with weapons Player hosted servers Supports up to 8 players online Battle in teams as cat or dog in a struggle for the planet's resources Frantic gameplay with lots of sci-fi shooting Player hosted servers Once you've played some of the games, head on over to your personal space... In Tower Unite, everyone has their own personal space, called a Condo. Place tons of different furniture and items Watch synchronized media such as YouTube Place images from the internet directly into the game synced with online players Listen to synchronized music with Soundcloud Customize wallpapers, lights, and time of day Invite friends to party, chat, voice chat, drink, and eat virtual pizza! Play instruments like a piano or drums Interact with various weird and cool items Build unique creations Get a pet cat or dog COMING SOON: Cook/craft food and new items From the Condo, you can exit through your front door into a bigger online experience called the Plaza. The Plaza acts as a gathering point, like a shopping mall. Gamble at the Casino Walk along the Boardwalk and enjoy: Laser Tag Bowling Trivia Typing Derby, a keyboard racing game Ferris Wheel Monorail COMING SOON: Bumper Cars COMING SOON: Rollercoaster COMING SOON: FishingWatch synchronized YouTube videos in the Theater Unlock new items at 15 different in-game stores Connect to the bigger Game Worlds COMING SOON: Explore the ocean with your friends COMING SOON: Play games at the Arcade Voice chat and text chat Player hosted serversDO MORE THAN OTHER VIRTUAL WORLD GAMESTower Unite isn't just a walk-around-and-chat simulator. You can run, jump, crouch, use jetpacks, get drunk, dance, sit, throw-up, lounge in pool tubes, and much much more. Play multiplayer games of various genres online with friends. Play online Minigolf with up to 16 players. Customize yourself with accessories. Furnish and design the layout of your personal space (the Condo) with furniture and interactive toys. Invite other players over to your Condo for parties and mini-games. Watch synchronized YouTube videos in a virtual theater or your Condo. Fly around in jetpacks. Imbibe alcohol to an irresponsible extent. Join official servers or host your own server. Hang out with your friends or find new friends! Enjoy free DLC, no microtransactions, and developer support. Collect tons of unique items with Steam Inventory support."
9810,ark-survival-evolved,ARK: Survival Evolved,2015-06-02,2015,https://media.rawg.io/media/games/58a/58ac7f6569259dcc0b60b921869b19fc.jpg,3.02,70.0,6,"PC, PlayStation, Xbox, iOS, Apple Macintosh, Linux, Nintendo","Action, Adventure, RPG, Massively Multiplayer, Indie","As a man or woman stranded naked, freezing and starving on the shores of a mysterious island called ARK, you must hunt, harvest resources, craft items, grow crops, research technologies, and build shelters to withstand the elements. Use your cunning and resources to kill or tame & breed the leviathan dinosaurs and other primeval creatures roaming the land, and team up with or prey on hundreds of other players to survive, dominate... and escape! Dinosaurs, Creatures, & Breeding! -- over 100+ creatures can be tamed using a challenging capture-&-affinity process, involving weakening a feral creature to knock it unconscious, and then nursing it back to health with appropriate food. Once tamed, you can issue commands to your tames, which it may follow depending on how well you’ve tamed and trained it. Tames, which can continue to level-up and consume food, can also carry Inventory and Equipment such as Armor, carry prey back to your settlement depending on their strength, and larger tames can be ridden and directly controlled! Fly a Pterodactyl over the snow-capped mountains, lift allies over enemy walls, race through the jungle with a pack of Raptors, tromp through an enemy base along a gigantic brontosaurus, or chase down prey on the back of a raging T-Rex! Take part in a dynamic ecosystem life-cycle with its own predator & prey hierarchies, where you are just one creature among many species struggling for dominance and survival. Tames can also be mated with the opposite gender, to selectively breed successive generations using a trait system based on recombinant genetic inheritance. This process includes both egg-based incubation and mammalian gestation lifecycles! Or put more simply, raise babies! You must eat and drink to survive, with different kinds of plants & meat having different nutritional properties, including human meat. Ensuring a supply of fresh water to your home and inventory is a pressing concern. All physical actions come at a cost of food and water, long-distance travel is fraught with subsistence peril! Inventory weight makes you move slower, and the day/night cycle along with randomized weather patterns add another layer of challenge by altering the temperature of the environment, causing you to hunger or thirst more quickly. Build a fire or shelter, and craft a large variety of customizable clothing & armors, to help protect yourself against locational damage & extreme temperatures using the dynamic indoor/outdoor insulation calculation system! By chopping down forests full of trees and mining metal and other precious resources, you can craft the parts to build massive multi-leveled structures composed of complex snap-linked parts, including ramps, beams, pillars, windows, doors, gates, remote gates, trapdoors, water pipes, faucets, generators, wires and all manner of electrical devices, and ladders among many other types. Structures have a load system to fall apart if enough support has been destroyed, so reinforcing your buildings is important. All structures and items can be painted to customize the look of your home, as well as placing dynamically per-pixel paintable signs, textual billboards, and other decorative objects. Shelter reduces the extremes of weather and provides security for yourself and your stash! Weapons, clothing & armor gear can also be painted to express your own visual style. Pick seeds from the wild vegetation around you, plant them in plots that you lay down, water them and nurture them with fertilizer (everything poops after consuming calories, which can then be composted, and some fertilizer is better than others). Tend to your crops and they will grow to produce delicious and rare fruits, which can also be used to cook a plethora of logical recipes and make useful tonics! Explore to find the rarest of plant seeds that have the most powerful properties! Vegetarians & vegans can flourish, and it will be possible to master and conquer the ARK in a non-violent manner! By bringing sufficient rare sacrificial items to special Summon locations, you can capture the attention of the one of the ARK’s god-like mythical creatures, who will arrive for battle. These gargantuan monstrosities provide an end-game goal for the most experienced groups of players and their armies of tames, and will yield extremely valuable progression items if they are defeated. Create a Tribe and add your friends to it, and all your tames can be commanded by and allied to anyone in your Tribe. Your Tribe will also be able to respawn at any of your home spawn points. Promote members to Tribe Admins to reduce the burden of management. Distribute key items and pass-codes to provide access your shared village! All items are crafted from Blueprints that have variable statistics and qualities, and require corresponding resources. More remote and harsh locales across the ARK tend to have better resources, including the tallest mountains, darkest caves, and depths of the ocean! Level-Up your player character by gaining experience through performance actions, Level-Up your tames, and learn new ""Engrams"" to be able to craft Items from memory without the use of blueprints, even if you die! Customize the underlying physical look of your character with hair, eye, and skin tones, along with an array of body proportion modifiers. As you explore the vast ARK, you'll find clues left by other Survivors who have made the ARK their home in ages past, in the form of collectible detailed 3D ""Explorer Notes"". By uncovering all of these, you can begin to piece together the true nature of the ARK, and discover its purpose! Everything you craft has durability and will wear-out from extended use if not repaired, and when you leave the game, your character remains sleeping in the persistent world. Your inventory physically exists in boxes or on your character in the world. Everything can be looted & stolen, so to achieve security you must build-up, team-up, or have tames to guard your stash. Death is permanent, and you can even knock out, capture, and force-feed other players to use them for your own purposes, such as extracting their blood to for transfusions, harvesting their fecal matter to use as fertilizer, or using them as food for your carnivorous tames! The mysterious ARK is a formidable and imposing environment, composed of many natural and unnatural structures, above-ground, below-ground, and underwater. By fully exploring its secrets, you’ll find the most exotic procedurally randomized creatures and rare blueprints. Also to be found are Explorer Notes that are dynamically updated into the game, written by previous human denizens of the ARK from across the millennia, creatively detailing the creatures and backstory of the ARK and its creatures. Fully develop your in-game ARK-map through exploration, write custom points of interest onto it, and craft a Compass or GPS coordinates to aid exploring with other players, whom you can communicate with via proximity text & voice chat, or long-distance radio. Construct & draw in-game signs for other players to help them or lead them astray... And yet.. how do you ultimately challenge the Creators and Conquer the ARK? A definitive end-game is planned. On the 100+ player servers, your character, everything you built, and your tames, stay in-game even when you leave. You can even physically travel your character and items between the network of ARK's by accessing the Obelisks and uploading (or downloading) your data from the Steam Economy! A galaxy of ARKs, each slightly different than the previous, to leave your mark on and conquer, one at a time -- special official ARKs will be unveiled on the World-map for limited times in singular themed events with corresponding limited-run items! Furthermore, you can now design or randomize your own unique 'Procedurally Generated ARKs', for infinite replayability and endless surprises. You can play single-player local games, and bring your character and items between unofficial player-hosted servers, back and forth from singleplayer to multiplayer. Mod the game, with full Steam Workshop support and customized Unreal Engine 4 editor. See how we built our ARK using our maps and assets as an example. Host your own server and configure your ARK precisely to your liking. We want to see what you create! The over-the-top hyper real imagery of the ARK its creatures is brought to expressive life using a highly-customized Unreal Engine 4, with fully dynamic lighting & global illumination, weather systems (rain, fog, snow, etc) & true-to-life volumetric cloud simulation, and the latest in advanced DirectX11 and DirectX12 rendering techniques. Music by award-winning composer of ""Ori and the Blind Forest"", Gareth Coker!"
9811,dayz,DayZ,2013-12-16,2013,https://media.rawg.io/media/games/7d7/7d7c89793578f721df56022c6cf53bb0.jpg,3.07,44.0,18,"PC, PlayStation, Xbox","Action, Massively Multiplayer, Indie","What once used to be a mod for the Arma 3 became a standalone title with the same name. DayZ is an open world survival game, which is based on gathering food and water for survival and weapons and clothing for self-defense. Players are dropped inside the 225 km2 of the fictional former Soviet Republic of Chernarus. Starting with nothing, but simple clothes, flair, and a rug, players will have to scavenge for items, transport, and weapons, while running away from either zeds, bandits or hostile players. DayZ can be played as a single player game, but most of the current player base is using multiplayer servers in order to form groups, clans and survive together. In order to make the survival aspect more realistic, aside from thirst and hunger, several diseases have been added to the game, with specific cures for each effect. The game supports text and voice chat for communication, with a system that allows not only for a player-run radio station but secure two-way radio, without nearby players to hear it."
9824,skullgirls,Skullgirls,2012-02-14,2012,https://media.rawg.io/media/games/416/4164ca654a339af5be8e63cc9c480c70.jpg,3.75,81.0,5,"PC, PlayStation, Xbox","Action, Fighting","Skullgirls is a fighting game developed by Lab Zero and primarily published by Marvelous and Autumn Games. Since its initial release in 2012, it has received two free extensions, Skullgirls Encore and Skullgirls 2nd Encore and while its roster initially consisted of an all-female cast of 8 characters, 6 more characters were added, 5 being developed thanks to the game's Indiegogo crowdfunding campaign, including 2 male characters. At its release, Skullgirls was developed by Reverge Labs, but the team that created the game split off from the company to form Lab Zero. In Japan, the game is published by Arc System Works. On Nintendo Switch, the game is published by Skybound Games. Skullgirls takes place in the Canopy Kingdom, inspired by 1940s America, in which corruption and conflict runs rampant. Once every seven years, an artifact called the Skull Heart appears, granting the wish of one woman. However, if the Skull Heart is used by a woman with impure intentions, it will control her, turning her into a destructive monster called the Skullgirl. Not once has anyone used the Skull Heart without falling to its curse. The game follows the stories of 14 characters on their way to face the Skullgirl and retrieve the Heart, be it for the greater good or simply their own gain. The game is a tribute to Marvel vs. Capcom 2 and its mechanics are intended as a more polished version of the classic fighting game title, with some original ideas. In a standard player vs. player match, each player controls one character out a chosen number of one to three characters which they can switch to at any time. They can also call their inactive characters to perform assist attacks. Like most Marvel vs. Capcom-inspired games, Skullgirls is fast-paced and features long, complex combos based on animation cancels. It introduces a burst system which allows players to break their opponent's combo if it becomes too long. Skullgirls features a 'dark deco'-inspired art style mixed with some horror themes and a jazz and rock soundtrack consisting of 28 tracks. In 2013, the game set the Guinness World Record Gamer's Edition record for most average frames of animation per character in a video game, reaching 1,439 frames per character and 11,515 frames total for its initial eight-character roster. In February 2013, Skullgirls came in second in a crowdfunding event organized by fighting game website Shoryuken to decide what would be the final game featured on the EVO 2013 line up, with all proceeds sent to the Breast Cancer Research Foundation. Skullgirls raised over $US 78,000. While it was not featured as an EVO main game, EVO organizers supported the game's side event by providing prize money and advertisement."
9828,natural-selection-2,Natural Selection 2,2012-10-30,2012,https://media.rawg.io/media/games/a2e/a2efc7b5801500e8d5223c3953ef9b0f.jpg,3.23,80.0,3,"PC, Linux","Action, Strategy, Indie","Natural Selection is a unique blend of RTS and first-person shooter that is complex enough it takes some time to master. Two teams -- elite marines Frontiersmen and vicious alien Khaara -- compete against each other on robust maps. The number of them is limited only by the play imagination: the game features compelling level editor, scripting and graphical tools to sculpt a unique adventure. FPS mechanic is simple -- you just point and shoot. The beauty of the game mechanics truly shines in intense multiplayer sessions: you have to come up with the cunning strategy to win against players in Khaara team. The goal: clear spreading alien infestation for marines and destroy power nodes for aliens. For a successful completion of all tasks, players need to choose a leader in their midst. The leader rank requires to come up with the cunning strategy as well as with operative control of players. Developers are still polishing their creation, so players are sure to get new patches and maps frequently."
9830,brawlhalla,Brawlhalla,2014-04-30,2014,https://media.rawg.io/media/games/35b/35b47c4d85cd6e08f3e2ca43ea5ce7bb.jpg,3.22,,2,"PC, PlayStation, Xbox, iOS, Android, Apple Macintosh, Nintendo","Action, Casual, Fighting, Indie","Brawlhalla is a free-to-play fighting game with platformer elements. You pick a character from 39 available heroes (this amount is increasing with new updates) and try to knock your opponent off the stage. The controls are simple to make the game easy to master. Every character has two weapons and also can use boosts that drop on the stage. They also have such characteristics as Strength, Dexterity, Defense, and Speed that determine their combat style and can be slightly modified. Brawlhalla supports online and local multiplayer and cooperative along with multiple modes where you can test your skills and increase the rank. Except for 1v1 duels and different team matches, you can take part in huge arena battles with multiple opponents. Some stages consist of several platforms that can change their position during the fight. Moreover, Brawlhalla holds numerous competitions and tournaments all over the world with money prizes."
9831,conan-exiles,Conan Exiles,2017-01-30,2017,https://media.rawg.io/media/games/c9e/c9e47fd222f631084879d395eee07d66.jpg,2.83,67.0,9,"PC, PlayStation, Xbox","Action, Adventure, Massively Multiplayer","Conan Exiles is receiving frequent updates with new content and improvements during Early Access. Check out the update overview here. You are an exile, outcast and downtrodden, sentenced to walk in a barbaric wasteland where the weak are crushed and only the strong can live. Here you must fight to survive, build, and dominate the world alone on your own server, or with enemies and allies in online multiplayer. Journey through a vast, seamless world filled with the ruins of ancient civilizations and uncover its dark history and buried secrets as you seek to conquer and dominate the exiled lands yourself. Start with nothing but your bare hands and forge the legacy of your clan, from simple tools and weapons to gigantic fortresses and entire cities. Enslave the bandits of the exiled lands to do your bidding by breaking them on the grueling Wheel of Pain. Sacrifice the beating hearts of your enemies on the blood-soiled altars of your god to seize true power and glory. Summon the colossal avatar of your god and see them lay waste to your enemies and their homes. Just remember: in this brutal land of vengeful gods, bloodthirsty cannibals, and vicious monsters, survival is more than tracking down food and water. Explore mysterious ruins in search of treasure and knowledge, but beware the risk of your mind being corrupted by the dark forces of the world. Traverse vast sand dunes and seek shelter from scouring sandstorms sweeping across the burning sands. March into war against your enemies and unleash your savage fury in brutal combat. Go in unprepared and it will be your head rolling and limbs flying. Conan Exiles is not an empty sandbox. It is a world rich in history where you must discover the knowledge and secrets of ancient civilizations as you struggle to build your own.SURVIVE THE BARBARIC WASTELAND In the world of Conan the Barbarian, survival is more than being well-fed and hydrated. Here you must weather scouring sandstorms, save your mind from being corrupted and going insane, and fight vicious monsters from the darkest holes of the earth.BUILD YOUR LEGACY IN A VAST, SEAMLESS WORLD Journey through a huge, seamless world filled with danger and opportunity, exploring everything from sand dunes to towering ruins. Harvest resources to craft tools and weapons, then build everything from a small settlement to entire cities.DISCOVER THE DARK HISTORY OF ANCIENT CIVILIZATIONS Explore shadow-haunted ruins of ancient civilizations and discover great treasures and knowledge. Learn about the people who inhabited this world before and what led to their demise through inscriptions, wandering NPCs, and the environment itself.CALL UPON THE POWER OF THE GODS Cut out the hearts of your enemies and sacrifice it upon the altars of your god to earn their blessing. Summon and take direct control of huge, towering avatars and wreak havoc on your enemies as you crush their homes and drive them from their lands.DEFEND YOUR LAND WITH AN ARMY OF SLAVES Enslave the criminals of the exiled lands and force them to join your cause and defend your territory. Put them through the grueling Wheel of Pain to break their will, then turn them into archers, crafters, entertainers, and more. Find rare thralls for the greatest rewards!DOMINATE YOUR ENEMIES March forth to war against your enemies, use explosives and see their fortifications crumble to dust, then unleash your savage fury with brutal attacks that will see heads rolling and limbs flying. Find or craft a wide range of weapons and armor.PLAY TOGETHER OR ALONE Play alone locally or fight for survival and dominance in persistent multiplayer on public servers. You can also host your own server and invite others to join you in a world where you have full control of the rules and settings. Want to play with just handful of friends? Try co-op mode!CONTROL YOUR EXPERIENCE When playing alone locally or on a server you are the administrator of you have access to a range of in-game tools. These allow you to change progression speed, spawn monsters, turn yourself invisible, deactivate avatars, and much more. Be the dungeon master of your own server!PLAY WITH MODS Download Conan Exiles mods directly from the Steam workshop to customize your game experience. You can also download the custom Conan Exiles Unreal Editor and start creating your own! Conan Exiles Twitter: https://twitter.com/conanexiles Conan Exiles Facebook: https://www.facebook.com/ConanExiles/ Conan Exiles Reddit: https://www.reddit.com/r/ConanExiles/ Official website: http://www.conanexiles.com"
9835,outlast-2,Outlast 2,2017-04-24,2017,https://media.rawg.io/media/games/880/880f6aa65fe9d786f1a455963df76180.jpg,3.67,76.0,5,"PC, PlayStation, Xbox, Nintendo","Action, Adventure, Indie","Outlast 2 is a first-person survival horror game developed by Red Barrels. While continuing the ideas of the first Outlast, the game's story does not continue the plot of the first title in the series. Plot Blake and his wife Lynn are journalists that investigate a case involving the murder of a pregnant woman. The set out to visit the crime scene in the remote Arizona village by a helicopter that breaks down mid-air and crashes. Blake has to find his wife and figure out what is going on in the village. Gameplay As the first game in the series and it's expansion pack, Outlast 2 is a single-player survival horror experience. The main protagonist is unable to fight his enemies, so stealth is used to avoid confrontation. Unlike the previous titles, Outlast 2 features a stamina bar and new additions to the movement system, such as sliding and going prone. Blake has a camera with him at all times. This camera is used for activating night vision, eavesdropping to distant conversations with its microphone. The camera requires batteries for it to work, so the players have to look for them on the levels. There is no automatic health regeneration present in the game. So when the player suffers some damage, they need to find a medkit in order to restore their agility and health."
9840,we-happy-few,We Happy Few,2018-08-09,2018,https://media.rawg.io/media/games/537/537974990a025a3edcbe91e408e85fbc.jpg,3.16,64.0,4,"PC, PlayStation, Xbox","Action, Adventure, Indie","We Happy Few is the tale of a plucky bunch of moderately terrible people trying to escape from a lifetime of cheerful denial in the city of Wellington Wells. In this alternative 1960s England, conformity is key. You’ll have to fight or blend in with the drug-addled inhabitants, most of whom don’t take kindly to people who won’t abide by their not-so-normal rules. Discover the retrofuturistic city’s dark history as you play through the intertwined narratives of three quietly rebellious citizens of Wellington Wells, each with their own strengths and weaknesses, as they face their pasts, prepare for the future, and engage in activities that aren’t exactly status quo in the artificially enthused society. Save 15% when you pre-purchase We Happy Few, and get instant access to the game's alpha. This allows you to experience the introduction to Arthur's narrative, explore a portion of the procedurally generated world, collect and craft items, and choose how you’ll interact with members of the Joy-obsessed society through stealth, combat, or conformity across a handful of the game’s unique events. Plus, get the exclusive in-game Jolly Brolly weapon at launch. There’s a definite chance of pain when using this weaponized umbrella, complete with advanced blocking capabilities and trippy psychedelic interior. Retrofuturistic 1960s England Set in retrofuturistic 1960s England, you will find a city ravaged by war and rebuilt by delusionally happy people. Everything appears joyful in Wellington Wells, including its roads, its people, and its omnipresent television personality: Uncle Jack! But, it’s actually a world on the brink of collapse. Come unveil its dark history, and discover how and why its residents came to be so beguilingly happy. Three Interwoven Narratives Play as three flawed characters who explore their own connections to the events surrounding the rebuilding of Wellington Wells. They each have a unique storyline in which they interpret and react to the events around them in different ways. As you hide, conform, or fight back as each of them, you will encounter dark humour, a spot of hope, and even some redemption along the way. A Dystopia of Your Very Own In We Happy Few, no two playthroughs are alike. While the citizens of Wellington Wells will always want to ensure that you’ve taken your Joy, the procedurally generated world will ensure that your experience with We Happy Few is different and unique. Wellington Wells is never quite like you remember it. Take Your Joy…or Don’t. The Choice is Yours Customize your We Happy Few experience: • Choose from a range of difficulties for new and experienced players alike, • Play through the story, or make your own story by customizing the sandbox, • Masochistic? Try permadeath!, • Collect recipes, scavenge items, and craft dozens of weapons, tools, and devices, • Creep, crush, or conform your way through puzzles and encounters, and • Fight with the crazy weapons you can craft, or fight with your bare hands and don’t kill anyone!"
9845,total-war-warhammer,Total War: WARHAMMER,2016-05-24,2016,https://media.rawg.io/media/games/599/599b2d9bf7815fe2615d9527cccf7725.jpg,4.05,86.0,9,"PC, Apple Macintosh, Linux","RPG, Strategy","Total War Warhammer is a combination of two franchises, which brings fantasy violence of Warhammer into the combat mechanics of historical Total War series. The turn-based strategy with real-time tactical battles between clashing armies. The story campaign begins with the newly elected Emperor attempting to reunite the shattered kingdom and bring peace under his control. On the release date, Total War Warhammer offered four playable factions at launch, including Empire, Greenskins, Dwarves and Vampire Courts, but eventually, Chaos and Bretonnians were added as DLC. In total, there’s 13 DLC, some of which are free. Unlike other Total War titles, Warhammer includes the ability of special faction agents to participate in battles in order to give your army an advantage, a wider variety of animations and flying units such as dragons. Addition of magic with unique spells for each faction, which sets Total War Warhammer as a different title from any other Total War game."
9849,forts,Forts,2017-04-19,2017,https://media.rawg.io/media/screenshots/5ea/5eac2a8c174500d4b25e1b466edbcec3.jpg,3.23,74.0,3,PC,"Action, Strategy","EarthWork Games is an independent game developer based in Brisbane, Australia. With over fifty five years of game development experience between us, we are eager to create games that we enjoy playing, and enjoy making."
9850,rise-of-nations-extended-edition,Rise of Nations: Extended Edition,2014-06-12,2014,https://media.rawg.io/media/screenshots/b36/b36e7eef6b9d72c0f1583218e9931004.jpg,4.12,89.0,5,PC,"Strategy, Simulation","Rise of NationsRise of Nations is a real-time strategy game that spans all history. Start with a single city in the Ancient Age; gather resources; build an infrastructure; research technologies; construct Wonders of the World such as the Pyramids and the Eiffel Tower; and expand your military might across the world, conquering hostile nations with bombers, battleships, and tanks—all over your lunch hour! In Rise of Nations there are: 18 Nations—each with special abilities and unique military units. Over a hundred military units operating on the ground, sea, and air— from Hoplites to Frigates to Helicopters. Over two dozen buildings with upgrades and technologies that will take your nation from a small City to an Information Age society. 14 Wonders of the World—the Terra Cotta Army, the Taj Mahal, the Eiffel Tower. Each gives your nation special bonuses. More than a dozen map types, ranging from the Amazon Rainforest to the Himalayas to the Nile Delta. Conquer the World campaign—a linked series of dozens of scenarios.The Extended Edition includes:Rise of NationsRise of Nations: Thrones and PatriotsNew in the Extended Edition: Improved Visuals Improved water Improved textures Full-screen anti-aliasingFull Steamworks Integration Multiplayer with ranked matches (ELO) Achievements Trading Cards Cloud saves Extended Features Twitch Integration"
9853,h1z1-king-of-the-kill,H1Z1: King of the Kill,2016-02-17,2016,https://media.rawg.io/media/screenshots/848/848253347dc93c762bfd51c7e4989b8f.jpg,2.36,,2,PC,"Action, Adventure, Massively Multiplayer","H1Z1 is one huge deathmatch in which every player tries to eliminate all others. Up to 150 players can compete at once, and the last survivor wins. There is also a team deathmatch option for groups of two to five. At the beginning of each match, all players are dropped randomly across the map. Before they start killing each other, they have to find themselves weapons, armor, and other necessary supplies. They may even use cars and bikes found in the game area to move faster or run down their opponents. Crafting is also available, and players can use items they gathered to make improvised armor and weapons. Some players may decide to stay out of the fight for as long as possible to let their opponents eliminate each other. They can not bide their time forever, though: to prevent players from camping for too long, the game area will shrink over time. Poisoned gas will eventually cover larger and larger sections of the map, forcing the players to come together at last and indulge in the good old ultraviolence. The masks and hilarious motley outfits worn by the characters not only make them look unique but also bring into H1Z1 a distinct flavor of The Purge film series."
9860,anarchy-arcade,Anarchy Arcade,2014-09-03,2014,https://media.rawg.io/media/screenshots/cb1/cb1e3651a3b0034f16868d366ba4f981.jpg,2.43,,1,PC,"Casual, Indie","Anarcy Arcade is a shortcut launcher, just like your regular desktop. It replaces your 2D wallpaper image with a 3D world, and replaces your 2D shortcut icons with 3D objects.It transforms our PCs into 3D metaverses that we can explore with our friends while still getting work done. Performance is always put first. It will not lag your games down.Use AArcade as your everyday desktop, or use it to manage your massive game, movie, or image collection and share with your friends.Menu-less BrowsingAArcade is a ""game between games"" where you walk up to what you want and click LAUNCH. No more down-time between games!CustomizeEasily spawn in new shortcuts or props, modify their properties, and build your dream arcade!Full Version Games & AppsAArcade launches ANYTHING that you can run on your PC and runs them at full quality & speed. You'll NEVER have to choose between AArcade or running your games well.Addons & ModdingUse the maps & models from over 30 of your favorite Source engine games as your 3D desktops! Over 50,000 compatible maps and many thousands of compatible props!Steam WorkshopShare your customizations or your creations with the rest of the community with AArcade's BUILT-IN workshop publishing tool! Well over 1,000 items already shared!ExploreDiscover how deep each rabbit hole goes when exploring the massive creations of other players, past & present.MultiplayerHost any one of your 3D desktops in multiplayer mode. Watch videos with your friends, give tours of your collection, or just hang out on your desktop! (Note that port 27015 must be open to host a public server.)Virtual Reality (OPTIONAL)Truly experience the metaverse in 3D using your Oculus Rift, HTC Vive, or other VR devices. The tidal wave of the future is about to hit!Be ProductiveAArcade lets you use your Start menu, alt+tab, use your favorite programs, etc. The things you launch open right on top of AArcade, just as if it was your desktop wallpaper image.Sleep ModeWhen it needs to, AArcade goes into a deep sleep mode where it releases all of its textures, 3D models, etc. so that your PC is free to run what matters most: the stuff you launch.Steam Stats & AchievementsCompare the size & stats of your collections with your friends. Earn achievements for reaching milestones, and for ever leave your mark on a map by being the 1st person to load it up in AArcade!Free & IndieAArcade is 100% free and developed by just 1 guy. It does NOT have built-in ads and is not a corporate attempt to sell you junk. It is made specifically to enhance your PC experience.FeaturesSupports the Oculus Rift for a virtual reality experience!Works with Steam games, non-Steam games, movies, YouTube videos, pictures, websites, etc.Launches your files & programs. just like normal!Instantly ALT+Tab to switch between programs.Goes into sleep mode while you play other games. (Doesn't lag you down!)Emulators are supported! (But not included.)Automatically finds YouTube trailers and HD boxart to use on 3D shortcuts.Does not interfere with Windows or your normal computer use.Anarchy Arcade does NOT come bundled with any additional games or movies. It simply is a fun & entertaining way to access your personal media collection and share the experience with your friends.Merging Reality with Virtual RealityAnarchy Arcade lets you spawn real-life games, movies, pictures, and other media (directly from your PC or the internet) into the virtual world. In the screenshots here on the Steam Store page, we have labeled these real-life media items with a [CENSORED] sticker so you can easily see them. Just imagine your favorite stuff under those stickers."
9871,guns-of-icarus-alliance,Guns of Icarus Alliance,2017-03-31,2017,https://media.rawg.io/media/games/57f/57fc2051dd27c9947d12cdf63790d122.jpg,2.4,,1,"PC, Apple Macintosh, Linux","Action, Simulation, Indie","Guns of Icarus Alliance is an extended player versus environment edition of Guns of Icarus Online, a player versus player multiplayer FPS. It contains Set in a steampunk world, the game is focused on airship combat where you take the role of a member of a four-player team. Every player is responsible for their part of the ship and needs to perform different functions. The game features all content from the original game, including PvP mode. There are three classes in the game: Pilot, Gunner or Engineer. Only the good interaction and balance between these roles will let your team be successful during battles. You can build and customize your own ship and complete different missions against AI opponents. Raising your rating within the faction, you will gain all perks a leadership can give. Additionally, the game features the fight over certain territories you can conquer. As a result, every match affects the entire war map, taking into account your and your opponents’ wins and fails."
9877,beat-cop,Beat Cop,2017-03-29,2017,https://media.rawg.io/media/screenshots/5df/5df2b7a91454900a9efafaa003338b1b.jpg,3.71,71.0,3,"PC, PlayStation, Xbox, iOS, Android, Nintendo","Action, Adventure, Simulation, Indie","New York, more like a beast than a city. Explore it’s darkest corners and uncover its secrets as Jack Kelly, a former detective who has been framed for a murder. Degraded and forgotten by old pals, it’s your last chance to find the truth behind this whole terrible mess. The thing is, your new boss treats you like shit, your wife is a money sucking spawn from hell and the local mafia wants your head on a plate. I guess you could say, that things are complicated down here, in the middle of Brooklyn. Oh, and don't forget about writing tickets, reprimanding pedestrians & such. You're a beat cop after all. NONLINEAR STORY WITH MULTIPLE ENDINGSSomeone framed you and no one gives a rat’s ass about this but you. Turn every stone in this city and find out who did that. The further you investigate the more missing puzzles you’ll find, but be careful. Some things should never be brought to daylight. THE ESSENCE OF '80 COP SHOWSHave you ever dreamed of being one of the heroes of cop movies? Of course you did, like we all. Now you have a chance! Be sexier than Sonny Crocket and tougher than Dirty Harry. And if witty comebacks won’t work, you can always do some old school ass kicking. It’s ’80s after all! THE HUMOR THAT YOUR MOM WOULDN'T APPROVEBe sarcastic. Be gloom. Be whatever you want. There are thousands of things in this world you can laugh at, and even more you shouldn’t, but who cares. It’s jungle out there baby, and sometimes you just need something to release the stress."
9880,oxygen-not-included,Oxygen Not Included,2017-05-18,2017,https://media.rawg.io/media/games/000/0002b2686a50b30762fb6040a8d9187f.jpg,4.16,86.0,7,"PC, Apple Macintosh, Linux","Strategy, Simulation, Indie","In the space-colony simulation game Oxygen Not Included you’ll find that scarcities of oxygen, warmth and sustenance are constant threats to your colony's survival. Guide colonists through the perils of subterranean asteroid living and watch as their population grows until they're not simply surviving, but thriving... Just make sure you don't forget to breathe. Build Extensive Bases and Discover What it Takes to Survive: Everything in your space colony is under your control, from excavation and resource allocation right down to plumbing and power systems. Resources will begin depleting with your first breath, however, so be sure to dig fast if you want to live. I t’s Mind Over Matter with Stress Simulations: Keep the psychological impact of survival at bay with fun leisure activities, great accommodations and even better food for your colony. Duplicants each have different and potentially destructive ways of reacting to stress, so be sure to always keep them happy. Whatever the cost. Avoid Boiling with Thermodynamics: Temperature control is a constant concern in space; too cold and you'll freeze, too hot and you'll fry. Keep tabs on ambient environmental temperatures and your colony's heat production to maintain a nice, cozy atmosphere for your colonists. Enhance Efficiency through Complex Gas and Liquid Simulations: Create interlocking pipe systems to swiftly deliver fuel and liquid to critical areas of your base. Plan well and be rewarded as your colony transforms into an imperishable, well-oiled machine. Take Charge with Power Grid Simulations: Choose from a multitude of power sources including coal, hydrogen, natural gas or just plain old elbow grease. Manage power runoff, circuit overloads and meltdowns to keep your colony running smoothly. Always Keep Yourself Breathing: Enter the Oxygen Overlay and watch air moving through your base in real time. Monitor carbon dioxide accumulation and oversee oxygen generation processes to mold your colony into a veritable deep-space oasis. Waste Nothing through Extreme Recycling: Make use of every last resource for a base that truly exemplifies efficiency. Recycle waste into precious fuel, process unbreathable gas into air or harness the natural bodily processes of wild creatures for food. If you’re clever, you might even be able to run a base off colonist farts.Explore Diverse, Procedurally Generated New Worlds: Summon new worlds with a push of a button. Experience tons of untamed space rocks, then suffocate to death in them!"
9882,dont-starve-together,Don't Starve Together,2016-04-21,2016,https://media.rawg.io/media/games/dd5/dd50d4266915d56dd5b63ae1bf72606a.jpg,3.77,83.0,7,"PC, PlayStation, Xbox, Apple Macintosh, Linux","Action, Simulation, Indie","Don't Starve Together is surrealistic and grim survival game made up for six people simultaneously. Initially, Don't Starve is a single-player game with a core mechanic of going through various problems of your character. You have to sleep and eat well. Also, you have to keep your mental health all right and don't go completely mad at a situation, when these dreadful and twisted creatures are running towards you to tear apart. It seems like the world of Don't Starve is heavily inspired by Tim Burton, having a very grotesque yet creepy and bizarre-looking monsters and locations with an atmospheric soundtrack. While heading to multiplayer, you will experience every single problem from a singles game. The game exploits pretty similar mechanic to Minecraft - randomly generated world, surviving as a top priority for the gamer. With the only difference - if you die, you die. Permanent death of your characters increases the grim and tense atmosphere of the game itself, making the process challenging and creepy. Just remember. Don't Starve."
9883,distance,Distance,2014-12-09,2014,https://media.rawg.io/media/screenshots/fdb/fdb08676a20b0eaa5c8410ae9648a67c.jpg,4.05,,2,"PC, iOS, Apple Macintosh, Linux","Action, Racing, Arcade, Indie","Distance is an atmospheric racing platformer. Fusing futuristic arcade racing with parkour, survive a deadly, mysterious, neon-drenched city by jumping, rotating, and flying. The roads are treacherous with obstacles around every corner. Instead of doing laps on a loop, survive to the end in the quickest time. Your car has abilities that not only allow you to drive on the track, but upside down and on buildings and walls! You can also fly to discover new shortcuts and paths. Take on the roads alone, or in multiplayer with your friends! The game is a spiritual successor to the multi-award winning Nitronic Rush, created by ourselves and 5 others at DigiPen Institute of Technology. It was widely praised for its innovative mechanics, visual style, audio design, and atmosphere.Key FeaturesAdventure: A short single player experience. Drive into the heart of a dark, mysterious city as you pursue an ominous threat. Arcade: Race ghosts to take on the leaderboards' best. Earn medals to unlock new tracks in several different modes. Multiplayer: Online (up to 12 players) and split-screen (2-4 players) play in modes such as Sprint, Reverse Tag, Stunt, etc. Trackmogrify: Random track generation with advanced seed modifiers. VR: Full VR integration with support for Oculus Rift CV1 and HTC Vive. Level editor: Use a powerful level editor to create levels from within the game and share them with players around the world. Over 2,000 levels have already been shared on Steam Workshop! Original soundtrack: New music from the composer behind award-winning games like Nitronic Rush, Solace, and The Fourth Wall. Listen to a preview here."
9891,friday-the-13th-the-game,Friday the 13th: The Game,2017-05-25,2017,https://media.rawg.io/media/games/46b/46b62c37c8faf3268a0768b548e6cd9d.jpg,3.11,61.0,6,"PC, PlayStation, Xbox, Nintendo","Action, Adventure","Gameplay Friday the 13th: The Game is a third-person horror, survival game where players take on the role of a teen counselor, or for the first time ever, Jason Voorhees. You and six other unlucky souls will do everything possible to escape and survive while the most well-known killer in the world tracks you down and brutally slaughters you. Friday the 13th: The Game will strive to give every single player the tools to survive, escape or even try to take down the man who cannot be killed. Each and every gameplay session will give you an entirely new chance to prove if you have what it takes not only to survive, but to best the most prolific killer in cinema history, a slasher with more kills than any of his rivals! Meanwhile, Jason will be given an array of abilities to track, hunt and kill his prey. Stalk from the shadows, scare your targets and kill them when the time is right in as brutal a fashion as you can imagine. Take control of the legendary killer that is Jason Voorhees and terrify those unfortunate enough to cross your path! Play as Jason Voorhees! For the first time ever, you will have the opportunity to play as Jason Voorhees, the most famous killer in horror. Stalk your prey, ambush them whenever you see fit and strike fear in the hearts of so many hapless victims as you become the legend himself! Friday the 13th: The Game will include a variety of kills, new and familiar, that will help you set the tone for the Jason Voorhees that you want to be. You’ll even get to unlock various Jason incarnations from the movies! Jason will be equipped with a terrifying array of abilities, giving you the control of a hunter at the height of his game. These are his woods, and he knows them all too well. Jason will not only feed off the fear of his victims, but will become stronger as the night progresses. The darker the night, the more terrifying Jason becomes! Fans of the movies will be able to play as various versions of Jason, including: Friday the 13th, Part II Friday the 13th, Part III Friday the 13th, Part VI: Jason Lives Friday the 13th, Part VII: New Blood Friday the 13th, Part VIII: Jason Takes Manhattan Jason Goes to Hell: The Final Friday How Will You Survive? The entire focus of Friday the 13th: The Game is multiplayer. Survival is entirely up to you, the player, as you either stealthily hide from Jason or work together as a team to escape or bring the fight to Jason. Playing as a counselor is all about risk and reward, giving players multiple means of triumph over Jason! Want to hide in the woods as you wait for the police? Perhaps you want to band together and try to take on Jason as a group? Maybe you and a friend decide to fix the boat on the lake and escape while leaving everyone else to their fate? There are endless opportunities to survive the night, but every choice has a consequence. Friday the 13th: The Game will continually set the pace of change, giving you unfamiliar surroundings while Jason Voorhees looks for his latest victim. No single strategy will ever be reliable, forcing players to adapt and change each time they begin their long night in Camp Blood! Be wary, you never know when or where Jason is going to strike! Play as the Counselors! We all remember the various tropes from Friday the 13th, and the game will be no exception! Each counselor type will have strengths and weaknesses, affording players the chance to excel in certain situations. Find the counselor that best suits your play style, or come up with various strategies to win against Jason! Players will have the chance to continually update and improve their characters through unlocks, customization and improvement! The more you play, the more you adapt and become a better all-around counselor! Camp Crystal Lake in All Its Glory! Mirroring Camp Crystal Lake from the Friday the 13th series, players will try to survive not only in the iconic Camp Crystal Lake, but surrounding area. Iconic locations from the movies, like Higgins Haven will also serve as stalking grounds for Jason and his prey. Players will be given a large, open area in which to explore as they attempt to hide from certain death! Each gameplay session will fundamentally change the scenario, never affording players the opportunity to learn patterns or figure out where helpful items may be lying. With each movie giving a different feeling to the campgrounds, Friday the 13th: The Game gives you new and challenging situations every time you enter the woods! Your Crystal Lake Database Friday the 13th: The Game will feature a progressive unlock system unified to your account. The longer you play, the more you'll unlock from counselor customization to new Jason Voorhees costumes seen in the movies! Besides giving you personalized camp counselors, you'll be able to unlock secrets within Camp Crystal Lake, exploring the mystery surrounding Jason Voorhees and the grounds he patrols! Be Kind. Rewind. Every aspect of Friday the 13th: The Game is drawn straight from movies you know and love. We’ve carefully crafted this world to remind you of everything you remember about Friday the 13th, right down to the visual fidelity of the 80’s. This is exactly how you remember it."
9894,squad,Squad,2020-09-23,2020,https://media.rawg.io/media/screenshots/822/822af73f10e03d493d427ddb26982633.jpg,3.89,,7,PC,"Action, Shooter","Squad is a 50 vs 50 multiplayer first-person shooter that aims to capture combat realism through communication and teamplay, emphasizing both strong squad cohesion mechanics as well as larger scale coordination, tactics and planning. It features large open maps, vehicle-based combined arms gameplay, and player-constructed bases to create a heart-thumping, visceral gaming experience which mixes organized tactical multi-squad planning with split second decision-making in real-world scale firefights."
9896,marvels-guardians-of-the-galaxy-ttg,Marvel's Guardians of the Galaxy: The Telltale Series,2017-04-18,2017,https://media.rawg.io/media/games/c06/c06edf54c45016c6e5edc2235a29c7d3.jpg,3.56,72.0,7,"PC, PlayStation, Xbox, iOS, Android, Apple Macintosh",Adventure,"Marvel’s Guardians of the Galaxy: The Telltale Series delivers a brand new story of the universe’s unlikeliest heroes, the rag-tag band of outlaws who go by the names Star-Lord, Gamora, Drax, Rocket, and Groot. In the wake of an epic battle, the Guardians discover an artifact of unspeakable power. Each of the Guardians has a reason to desire this relic, as does a ruthless enemy who is the last of her kind, and who will stop at nothing to tear it from their hands. From Earth to the Milano to Knowhere and beyond, and set to the beat of awesome music, this five-part episodic series puts you in the rocket-powered boots of Star-Lord in an original Guardians adventure, told in the unique and award-winning Telltale style, where your decisions and actions will drive the path of the story you experience. Includes access to all five episodes (Episode 1-3 available now, Episode 4-5 coming soon) in this all-new series from the award-winning studio, Telltale Games."
9904,age-of-empires-ii-hd,Age of Empires II HD,2013-04-09,2013,https://media.rawg.io/media/games/c07/c07e1c1e6908a2eeebd5dad0708abd01.jpg,4.2,68.0,6,PC,Strategy,"Age of Empires II HD is a strategy game, the remastered version of the original game with improved graphics and some new features including the Workshop compatibility. It's followed by three expansions: The Forgotten, The African Kingdoms and The Rise of the Rajas that add new civilizations, campaigns, and modes to the game. In Age of Empires II HD, you develop the selected civilization from the Dark Ages to the modern time. You have multiple units to complete different tasks such as mining resources, explore the world and fight enemies. You can also reveal new technologies and upgrade your units. There are different ways to win: you can either fight the enemy civilization or choose a peaceful way and develop your science and culture instead of war. To develop efficiently, you need to manage resources carefully."
9906,figment,Figment,2017-09-21,2017,https://media.rawg.io/media/screenshots/dcc/dcce37f6d000c846c7aa23ccebf53a73.jpg,3.23,,3,"PC, PlayStation, iOS, Apple Macintosh, Linux, Nintendo","Action, Adventure, Indie, Puzzle","A musical action-adventure set in the recesses of the human mind... Welcome to the world of Figment. A strange and surreal world; a place filled with our deepest thoughts, urges and memories, populated by the many voices we hear in our heads. This mind has been quiet and calm for many years. But something has changed. New thoughts have started to emerge - taking the shape of nightmarish creatures who spread fear wherever they go. The only hope is for the grumpy Dusty, the mind's former voice of courage, to get back to his old self and help the mind to face its fears. Join Dusty and his ever-optimistic friend, Piper, on an adventure through the different sides of the mind, solving puzzles to set things straight, beating back the nightmares and seeking to restore the courage that's been lost. Experience how traditionally hand-painted brushstrokes come to life in a world filled with surreal art, colorful illustrations and charming characters. Experience the unique artstyles of the joyful Freedom Isles, the radiant Clockwork Town and the ominous Pathways. Music is an integral part of Figment. Explore a rhythmic environment full of trumpet trees, piano houses and singing enemies and discover how your actions influence this musical universe and its dynamic soundtrack. Take an emotional journey to face universal human fears and help Dusty bring peace to the mind again. Overcome the Nightmares by using their dirty tricks to your advantage. Figment offers various challenges for all kind of players. Swing your sword skillfully at the enemies, rack your brain to solve puzzles and combine the two in epic musical boss battles."
9911,dungeon-defenders-ii,Dungeon Defenders II,2014-12-05,2014,https://media.rawg.io/media/screenshots/ef8/ef8201008461d1c102b6c11c4114d08e.jpg,2.95,,3,"PC, PlayStation, Xbox","Action, RPG, Strategy, Indie","Etheria is under attack! Build mighty defenses to freeze, burn and disintegrate your foes -- then grab a sword and jump into the action! Level up a team of heroes, deck them out in loot, and destroy the hordes by yourself or in four-player online co-op!Create a Team of HeroesWizards! Robots! Thieves! Recruit a cast of characters to join you on your quest to save Etheria. Each hero brings unique abilities and defenses to the battlefield. Swap between your heroes on the fly to use all of their tools -- even in combat!Build Your DefensesConstruct a deadly grid of laser beams. Drown your foes in quicksand. Build a wall of flamethrowers and watch the world burn, you sicko. A wide variety of defenses are at your disposal, and you'll need them all to protect the Eternia Crystals from the Old Ones' army.Shoot and LootLeap into battle and get your hands dirty! Grab a sword, a bow or a laser shotgun to blast through hordes of enemies. As you play, you'll find loot and Shards to equip and customize your heroes with. Just beware of the goblin blood. As much as you scrub, the smell never goes away.See the SightsIn your journey, you'll visit ancient forests, massive castles, haunted temples, active volcanoes, and a surprisingly small number of dungeons for a game named Dungeon Defenders II.Bring a Friend (or 3)!Dungeons aren’t meant to be defended alone! Invite your friends to join you in Etheria for four-player online co-op.More Updates on the Way!As we did in Early Access, we're going to add more heroes, maps, loot and things to do, and we'll continue to listen to you about how to improve Dungeon Defenders II!"
9913,splasher,Splasher,2017-02-07,2017,https://media.rawg.io/media/screenshots/942/942c57fe3a5a0edc24ac61869214a2e7.jpg,3.29,79.0,1,"PC, PlayStation, Xbox, Apple Macintosh, Linux, Nintendo","Action, Arcade, Indie, Platformer","Splasher is a 2D platformer with unique arcade/action gameplay. It offers gamers challenges that require agility, speed and fast reflexes, and is set in a crazy cartoon universe. The Splashers are in great danger! The quiet and peaceful workers from Inkorp are being led to their doom by the greedy Docteur, the paint factory's evil boss. A young hero rises to fight for what's right. Armed with a splatter cannon, he launches an attack in order to save the Splashers and stand up to the dictator. His amazing paint cannon grants him color superpowers FISTFUL OF INK Use different paint colors to stick to walls and roofs, bounce high in the air, and trick your opponents. MASTER CHALLENGING LEVELS Brave the traps and beat the gigantic factory's security devices. Learn from your mistakes to find the best path and get the best time in order to perfect the level. TIME ATTACK & SPEEDRUN Challenge gamers from around the globe with your best times, and share your scores on the leaderboards. Splasher is the latest project from Romain Claude, former Game Designer and Level Designer at Ubisoft (Rayman Origins, Rayman Legends). He gathered a small, talented team, including Richard Vatinel a.k.a Gromy, Art Director, and Aymeric Schwartz, composer and sound designer (Absolver, Rayman Origins or Valiant Hearts), to create Splasher. The game was also developed in partnership with famous speedrunners."
9920,war-for-the-overworld,War for the Overworld,2015-04-01,2015,https://media.rawg.io/media/screenshots/2a7/2a780e763065c940130264772725b52a.jpg,3.06,65.0,5,"PC, Apple Macintosh, Linux","Action, Strategy, Indie","Tired of invading dungeons? It's time you built your own!Do you feel you are in a slump? Monotonously disembowelling evil guys in endless quests for gold and a slightly better pair of boots? You are starting to wonder... are heroics really your calling? Welcome to the War for the Overworld! War for the Overworld is a Dungeon Management Game that employs your favourite aspects of the RTS and God Game genres. You play an all-powerful, malevolent Underlord, long banished to the Aether. With unrivalled dark power and an insatiable desire for bloody conquest, you will arise once more, and reclaim your realm! In your absence, the Underworld lost its way. It became feeble and afraid of the Empire of the Overworld, which grew strong and boldly comfortable in its quiet retirement from evil-slaying. Carve out your dungeon from the soil and stones of the Underworld, and build dozens of unique rooms to attract a myriad of creatures to your halls to work and fight for you. In addition to your faithful followers, you have destructive spells and powerful rituals to cast upon any unsuspecting goodly Hero (or rival Underlord) who dares to breach your unhallowed halls. With your unmatched dark powers and mighty army of bloodthirsty minions, you are ready for your War for the Overworld!Key FeaturesBuild Your Dungeon - Excavate and build your dungeon beneath the earth of the Overworld. Design its layout as you see fit, creating an underground fortress filled with a wide variety of rooms, each with a unique use and purpose. Evil Is Back - Play as an Underlord who has awakened from a deep slumber after countless years drifting in the Aether. This realm hosts a variety of enemies — both Heroes and Underlords will stand in your path as you fight for dominance of the Overworld.Veins of Evil - Choose from over 60 rooms, spells, potions, rituals, defences and constructs in the Veins of Evil as you progress through the game. There are a plethora of possible Vein combinations you can use to conquer the Overworld. Create your own unique flavour of evil! Fortify Your Domain - Build a wide variety of defences within your walls to defend against — and destroy — those who seek to invade your domain. Cast Wicked Spells - Call down unholy magic to strengthen your dungeon, rout enemy forces, flood corridors with Micropiglets, or simply turn a meddlesome Hero into a geyser of giblets. Unleash Devastating Rituals - Punish your foes or empower your own forces with game-changing Rituals that can do anything from raising an undead army, to instantly fortifying your entire dungeon. Command Powerful Minions - Over 20 minions await your call, and will gladly work and fight under your banner... if you provide them with all the creature comforts they demand. Conquer the Overworld - Play through a feature-length campaign, facing off against the Emperor of the Overworld as you fight for complete supremacy in the Realm of Kairos.Destroy Your Rivals - Take the fight to your rival Underlords in Skirmish or Multiplayer matches with up to four players.Challenge Ruthless AI - Team up with a friend or fly solo and challenge devastatingly sophisticated AI Opponents in Skirmish or Multiplayer!Shape the Underworld - Create entirely new levels in the Map Editor and share them with other Underlords via the Steam Workshop!Test Your Mettle - Run the gauntlet of the Crucible mode and see if you can top the high score against waves of enemies!Gameplay Mutators - Tweak every possible setting to create and save custom game types.Community Translation Support - So you can bring War for the Overworld to other Underlords across the Underworld.Richard Ridings - The entire game is supported by narration, tutorials and status updates from the original and best dungeon mentor, Richard Ridings!Massively Improved - Tons of improvements, rebalancing, bug fixes and polish since the original launch!"
9944,ghost-in-the-shell-stand-alone-complex-first-assau,Ghost in the Shell: Stand Alone Complex - First Assault Online,2016-07-28,2016,https://media.rawg.io/media/screenshots/d2c/d2c1fffbd32d4b70e680e47a717f2602.jpg,2.65,,2,PC,"Action, Massively Multiplayer","Ghost in the Shell: Stand Alone Complex - First Assault Online is an F2P FPS developed by Neople. Discontinuation The game's Japanese version was discontinued on November 29th, 2017. While its worldwide counterpart was available up to December 6th, 2017. Once the discontinuation was announced, the option to buy in-game items for real money was turned off immediately. DLC was also no longer available for purchase. Setting The game is set in the universe of Ghost in the Shell: Stand Alone Complex anime, that was based on a manga by Masamune Shirow. The plot follows the personnel of the Japanese Ministry of Public Affairs' Section 9. The year is 2030, cybernetic prosthetics and cyborgs became a common thing in a modern world. Section 9 investigates various hacking-related crimes. The division was made up of former military officers and distinguished police detectives. Gameplay The main feature of the game was the in-depth cyborg customization system. A heavy emphasis was put on teamwork as the players were able to share their skills with the teammates and provide tactical support. That and the addition of the iconic optic camouflage and different robots allowed for numerous tactical options. The players had several stats, such as their strength, visibility, and detection. The latter was used to measure the player character's exposure to the autonomous drones."
9962,duelyst,Duelyst,2016-08-23,2016,https://media.rawg.io/media/screenshots/2c1/2c1685229a455d3a0affb8cbc78e2d09.jpg,3.38,82.0,1,"PC, Apple Macintosh","Strategy, Indie","Duelyst is a digital collectible card game and turn-based strategy hybrid. The game has four expansions: Denizens of Shim'zar, Rise of the Bloodborn, Ancient Bonds, and Unearthed Prophecy. Gameplay In each round, two players must fight across a tactical battlefield. They take turns in which they play, changing position minions and spells represented by cards. The players aim to build a card deck and move across the field, gaining points and eliminating enemies. The winner is the player who reduces the enemy General's health to zero before they can do so to you. The cards are drawn from a custom built deck. The round continues until one of the players kills the biggest enemy. The game offers a practice mode, puzzle-like challenges, a ranked season ladder, and a draft-style tournament mode. Each match lasts less than 10 minutes, so the game is quite fast-paced. Key features There are six factions, each with its characteristics. The factions' appearance and special abilities affect the strategy and gameplay of the decks. There are also more than 700 cards for spells, minions, and artifacts. The Duelyst offers several arenas with various features and design. Every month the game media pages provide lists of power ranking depicting the best custom decks."
9963,wuppo,Wuppo,2016-09-28,2016,https://media.rawg.io/media/screenshots/b86/b86fffe4f3fd00af3c7ee5533bb7c060.jpg,3.19,80.0,3,"PC, PlayStation, Xbox, Nintendo","Action, Adventure, RPG, Indie","After losing its home, one lonely Wum must travel the length and width of the world to find a new place to live. From the metropolitan haven Popocity to the cavernous Bliekopolis, our Wum will discover magical places and encounter strange creatures. But this Wum is no traditional hero and only by using wit and charm can it succeed in this massive journey. Wuppo is a two man passion project, with hand-drawn visuals, an extensive soundtrack and a huge world to explore. FEATURESExplore a wondrous world filled with Wums, Fnakkers and other strange creatures. Resolve an ancient conflict on your quest for a new home. Use items and social skills to overcome diverse challenges. Fight numerous enemies, ranging from small, to big, to MASSIVE! Collect filmstrips to discover the world's detailed history. Enjoy an enchanting and memorable orchestrated soundtrack."
9964,battle-chasers-nightwar,Battle Chasers: Nightwar,2017-10-03,2017,https://media.rawg.io/media/games/b89/b893db1513e56562a464398b18d1960c.jpg,3.73,79.0,5,"PC, PlayStation, Xbox, iOS, Android, Apple Macintosh, Linux, Nintendo","RPG, Strategy, Indie","Battle Chasers: Nightwar is an RPG inspired by the classic console greats, featuring deep dungeon diving, turn-based combat presented in a classic JRPG format, and a rich story driven by exploration of the world. Plan for survival. The desolate town of Harm's Way is your only place to prepare. Choose three of the many heroes you've unlocked, fill your travel backpack with items from your stash, make sure you've chosen the best equipment and abilities for each hero... and then strike out Explore an overworld presented in classic form (and in real time), peppered with hidden dungeons, rare bosses and randomly appearing friends and foes, as well as a useful arsenal of Dungeon Abilites for every character Old-school combat inspired by the console RPG greats, with a unique two-tiered mana system and turn-based initiative, featuring random buffs and debuffs on initiative slots Action oriented, randomly-generated dungeons loaded with traps, puzzles and secrets. Use each hero's unique dungeon skills to survive Non-linear story driven by the discovery of lore on items, landmarks and secret elements in the world. Discovering these will both provide deeper insight into the mysterious Lost Vale, and also reward lore points, which are used to upgrade the heroes' different abilities Truly key story moments will be depicted in gorgeous, traditional 2D animation from Powerhouse Animation Studios (the studio that did the animated Darksiders cutscenes). For these, sit back and enjoy The best-selling comic book Battle Chasers was first released in the late 90s and quickly generated a passionate cult following."
9966,dead-by-daylight,Dead by Daylight,2016-06-14,2016,https://media.rawg.io/media/games/e11/e11325e2f89151d31f612e38dee3b6a0.jpg,3.49,72.0,9,"PC, PlayStation, Xbox, Nintendo",Action,"This asymmetric multiplayer horror game in which one of the players tries on the role of a brutal killer, while the other four try to escape. Survivors play with a third person perspective, and the killer uses the first-person camera. The game has no singleplayer. Players can choose from 13 survivors and 12 killers. Each of them differs from each other with own upgrades system and special actions. There is no need to be polite and cooperative - every player for himself. Each level is procedurally generated, and each new round is offering a unique experience. The game engine selects from 10 presets, The plot of the game tells a story about the supernatural being of The Entity, who created the world and populated it with serial killers. To save players have to perform a number of tasks, which include the repair of generators and other interactions with the items on the map. All actions with objects launch the so-called Skill Check - RNG that decides whether or not the action will be successful."
9969,app-game-kit-easy-game-development,App Game Kit: Easy Game Development,2014-11-21,2014,https://media.rawg.io/media/screenshots/49d/49dae660a0fc843b23d63af8ce34e33c.jpg,1.75,,1,"PC, Apple Macintosh, Linux",Educational,"App Game Kit is a powerful game development engine, ideal for Beginners, Hobbyists &amp; Indie developers. Now anyone can quickly code and build apps for multiple platforms using AppGameKit's BASIC scripting system. With just a few commands you can have demos/games up and running on mobile devices. Bob Duffy, Developer Relations Intel Corporation, said “AppGameKit is a great cross platform development tool. It allows developers to quickly optimize and compile apps.”Games can be developed and deployed to your chosen mobile devices for rapid prototyping. AppGameKit does all the heavy lifting for you - making it easy to code, compile and then export apps to each platform. All you need to focus on is your game/app idea. It's that simple!AppGameKit also caters for more seasoned developers, allowing you to use the AppGameKit C++ libraries and benefit from all the features of AppGameKit's core game engine. A great example of this Echoes+ developed by Binary Zoo and now FREE to download on STEAM;http://store.steampowered.com/app/338000/FeaturesPlatformsYou can create games with AppGameKit on Windows, Mac or Linux devices. The games you make with it can then be exported to run on;WindowsMacLinuxiOSAndroid (inc Google, Amazon &amp; Ouya)HTML5Raspberry Pi (free from TGC website)AppGameKit IDECross platform Geany editorIntelliSenseCode foldingColour schemesEdit multiple projectsFast CompilerFull de-buggerBroadcast direct to deviceExport to exe, app, ipa, apkCommandsAppGameKit has commands for all the important areas of game creation. These can all be called as BASIC commands or as library calls in C++ and XCode.3D Graphics3D Primitives3D Bone AnimationsShadersLightingRay CastingCamera controlsMeshesFormats supported: .X .3ds .md3 .smd .md5 .lwo. .ac .b3d .dae .3d .lws .ms3d .blend .m3 .obj and .ago3D PhysicsCharacter controllerRagdollJoints Rigid BodiesContact reportsRaycastsPhysics world commandsCompound collision shapes2D GraphicsSpritesParticles Shapes TextFontsTweening Spine supportBlend modesImage formats: jpeg, pngPhysicsBox 2D collision Rendering ControlShaders Render to ImageSounds &amp; MusicPlay sound filesPlay music filesSound formats: WavMusic formats: Mp3, Ogg, M4aBlending SoundsChange sound pitch and balance User InputMouseMulti TouchController supportJoystick/Virtual JoystickKeyboardEdit boxButtonsMiscVideo playbackNetwork (broadcasting, messages, shared variables)File I/OHTTPMemblocksSensorsGPSSocial feeds - Facebook &amp; Twitter (iOS &amp; Android)AdvertsIn-app purchase (iOS &amp; Android)Game Centre (iOS &amp; Android)Notifications (iOS)Rate this app (iOS)Time &amp; DateCamera accessQR codesZip archivingExtensive Help &amp; tutorials"
9979,dirty-bomb,Dirty Bomb,2015-06-01,2015,https://media.rawg.io/media/screenshots/616/616437f375a1080756c917b1437404f3.jpg,2.71,63.0,2,PC,"Action, Shooter","Dirty Bomb is an action-shooter game developed by Splash Damage®. It was originally released in 2015. It was published by WarChest. Dirty Bomb has a Metascore of 63, based on professional reviews. Most rawgers rated the game as ""Meh"". Dirty Bomb is available on PC. The game is sold via Steam."
9980,emily-is-away-too,Emily is Away Too,2017-05-26,2017,https://media.rawg.io/media/screenshots/61a/61a8dcc362c81ee2101f987b49f8397b.jpg,3.84,81.0,3,"PC, Apple Macintosh, Linux","Adventure, RPG, Simulation, Casual, Indie","Browse Emily Onlinehttp://emilyisaway.com/online/Surf the web like it's 2006!New Emily, New ChoicesEmily is Away Too is the spiritual successor to the critically acclaimed original. Message both Emily and Evelyn as you determine the outcome of your senior year. Extend the story past the chat window with youtube links, facebook profiles and file transfers. And most importantly, change your text color to lime green so everyone knows you're the coolest kid in school.Features Multiple endings triggered by your dialogue decisions. Buddy icons, customizable profiles and away messages. Independent IM conversations with branching paths. Youtube links, facebook profiles and even file transfers. An interface you thought you'd never use again!"
9981,total-war-warhammer-ii,Total War: WARHAMMER II,2017-09-28,2017,https://media.rawg.io/media/games/a20/a20d2e07179b4a71dd5276a5c4cc0f61.jpg,4.36,86.0,13,"PC, Apple Macintosh, Linux","Action, Strategy","The second in a trilogy and sequel to the award-winning Total War: WARHAMMER, Total War: WARHAMMER II brings players a breathtaking new narrative campaign, set across the vast continents of Lustria, Ulthuan, Naggaroth and the Southlands. The Great Vortex Campaign builds pace to culminate in a definitive and climactic endgame, an experience unlike any other Total War title to date. Playing as one of 8 Legendary Lords across 4 iconic races from the world of Warhammer Fantasy Battles, players must succeed in performing a series of powerful arcane rituals in order to stabilise or disrupt The Great Vortex, while foiling the progress of the other races. Each Legendary Lord has a unique geographical starting position, and each race offers a distinctive new playstyle with unique campaign mechanics, narrative, methods of war, armies, monsters, Lores of Magic, legendary characters, and staggering new battlefield bombardment abilities. Shortly after launch, owners of both the original game and Total War™ WARHAMMER II will gain access to the colossal new combined campaign. Merging the landmasses of The Old World plus Naggaroth, Lustria, Ulthuan and the Southlands into a single epic map, players may embark on monumental campaigns as any owned Race from both titles."
9986,hellion,HELLION,2017-02-24,2017,https://media.rawg.io/media/screenshots/075/075821dd94d00f221128bc04851a304f.jpg,2.11,,2,PC,"Action, Simulation, Massively Multiplayer, Indie","Hellion is a first person multiplayer space survival game. It is a fusion of survival and space simulation genres that pits players against the deadly environment and one another. Survive in the harsh conditions of space and scavenge for air, fuel and other items necessary for survival. But keep in mind, you are not the only one out there. There are others, but will they help, or will they throw you to the void without a second thought? Remember, no matter how brutal space may seem, it cannot hold a candle to man. Hellion is a solar system several thousand lightyears from Earth. Despite its distance, it is the target of the first interstellar colonization mission during the 23rd century. Almost a million colonists, suspended in cryogenic hibernation, leave Sol on a journey that would take many decades. However, when they wake up, almost a century later, they find themselves trapped inside a nightmare. Instead of living in a manmade paradise, they are forced to fight for survival surrounded by deserted stations, incomplete orbital habitats and derelict warships. With the closest rescue operation decades away, orbital economy in disarray and no authorities in sight, many turn to scavenging, stealing and outright violence. Few others try to live more civilized and begin uncovering the truth behind the largest disaster in human history. Hellion is an ambitious project. It is an immersive world set in a solar system many lightyears from the comforts of Earth and is entirely based on the laws of Newtonian physics. Hellion will make its debut as an Early Access game. EA version represents the basics of the vision behind this dark world. As our community grows and the player base expands, the game will evolve beyond these confines and become a true space survival that we can all enjoy. Open and honest communication between developers and community is the cornerstone of this idea. We are always open for discussion with our players as we believe that each and every one of us can add something to this project. Join us in the dystopian future that is Hellion and let’s build this world together! Below is a comprehensive list of features planned for Hellion’s early access. Most of these are already in the game, some of them will undergo modification and improvement while others will be implemented during the course of Early Access (features marked as completed are the ones that will be present from the start and possibly modified and improved upon, based on community feedback)… Space based on real physics Explore a persistent solar system where all in-game objects from planets and moons to ships and stations abide by Newtonian Physics and full Orbital Mechanics. A seamless world you can immerse yourself in without interruptions. No instances or loading screens. Realistic scale solar system (completed)Newtonian Physics (completed)Orbital mechanics (completed)Seamless transitions (completed)Persistent universe (completed)Immersive sound (completed) Experience sound that changes according to your environment, from the deathly silence of hard vacuum to the deafening roar of the ship’s engine room. Find a way to survive in the most hostile environment known to man and learn how to protect yourself from vacuum, decompression, extreme temperatures and radiation. Vacuum and decompression (completed)Temperature (work in progress)Radiation (work in progress)Salvaging Find and repurpose abandoned station modules and ships for personal use, or strip them for parts to fix and upgrade your existing equipment. Parts (completed)Resources (completed)Station modules (completed)Ships (work in progress)Resource gathering Grab a suit and your mining gear and EVA over to the nearby asteroid or fly your ship into the upper layers of a gas giant in order to harvest raw resources that can be refined into fuel, air and crafting components. Asteroid EVA mining (completed)Refining (completed)Asteroid Ship mining (work in progress)Gas giant harvesting (work in progress)Detailed crafting system Stop relying on salvage and set up your own crafting facility. Create custom parts, weapons and other equipment to help you better survive in the hostile world of Hellion. Parts (work in progress)Weapons (work in progress)Equipment (work in progress) Piloting Take command of your ship and explore the deserted system of Hellion using realistic navigation and scanning mechanics. Learn how to exploit orbital mechanics and balance using RCS, main thrusters and warp. Piloting and Navigation (completed)Scanning (completed)Different propulsion systems (completed)EVA (completed) Exchange the safety of your ship for a thrilling EVA experience as you explore the ruins of mankind’s first interstellar colony in search of intel, resources and equipment. Experience the unique feel of zero gravity movement without restrictions and master the use of inertia for maximum benefits. Modular ships, stations and gear Fully modular and customizable ships, stations and equipment. Build a base from salvaged modules and customize it to your liking. Refit a salvaged vessel with additional modules and equipment according to your playstyle. Base building (completed)Ship modification (work in progress)Equipment (work in progress)Complex ship to ship combat Detailed space combat with subsystem targeting, complex damage propagation and last second repairs. Ship to ship combat (work in progress)Subsystem targeting and destruction (work in progress)Damage propagation (work in progress)Damage control mechanics (work in progress)Electronic warfare (work in progress)Complex maintenance Learn to maintain and resupply your ship, station and equipment or watch as everything you’ve worked hard to build falls apart around you. Complex resource management (completed)Stations (completed)Ships (completed)Equipment (work in progress) PvP Engage in a thrilling close quarters combat with other survivors and use environment to your advantage. Team up with other players for protection or build a crew of cutthroats and lead a boarding party to raid others. Close quarters combat (completed)Boarding (completed)Hacking and security (work in progress)Realistic wound mechanics (work in progress)Suite damage and degradation (work in progress)Unrestricted multiplayer interaction (completed) Play as a lone wolf, team up with others or stab them in the back for personal gain. The choice is yours.Multi-crew ships (completed) Bring your friends along for the ride, divide roles and form a competent crew.Realistic communications Proximity chat, short and long range radio transmissions and FTL communication mechanics. Hail other ships, broadcast distress calls and eavesdrop on unsecure channels. Voice chat (work in progress)Radio mechanics (work in progress)FTL communications (work in progress)"
9988,crazy-machines-3,Crazy Machines 3,2016-10-18,2016,https://media.rawg.io/media/screenshots/84b/84bc9bbb4e160a194d0eb44a78248067.jpg,3.11,71.0,3,PC,"Strategy, Simulation","Higher, faster, larger, crazier, trickier, and so much more 3D: that's Crazy Machines 3!Place missing pieces into zany chain reactions and turn them into ingeniously working machines to solve puzzles like these:How do you successfully punch an Egyptian statue in the face? How do you shoot a kettle from the head of a clumsycorn with a 'high precision crossbow'? How du you jumpstart the grey-matter-engine of that old junker of a space taxi?Find out in Crazy Machines 3!Prepare yourself for the ultimate playground of vast Rube Goldberg style possibilities!Use physical systems to your advantage, no matter if it’s electricity, explosions, lasers, lightning, or wind. By tinkering with chips you can delve into even deeper detail and provide objects with individual properties. Nothing is impossible. If you don't like that wooden plank, take your pick from different materials like metal or stone and change the size, rotation and color. It is, after all, your own machine... Additionally, we invite you to use Steam® Workshop to gain access to a possibly infinite supply of puzzles and machines to implement into your game. And when you build your ultimate machine, you can share it with the whole world with a single click. Free content updates with new machines, parts and objects in the near futureExtensive and powerful editor for creating your own machine partsMore than 220 objects and over 300 single parts you can choose fromCreativity meets freedom: create and experiment with different materials and colorsSteam® Workshop access for a possible unlimited supply of parts and levels"
9989,i-have-no-mouth-and-i-must-scream-2,"I Have No Mouth, and I Must Scream",1995-10-31,1995,https://media.rawg.io/media/games/0a3/0a3a4838159eaf02f7b3d9a805d516d3.jpg,3.32,,3,"PC, iOS, Android, Apple Macintosh, Linux","Adventure, Puzzle","Assume the roles of five different characters, each in a unique environment Challenging dilemmas dealing with powerfully charged emotional issues Provocative psychological and adult-oriented themes Based on Harlan Ellison's short story ""I Have No Mouth, and I Must Scream"", one of the ten most reprinted stories in the English language Full digitized speech with over 40 different characters and state of the art animation Harlan Ellison as the voice of the insane master computer, AM. FIVE DAMNED SOULS: Buried deep within the center of the earth, trapped in the bowels of an insane computer for the past hundred and nine years. Gorrister the suicidal loner, Benny the mutilated brute, Ellen the hysterical phobic, Nimdok the secretive sadist, Ted the cynical paranoid. ONE CHALLENGE: The adventure plunges you into the tortured and hidden past of the five humans. Delve into their darkest fears. Outwit the Master Computer AM in a game of psychological warfare. Disturbing, compelling. An adventure you won't easily forget !! BONUS CONTENT INCLUDED: The Making of I Have No Mouth, and I Must Scream and a full 54 track Soundtrack composed by Legendary composer John Ottman (Check your Steamapps/common/IHNMAIMS/ folder after downloading the game) This product uses ScummVM across Windows, Mac and Linux which is released under the GNU GPL v2. For more information, please visit - http://www.scummvm.org The GNU GPL can be viewed here - https://www.gnu.org/licenses/gpl-2.0.html"
9997,arma-3,Arma 3,2013-09-12,2013,https://media.rawg.io/media/games/7a2/7a2d3c0883f01e43bff02f0d124d4642.jpg,3.82,74.0,16,PC,"Action, Shooter, Strategy, Simulation","Arma 3 is an open-world tactical shooter with RPG elements and a heavy focus on realism. The game is set on fictional Greece-themed islands in the near future during the war between NATO and Iran. In the campaign mode you take on the role of Corporal Ben Kerry, who takes part in this conflict. There are three chapters in the campaign but you can complete separate missions during the multiplayer mode. Arma’s key feature is its realistic battles. It’s not another military shooter where you can get an upgraded gun and go kill dozens of enemies. Instead, the game suggests you feel like a real soldier with all dangers and difficulties you can experience. That’s why you need to think over your tactics and protection, be patient and ready for long runs. Arma 3 provides you with a great amount of weaponry suitable for your playstyle. Arma 3 is the third main installment in the series. It’s a follower to ARMA: Armed Assault, ARMA 2 and their multiple DLCs, and is extended with nine expansions."
10001,serious-sam-fusion-2017-beta,Serious Sam Fusion 2017 (beta),2017-03-20,2017,https://media.rawg.io/media/games/21b/21babfc41e2a6972290833d1b860f13e.jpg,3.06,,1,"PC, Apple Macintosh, Linux","Action, Indie","Serious Sam Fusion 2017 is a special edition of the original first-person shooter series. This is a central hub for the whole Serious Sam franchise, which includes remastered and VR versions of both First and Second Encounters, and Serious Sam 3: BFE. The series follows Sam Stone’s adventures set in the environment of Egyptian pyramids, jungles and medieval castles. According to the plot, the protagonist fights against science-fictional extraterrestrial forces and their leader Mental, whose only aim is the devastation of humanity. The gameplay consists of eliminating waves of re-spawning invaders all across the game map. Enemies themselves range from basic soldiers to gigantic robots. As far as health and armor are non-regenerative, players controlling Sam have to gather special packs, which are scattered all around, in addition to dodging aliens’ attacks. From the technical side remasters offer lots of graphical issues and fixtures. The 2017 Fusion also allows players to maneuver within the whole series not exiting the game."
10004,mages-of-mystralia,Mages of Mystralia,2017-05-17,2017,https://media.rawg.io/media/screenshots/d11/d11d56d1bb5c8241ad8723e2af0fbc81.jpg,3.23,75.0,4,"PC, PlayStation, Xbox, Nintendo","Action, Adventure, Indie","In the kingdom of Mystralia, it takes more brains than brawn to succeed. You will face down giant, powerful creatures and navigate treacherous terrain. You will encounter puzzles that confound even the wisest of the old sages. And you must overcome obstacles put in place by people who do not want you to succeed.Your path will not be easy. In Mages of Mystralia, you play as Zia, a young girl who discovers that she has been born with an innate sense of magic. Unfortunately, magic has been banned, so she strikes off to train on her own to gain some control over her powers. On her journey, she meets other exiled mages and, discovers runes with magical properties and realizes that she can combine these runes in millions of different ways to come up with completely new spells.The story was written by bestselling author Ed Greenwood, creator of the Forgotten Realms fantasy world for Dungeons and Dragons, which served as the basis for games like Baldur’s Gate and Neverwinter Nights, as well as about 170 fantasy books.Design spells to fight enemies, solve environmental puzzles and battle epic bossesPowerful yet simple spell crafting systemClassic action-adventure with over a dozen of distinct regions to exploreOriginal orchestral score conducted by Shota Nakama and performed by the Video Game Orchestra at SoundtRec Boston of Final Fantasy XV and Kingdom Hearts fame"
10005,seum-speedrunners-from-hell,SEUM: Speedrunners from Hell,2016-07-27,2016,https://media.rawg.io/media/screenshots/76d/76d4a32df624f52f320644a61e264076.jpg,3.7,77.0,4,"PC, PlayStation, Xbox, Apple Macintosh, Linux","Action, Shooter, Adventure, Arcade, Indie","SEUM: Speedrunners from Hell is the world’s only competitive heavy metal first-person platformer. Slice every last millisecond as you race and blast your way through deadly arenas. Teleport, jump, fly, bounce and drop in a hundred merciless and fast paced maps for the ultimate prize: Your soul! Marty was having a late morning breakfast and minding his own business. The demon knocking on the door wasn’t part of his morning routine. Before Marty was able to open, the hell breed smashed in the doors. A fierce brawl commenced and Marty lost his right arm – but at least the demon also lost his head. Unfortunately, whilst the brawl erupted more demons entered his garage and stole his last batch of limited edition Walrus Ale (tm). Now Marty has become furious! He ripped off the demon’s arm and did some DIY to re-attach his arm back to himself. This demon is no looker but gee it casts some nasty fireballs. Marty’s (after)life now has a single purpose: Go to hell and get his beer back! \m/ Like a bastard child of Quake 3 and Super Meat Boy, SEUM: Speedrunners from Hell is truly hardcore and focuses on speed and fast reaction. Race and jump over platforms and bounce pads and shoot fireballs to reach an exit portal in the minimal amount of time. Reverse time and gravity. Compete with all players for the top time in the online high scores. Only the toughest players will receive the Uber Skull medals! If mind blowing speed and pumping adrenaline through your body is too boring, then search for the beer cans deeply hidden in each level. Who knows which secrets can be discovered by finding all of these delicious refreshments?FeaturesCan’t get much more old school than this! 100 levels, each more devilish than the last, with secrets around every corner. Shoot fireballs, reverse gravity, teleport and dodge obstacles to solve challenges. Leaderboards in each level so you can see how you fare against your friends (and enemies). An original soundtrack that'll make you rampage through the levels with blazing speed. Level editor 666 Warning: SEUM has been known to cause leaning disease. Symptoms are irrational leaning forward towards your screen when making difficult jumps. Smashing monitors with your head is not a way to beat the game!"
10008,sudden-strike-4,Sudden Strike 4,2017-08-10,2017,https://media.rawg.io/media/games/2b1/2b122424f91fb2cf1f0fbf54040bb3a2.jpg,3.12,77.0,2,"PC, PlayStation, iOS, Apple Macintosh, Linux","Action, Strategy","Sudden Strike 4 sends you off on three extensive campaigns set amongst the battlefields of World War II. Commanding the Allied, German or Soviet troops, you will lead over 100 different units into battle; like the German bomber Heinkel He111, the Russian T-34 tank, the British Hawker Typhoon fighter plane and the notorious German Panzerkampfwagen VI ""Tiger"". In a first for the Sudden Strike series, you can now choose from one of nine individual commanders, such as George Patton or Bernard Montgomery, who will each allow for different approaches to combat and boast unique abilities.Prove your strategic expertise in over 20 demanding singleplayer scenarios, the challenge-focused skirmish mode and the ultra-competitive multiplayer mode via Internet.Exploit the weak spots of tanks, set up an ambush, occupy buildings with infantry, outmaneuver the enemy with clever positioning or unleash devastating air strikes – how you approach each mission is up to you!Modding support with Steam Workshop integration.Optional „Pause & Play“ for more tactical depth"
10020,arizona-sunshine,Arizona Sunshine,2016-12-06,2016,https://media.rawg.io/media/games/a1b/a1b735e48a08900f9e80a0ffa9f41e74.jpg,3.74,81.0,3,"PC, PlayStation","Action, Adventure, Indie","Virtual reality meets the zombie apocalypse! Arizona Sunshine is a first-person shooter built exclusively for VR that immerses you in a post-apocalyptic southwestern America overrun by zombies. When you hear a flash of a human voice on the radio, your hopes surge - there are survivors out in the blistering heat of the post-apocalyptic Grand Canyon state! Armed with little more than your motion-controlled weapons and the scarce ammo and consumables you find along the way, you need to navigate the hordes of zombies coming for your brain in your desperate search for human contact. Developed from the ground up for HTC Vive and Oculus, Arizona Sunshine puts you in the midst of a zombie apocalypse. Handle weapons with real-life movements, freely explore a post-apocalyptic world, and put your survival skills to the test in VR - putting the undead back to rest is more thrilling than ever before. Real-life weapon handling: Using VR motion controllers, handle 25+ weapons with real-life movements. Anticipate attacks, manage ammo and aim down the sights to blast your enemies to undead pieces. Full-size campaign: Built in bite-sized VR chunks that together form a full narrative, the campaign allows you to jump in for a short session or stay for the complete ride. Free exploration: Move around without restraints to explore a series of huge southwestern American environments, including treacherous canyons and deep, dark mines. Immersive zombie survival: Scavenge the environment, loot undead enemies and manage your ammo and consumables in a battle for survival more immersive than ever before thanks to VR. Co-op multiplayer: Join forces with a friend in co-op campaign mode or multiplayer Horde mode for up to four players. But beware, more warm brains mean more hungry undead. Unprecedented VR realism: When powered by an Intel® Core™ i7 processor or equivalent, Arizona Sunshine brings unprecedented realism to VR gaming with zombie mutilation, destructible environments, and an overall cinematic and immersive experience. Only in VR: Arizona Sunshine is a VR shooter exclusively built for VR. Step into the midst of a zombie apocalypse as if you were really there and take on the undead unlike ever before."
10023,geneshift,Geneshift,2017-04-27,2017,https://media.rawg.io/media/screenshots/80a/80a0d07be6109fde6b92ac5283e7056c.jpg,2.15,,3,"PC, Linux","Action, RPG, Indie","Geneshift is a top-down shooter bursting with brutal gunplay and insane vehicle action. Unlock mutant skills and blast your way through the online co-op campaign. Then use miniguns, car bombs, invisibility, and more to outplay your friends in tactical online combat.4 Player Co-op CampaignPlay the story solo or with friends online and save the world from a mysterious outbreak.5v5 Multiplayer CombatBattle in game modes such as Capture the Flag, Checkpoint Racing and Zombie Survival.Insane Vehicle ActionRide with allies to do drive-by shootings, detonate car bombs and capture key objectives.Over 30 Tactical SkillsCreate complex skill builds as you gain experience and permanently level up your mutant.Over 20 Brutal WeaponsFire pistols, shotguns, snipers, explosives... or save cash for the deadly superweapons.Secret Base BuildingPlace hidden chemicals to gain secret benefits like spying on enemies and teleportation.Deception & DeductionPlay mind games. Discover and destroy enemy chemicals by observing their movements.Competitive ServersEarn ranks in competitive servers that balance teams with a unique ELO rating system.Leaderboards & DifficultiesReplay the campaign in 4 difficulty levels and set high scores on various leaderboards.User Generated MapsCreate maps in the editor and unlock sexy cosmetics whenever your maps are played."
10025,brain-out,BRAIN / OUT,2017-02-24,2017,https://media.rawg.io/media/screenshots/472/4727b88974e4841c3b53c974c175b448.jpg,3.01,,1,"PC, Apple Macintosh, Linux","Action, Massively Multiplayer, Indie","► RUN AND GUN.Brain / Out is a multiplayer shooter with a nostalgic post-Soviet feel. Experience dynamic battles and exterminate your enemies with a large arsenal of modern weaponry. Lock'n'load! **************************************************************► KNOW YOUR ENEMY. Mercenaries and Marauders fight not for the ideals of their country or society, but for cash. Stay alive and earn money with every kill — the only driving force of this conflict taking place at a former Soviet republic. **************************************************************► NO ""PAY TO WIN"".It doesn’t matter how well your enemy is equipped — a skilled fighter will always have a chance to win. You can change the outcome of any fight without a single round fired — take out your knife and bring the opposition to their knees. **************************************************************► CUSTOM LOADOUT.Brain / Out offers a wide range of weapons — both NATO and Warsaw Pact rifles, shotguns, pistols, sniper rifles and melee weapons.**************************************************************► MODIFY AND UPGRADE.Improve your weapon stats and upgrade the level of your favorite weapons with different parts — scopes, handles, barrels, receivers, mounts and bars. Collect and disassemble trophies to get new parts and improve your Tech level. **************************************************************► ADDITIONAL EQUIPMENT.Use special equipment to survive a bit longer. Bulletproof vests and helmets, stun and frag grenades, under-barrel grenade launchers, anti-personnel mines and more.**************************************************************► CLIMB THE SKILL LADDER.The better you fight, the more weapons you get! Get to the TOP 100 and receive a unique weapon set."
10028,space-engineers,Space Engineers,2013-10-23,2013,https://media.rawg.io/media/screenshots/ac7/ac707457a89f1f7d15ef5934a26ea21a.jpg,3.53,68.0,5,"PC, Xbox","Action, Strategy, Simulation, Indie","Space Engineers is a game about exploring planets, building spaceships and stations, and mining resources from asteroids. It was a precursor of sorts to No Man’s Sky. The player explores worlds and systems that are based on the settings and options selected by the player; for example, the use of procedural generation, the speed of processes, and the hostility of the environment. Space Engineers allows a lot of options for customization, and the game’s code is open source, making it popular among modders. The player assumes control over the human protagonist in a space suit and, at some stages of the game, an exploration ship (with options for both first and third person view). The player can build a variety of structures using different types of blocks and tools. Available structures include ships, planetary outposts, and space stations. The game includes a campaign and a set of standalone scenarios. Each of the scenarios, in turn, can be played in “Creative” or “Survival” mode. The former is an easy sandbox in which the player is not limited in resources and cannot die. The latter requires the player to mine resources and to keep track of the main character’s health and oxygen level. The game’s graphics are based on voxels (3D pixels), though, unlike some other voxel-based games, it doesn’t look like pixel art."
10029,get-even,Get Even,2017-06-20,2017,https://media.rawg.io/media/games/66c/66cad7e826e08682192392e37cce3cd1.jpg,3.42,75.0,3,"PC, PlayStation, Xbox","Action, Adventure, Indie","Black - an ice-cold mercenary and hired gun - awakes in a mysterious old asylum with no memory of his past. Under the guidance of his anonymous captor, ‘Red’, Black embarks on a form of treatment, facilitated by a unique technology - a headset that allows the user to relive their memories and experience them again in the present. And so Black tries to remember. With the help of the ‘Pandora’ headset, he travels into the depths of his own mind to explore the truth behind the only thing he can remember: the rescue attempt of a teenage girl with a bomb strapped to her chest."
10031,battlerite,Battlerite,2016-09-20,2016,https://media.rawg.io/media/screenshots/54f/54fcf1a626faa92afa3f5d2834dbc5ce.jpg,3.24,,3,PC,Action,"Battlerite is another contender in the DotA field, but also a spiritual successor to Stunlock Studios' previous game, Bloodline Champions. It is set in a colorful fantasy world, which we see from the top-down view, and is all about gladiatorial arena combat. The battles take place in one of the five areas, each with its distinct visual themes, such as jungle or lava. Each map is centered around the Middle Orb that can be destroyed to gain additional power and will respawn over the course of the game. Matches are divided into rounds and, to win a match, a team has to score three round victories. Each round has a two-minute time limit, so as to push players toward a fast-paced gameplay. When the time expires, a ""battle royale"" mechanic sets in, shrinking the game area to force the players to meet at the center of the map and fight. There are more than 20 characters, or ""champions"" to choose from, and the roster continues to grow. Those champions include magicians, warriors and everything in between. Each champion has his or her unique set of nine skills. Timing is important when using characters' abilities, as a low-level skill used at the right time can deal more damage than a mistimed high-level spell."
10035,hitman,Hitman,2016-03-11,2016,https://media.rawg.io/media/games/16b/16b1b7b36e2042d1128d5a3e852b3b2f.jpg,3.92,83.0,7,"PC, PlayStation, Xbox, Apple Macintosh, Linux","Action, Shooter, Simulation","Hitman is a six episodes game with different contracts. The action takes place as a prequel to Hitman: Agent 47 (only prologue) and episodes take place six years after Hitman: Absolution. All contracts are being ordered by a ""shadow client"" and seem to be unrelated. But as you fulfil those contracts, you start to realise that all of the targets somehow are a part of a secret organisation called the Providence. While playing Agent 47, you have a large amount of free will in completing those contracts. The main target is all that matters, and you can do anything to kill this person in your style and fashion. You can disguise as a different person and infiltrate secured area to perform the kill manually or use a long-range sniper rifle to do the trick. Your surroundings help you a lot as well by listening to nearby chat or news reports. Players are given as much freedom as possible to find your professional style in the art of killing. A large amount of DLC and expanded missions can either give you gimmick-based contracts and travel to Japan, Serbia and other countries."
10037,europa-universalis-iv,Europa Universalis IV,2013-08-12,2013,https://media.rawg.io/media/games/eff/eff7b309ae98c32b48f22a10e7523106.jpg,4.21,87.0,6,"PC, Apple Macintosh, Linux",Strategy,"Europa Universalis IV is a global strategy game developed by Paradox Interactive. It is the fifth game in the series, not counting the add-ons. Gameplay The game can take place at any time starting from the late Middle Age to the Napolean Wars era. The player can control any country there is in the game. It is possible to choose any starting date from November 11th, 1444 to January 1st, 1821. The player controls every aspect of life in his country. Diplomacy, religion (with each religion having its own development system), trading, science, and exploring the new lands (such as the Americas, Africa, and Australia). The player also has the country's military under their control. Every aspect of that time's society falls totally under the control of the player. You can build a new colonial superpower, become a dictator, establish a total dictatorship, or create a prosperous, democratic trade empire. There is no clear objective in the game. Instead, it is set by the player. However, the developers try to guide the player into playing certain scenarios by using the in-game achievement system. For example, one of the game's achievements is to unite Italy. It is also possible to transfer the progress from another game made by Paradox Interactive, Crusader Kings 2, to Europa Universalis IV."
10039,tyranny,Tyranny,2016-11-10,2016,https://media.rawg.io/media/games/c81/c8120bf5faed7309c9812553da54da80.jpg,4.07,80.0,5,"PC, Apple Macintosh, Linux",RPG,"Tyranny is a plot-driven dark fantasy game. The player assumes the role of a minion at the dark lord's service. Tyranny is a spiritual successor to Pillars of Eternity and uses the same graphics engine and gameplay model. Plot The game is set in a medieval world called Terratus that was almost completely conquered by Kyros, an immortal evil overlord. No one has ever seen Kyros, but he spent four centuries uniting all the realms under his reign. Kyros rules through his powerful viceroys, the Archons, who, in turn, command their minions called Fatebinders. The protagonist is one of Fatebinders at Kyros' service. He or she is sent to the Tiers province that is torn by the conflict. Two of the Kyros' armies fight each other, and it slows down the conquest. The protagonist has to stop the conflict or to be executed. Gameplay The player has to create the main character from scratch and define his or her abilities. The game has no character classes, and the character skills are individual. The process of customization also includes several questions about the character's background. The answers define how the character is perceived by the others and which factions he or she may join. The factions also influence the main character's abilities and the companions the player can recruit. Like in Pillars of Eternity, the player has to make difficult decisions that strongly influence the plot and the lives of NPCs. Every dialogue option may lead to a dramatically different outcome."
10040,stellaris,Stellaris,2016-05-08,2016,https://media.rawg.io/media/games/92b/92bbf8a451e2742ab812a580546e593a.jpg,4.11,78.0,10,"PC, Apple Macintosh, Linux","Strategy, Simulation","Featuring deep strategic gameplay, a rich and enormously diverse selection of alien races and emergent storytelling, Stellaris has engaging challenging gameplay that rewards interstellar exploration as you traverse, discover, interact and learn more about the multitude of species you will encounter during your travels. Etch your name across the cosmos by forging a galactic empire; colonizing remote planets and integrating alien civilizations. Will you expand through war alone or walk the path of diplomacy to achieve your goals?Main FeaturesDeep & Varied Exploration. Enormous procedural galaxies, containing thousands of planets. Explore Anomalies with your heroic Scientist leaders. Infinitely varied races through customization and procedural generation. Advanced Diplomacy system worthy of a Grand Strategy Game. Ship Designer based on a vast array of technologies. Stunning space visuals."
10049,hitman-codename-47,Hitman: Codename 47,2000-11-19,2000,https://media.rawg.io/media/games/3f6/3f6a397ec36acfcc18bb6ab3414c7658.jpg,3.82,73.0,1,PC,"Action, Shooter","The game that started the Hitman franchise. The protagonist is a talented yet nameless hitman, known only by his code number 47. He has no past, as he is a clone created by a mad scientist. In the beginning, 47 is being held in a mental hospital, before he escapes to become a killer for hire. His job is to eliminate high-ranking mafia bosses for large sums of money while attracting as little attention as possible. His missions may initially seem unrelated, but the plot eventually ties everything together. Hitman has to use precise timing, unconventional tactics, and stealth skills to get to his targets and neutralize their bodyguards. He can attack from behind, use sniper's rifles, machine guns, or even improvised weapons, such as a halter. There are usually many ways to accomplish every murder. An important part of the gameplay is disguise: Hitman can attack people and steal their clothes to blend into any environment. Dead or unconscious bodies of Hitman's victims can be dragged away and hidden to avoid raising an alert. Money earned from previous missions can be used to buy additional killing equipment. Hitman may also lose a part of his reward if he kills civilians on a mission."
10050,thief-gold,Thief Gold,1999-10-29,1999,https://media.rawg.io/media/games/934/934db575e66d63f2a6e86a2c688c141b.jpeg,3.99,92.0,1,PC,"Action, Simulation","Stalk your prey on the quest for stolen goods with your blackjack, sword, and an assortment of unique arrows. Steal for money and uncover the hidden agendas of your allies and enemies as you play through an unravelling story of deception and revenge. Survive in a world where shadows are your only ally, trust is not an option, and confrontation results in death!Key Features:Pioneering stealth based gameplay brings a new dimension to first person action. Thief™ Gold includes Thief™ The Dark Project (12 huge missions with multiple environments) and the Gold update (3 new campaign missions which deepen the plot and add five new types of enemies) Advanced enemies can see, hear, speak, and sound alarms. Your arsenal includes: blackjack, sword, fire arrows, water arrows, rope arrows and more"
10053,project-snowblind,Project: Snowblind,2005-03-29,2005,https://media.rawg.io/media/games/7e2/7e259589600668bca01f8bb019bb17c5.jpg,2.74,76.0,1,"PC, PlayStation, Xbox",Action,"Experience the dramatic intensity of the frontlines of a war through the eyes of the first of a new breed of super soldiers in this gritty and epic first-person action game. An augmented super-soldier must stop a renegade regime from eradicating the civilized world. Hong Kong, 2065. 2nd Lt. Nathan Frost is just a regular grunt in an international army called the Liberty Coalition. When he takes massive injuries from an explosion on the battlefield, Frost undergoes an experimental procedure. The outcome of the surgery is something more than human; a transformation that makes him a unique weapons-grade warrior, with abilities that far surpass those of the average soldier. Empowered with these extra-normal abilities via implanted augmentations, Frost is immediately sent to the frontlines of a war as a secret weapon against the destructive regime. Stranded in hostile territory, cut off from command and far outnumbered, Frost and a handful of men must try and stop the entire renegade militia's plan threatening to plunge the world into darkness. Engage in battle online multiplayer with up to 16 players & voice over IP support in classic and new multiplayer modes. A wide variety of game pacing ranges from the frenetic chaos of battlefield action to tactical stealth infiltration style missions. Equip yourself with an arsenal of experimental weaponry such as the Riot Wall™ and Attack Drones, and other high tech gadgetry. Used in combination, the equipment yields a variety and depth of gameplay never before realized, especially in multiplayer play. In multiplayer, vehicles are co-operatively used; one guy drives while the other mans the mounted turrets. Augmentations such as Invisibility, Reflex Boost and Electrical Storm give you an edge on the battlefield against your highly equipped and battle-ready foe. Pick-up & play, visceral action pulls the player through a cinematically immersive storyline from Minute One of play. 11 missions spanning across 16 maps including the Opera House turned Prison, a Buddhist Temple converted to a Military Base, and the sprawling urban Wastelands."
10056,kane-and-lynch-dead-men,Kane and Lynch: Dead Men,2007-11-13,2007,https://media.rawg.io/media/games/bef/bef072bb5a968347f40cbeefcf7b80db.jpg,3.6,67.0,1,"PC, PlayStation, Xbox","Action, Shooter","In this crime thriller, Kane and Lynch are hardened gangsters who are soon to be executed. Instead, they are released from the prison by a gang that believes Kane stole its money. The gang has Kane’s family as hostages and wants the money back. Kane, Lynch, and other criminals they will hire have to gather the required sum by robbing banks, kidnapping people for ransom, and completing other criminal tasks. Gameplay in Kane & Lynch is slightly reminiscent of GTA series with its third-person cop-shooting massacres. However, instead of the open world, there are consecutive levels with a mission in each, like in Hitman series (which was made by the same studio). In the story mode, Kane is the only protagonist under the player’s control. Lynch and other members of the gang are AI-controlled, though Kane can order them to move, follow, or attack. In the co-op mode, the other player can assume the role of Lynch. Playing for him is a little different because Lynch is a psychopath who sees hallucinations. There’s also an online multiplayer mode called Fragile Alliance that includes several new maps. In this mode, the team of players tries to survive the police assault and reach their getaway car."
10061,watch_dogs-2,Watch Dogs 2,2016-11-28,2016,https://media.rawg.io/media/games/f52/f52cf6ba08089cd5f1a9c8f7fcc93d1f.jpg,3.84,79.0,17,"PC, PlayStation, Xbox","Action, Adventure","Watch Dogs 2 is an action-adventure open-world game developed by Ubisoft Montreal. It is the second installment in the series and continues the main idea of its predecessor - hacking and hacktivism in an open world. Welcome to San-Francisco. It is the second city in the United States to install the city-wide operating system named ctOS, which connects everything from your car to your smart home to a global network. Marcus Holloway is tagged by the system as a suspect for a crime he did not commit. Marcus decides to take action and gets together with the hacktivist group DedSec to expose ctOS and its creators. WD2 offers the player an immense open world which consists of San-Francisco, Oakland, Marin and Silicon Valley. It's the player's choice to navigate the world on foot or on a wide range of vehicles from cars to boats. It is up to the player to choose whether to use a lethal or non-lethal approach on a mission as there is always a taser in your inventory and a billiard ball attached to a paracord that knocks enemies out. It is possible to hack into any devices that are connected to ctOS. For instance, Marcus can control forklifts, buzz guards phones in order to distract them."
10064,assassins-creed-brotherhood-2,Assassin’s Creed Brotherhood,2010-11-16,2010,https://media.rawg.io/media/games/116/116b93c6876a361a96b2eee3ee58ab13.jpg,4.26,88.0,15,"PC, PlayStation, Xbox, Apple Macintosh",Action,"Defeating the corrupt tyrants entrenched there will require not only strength, but leadership, as Ezio commands an entire Brotherhood who will rally to his side. Only by working together can the Assassins defeat their mortal enemies. And for the first time, introducing an award-winning multiplayer layer that allows you to choose from a wide range of unique characters, each with their own signature weapons and assassination techniques, and match your skills against other players from around the world. It’s time to join the Brotherhood. Key FeaturesBE A LEGEND – Take Ezio, now a legendary Assassin, on a new adventure with 15+ hours of story-driven single-player gameplay. LEAD AND CONTROL A LEGENDARY BROTHERHOOD – Recruit and customize your own guild. Train and level up assassins and command them to aid you in your quest. DEPLOY SECRET WEAPONS – Swiftly eliminate your enemies using tools such as poison darts, parachutes, double hidden blades, hidden guns, and an advanced flying machine at your disposal. WIN THE HEART OF A CITY – Use your hard-won currency to revitalize the crumbling capitol city. Rally the citizens to your cause and unlock extra factions and missions. AWARD-WINNING MULTIPLAYER – Choose from multiple authentic character classes, each with their own signature weapons and killing moves. With richly detailed maps and a wide variety of unique multiplayer modes, you’ll never fight the same way twice. BONUS CONTENT:Project Animus Update #1 Multiplayer DLC: To survive the treacherous, narrow roads and the multi-leveled architecture of the Mont Saint-Michel map and the challenging Advanced Alliance multiplayer mode, Abstero recruits will need to use free-running and refined hunting skills to their advantage. Project Animus Update #2 Multiplayer DLC: The Pienza Map provides the perfect free-running playground where predators and targets can blend and disappear. In the Chest Capture Multiplayer Mode two teams comprised of three players each partner with fellow Templars to either defend or capture Chests. Also included is the new Templar Score feature to reward diligent work by Abstergo recruits. The Da Vinci Disappearance Single-Player and Multiplayer DLC: After the fall of the Borgias, Leonardo Da Vinci is kidnapped and Ezio will embark on a relentless quest to recover him discovering new locations and gameplay features. The multiplayer addition is the biggest expansion to the award-winning multiplayer yet, including a new map, new characters and game modes."
10065,cities-skylines,Cities: Skylines,2015-03-10,2015,https://media.rawg.io/media/games/25c/25c4776ab5723d5d735d8bf617ca12d9.jpg,4.12,85.0,9,"PC, PlayStation, Xbox, Apple Macintosh, Linux, Nintendo","Strategy, Simulation","Cities: Skylines is a traditional city-building game, which allows players to experience urban planning in all aspects including zoning, road placement, transportation, taxation, and improvement of welfare. Therefore, within the game players are able to assume roles of city’s principal architect and mayor. The history of the city, in control of the player, begins with the 2-by-2 kilometers plot of land and a sum of money to start with. Players have to zone the city, build roads, explore the surroundings, provide infrastructure and jobs to attract new citizens. Once the newcomers settle down, the immediate reaction is expected to establish public services and to set proper taxes. Progressing within the game and developing the city will unlock new upgrades of the urban environment and lead to the territorial expansion. The gameplay also requires the control of several city’s parameter scales like budget, health, employment, and pollution. The game also features a creative sandbox mode, where the architect’s imagination is not restricted in any way."
10068,aaero,Aaero,2017-04-11,2017,https://media.rawg.io/media/screenshots/510/51009a72ad917f5132dadd2eea832972.jpg,2.8,,3,"PC, PlayStation, Xbox","Action, Indie","Independent micro-studio ‘Mad Fellows’ brings you a unique and innovative game featuring music from Noisia, Flux Pavilion, Katy B, The Prototypes, Neosignal and many more.N.B. A controller with dual analogue sticks is required to play Aaero. (e.g. Xbox 360/One, PlayStation DualShock etc.)"
10069,mount-blade-ii-bannerlord,Mount & Blade II: Bannerlord,2022-10-25,2022,https://media.rawg.io/media/games/0aa/0aa81c3f82acec65b44e854352522cd6.jpg,4.23,78.0,18,"PC, PlayStation, Xbox","Action, RPG, Strategy, Simulation","The horns sound, the ravens gather. An empire is torn by civil war. Beyond its borders, new kingdoms rise. Gird on your sword, don your armour, summon your followers and ride forth to win glory on the battlefields of Calradia. Establish your hegemony and create a new world out of the ashes of the old. Mount & Blade II: Bannerlord is the eagerly awaited sequel to the acclaimed medieval combat simulator and role-playing game Mount & Blade: Warband. Set 200 years before, it expands both the detailed fighting system and the world of Calradia. Bombard mountain fastnesses with siege engines, establish secret criminal empires in the back alleys of cities, or charge into the thick of chaotic battles in your quest for power. SIEGE GAMEPLAY Construct, position and fire a range of heavy machinery in sieges that will test your wits and skill like never before. Experience epic, sprawling combat across ramparts and rubble as you desperately hold on to your castle or seek to seize one from the enemy. Historically authentic defensive structures offer the ultimate medieval warfare experience, as you batter a rival's gate with your ram or burn his siege tower to ashes. Mount & Blade II: Bannerlord lets you live every moment of a chaotic battle through the eyes of a single soldier. DIPLOMACY Engage in diplomacy, with meaningful consequences that impact the world. Strike historic peace deals that win land for your kingdom or free you to take on a new foe. An all-new barter system gives players flexibility in cementing deals, from marriage offers to treason pacts, offering all the options available to NPCs. Use a new influence system to direct your faction's energies or strangle the aspirations of a rival. SANDBOX ECONOMY See the availability of goods ebb and flow in a simulated feudal economy, where the price of everything from incense to warhorses fluctuates with supply and demand. Invest in farms and workshops, or turn anarchy to your advantage by being the first to bring grain to a starving town after a siege or reopening a bandit-plagued caravan route. CRAFTING Craft your own weapon, name it and carry it with you to the field of battle! A deep, physics-based system gives each weapon you create a unique set of attributes, strengths and weaknesses. Forge a finely-tuned killing machine to match your own prowess and complement your play-style, or take the sword of your enemy and brandish it as a trophy of war. MODDING The engine and tools used to develop Mount & Blade II: Bannerlord are being made available to the community, so that modders can re-interpret Calradia or create their own worlds! Players can now combine different mods, making it easier than ever to play the game of your dreams. ENGINE An all-new tailor-made game engine, developed in-house to fulfill the unique needs of the series, offers the perfect balance of performance and graphical fidelity, scalable with the power of your hardware. Experience Mount & Blade with richer, more beautiful graphics than ever, immersing you in the world of Calradia, rendering the game's magnificent battles with equally spectacular detail."
10073,divinity-original-sin-2,Divinity: Original Sin 2,2017-09-14,2017,https://media.rawg.io/media/games/424/424facd40f4eb1f2794fe4b4bb28a277.jpg,4.4,95.0,21,"PC, PlayStation, Xbox, Nintendo","RPG, Strategy","The Divine is dead. The Void approaches. And the powers latent within you are soon to awaken. The battle for Divinity has begun. Choose wisely and trust sparingly; darkness lurks within every heart. Who will you be? A flesh-eating elf; an imperial lizard; an undead risen from the grave? Choose your race and origin story - or create your own! Discover how the world reacts differently to who - and what - you are.It’s time for a new Divinity! Gather your party and develop relationships with your companions. Blast your opponents in deep tactical turn-based combat. Use the environment as a weapon, use height to your advantage, and manipulate the elements.Ascend as the god that Rivellon so desperately needs. Explore the vast and layered world of Rivellon alone or with up to 4 players in drop-in/drop-out co-operative play. Go anywhere, kill anyone, and explore endless ways to interact with the world. Continue to play in the brand-new PvP and Game Master modes. Choose your race and origin. or create your own as a Human, Lizard, Elf, Dwarf, or Undead. The world reacts to who you are, and what you’ve done. Every choice will have a consequence. Unlimited freedom to explore and experiment. Go anywhere, talk to anyone, and interact with everything! Every NPC can be killed, and every animal spoken to! Even ghosts hold a few secrets or two… The next generation of turn-based combat. Revamped action point system, AI 2.0., new elemental combos, over 200 skills, height advantage… and much, much more. Up to 4 player online and split-screen multiplayer. Choose one of the 6 pre-made characters or create your own. Play with your friends online or in local split-screen with full controller support. Game Master Mode: Take your imagination to the next level and craft your own stories with the Game Master mode. Download fan-made campaigns and mods from Steam Workshop."
10081,detention,Detention,2017-01-12,2017,https://media.rawg.io/media/games/d96/d966fbdebcb904af63980842b37c31c9.jpg,4.09,83.0,4,"PC, PlayStation, iOS, Android, Apple Macintosh, Linux, Nintendo","Adventure, Indie, Puzzle","Greenwood high school, located in a remote mountainous area, two students found themselves trapped and vulnerable. The place they once knew has changed in unsettling ways, haunted by evil creatures. To escape, they must explore the mysterious campus filled with ominous objects and puzzles. How will they survive in this ever threatening environment? Could they return to safety in one piece? Set in a fictitious world in the 1960s Taiwan under martial law, Detention, the story-driven atmospheric horror incorporated East Asian elements rarely used in games. Taoism, Buddhism, Chinese mythology, the game draws on local Taiwanese cultural references to tell an unique and terrifying story. In this 2D atmospheric horror side-scroller, players navigate the main characters in a classic point and click fashion to explore a high school where evil encroaches. While hiding from the rampaging monsters, you are to find items to interact with in the otherworldly rooms. And as more mysteries unveiled, the dark past of a cursed school will finally surface. 2D atmospheric horror with spine-chilling atmosphere. Immersive gameplay and puzzle solving experience Unique Taiwanese/Eastern cultural references. Original sound tracks, fusing Electronic, Lo-Fi, and Rock with traditional Asian instruments. Unique and appealing graphics. Multiple language support. (Including English, Chinese) Mac, Windows and Linux support"
10082,the-wild-eight,The Wild Eight,2016-07-12,2016,https://media.rawg.io/media/screenshots/aa2/aa20b948cacf78b2be2f3b58812317c4.jpg,3.3,,4,"PC, PlayStation, Xbox","Action, Adventure, RPG, Simulation, Indie","The Wild Eight is in a constant state of improvement, and it is not yet complete. If you are not ready for rare bugs and wipes, we recommend waiting for the full release. This does not mean that the game is unplayable or lacks features, it’s actually vice-versa! Right now The Wild Eight is fully enjoyable and has all main features such as the multiplayer, storyline and side quests. Buying the game and providing your feedback during Early Access will support us in improving the game. For more details check out our Early Access section above.***The plane crash was only the beginning. Eight survivors are stranded in the middle of an unforgiving Alaska. Don’t let it consume you. Survive and live to tell the tale of The Wild Eight.In The Wild Eight always keeping on the move is your only way to survive and find out what happened with this mysterious place. It doesn't pretend to be a realistic survival sim, but very challenging and fun game designed for both, a teamwork multiplayer and an immersive singleplayer experience. EXPLOREUncover the mystery behind the plane crash by following the quest lines and find all the anomalies that lie hidden in this snowy region. Follow the side quests to abandoned buildings, strange laboratories, facilities for unique loot and something out of this world! COOPERATEJoin with other players online to take on the toughest of all the challenges. SURVIVEBrave new horizons in this beautiful, yet deadly random generated low-poly world. Warm your body around the campfire at night. Take shelter from blizzards and share the food with other survivors! CRAFT & IMPROVEGather whatever you can to create the tools that will ensure your survival - weapons, clothing and gathering tools. Upgrade survival skills in your shelter to tailor the gameplay to your needs. HUNT OR BE HUNTEDFlee from the ferocious beasts or turn the tables and let them taste your fear. However, there are things lurking in the wild that are even more dangerous than wild animals and blizzards. All of this and more awaits you in The Wild Eight that gets updates with new features on a weekly basis. There’s more than the cold earth beneath the snow…"
10088,owlboy,Owlboy,2016-10-31,2016,https://media.rawg.io/media/games/0fc/0fc933e3dfbbf4306840ef429d73fa9a.jpg,3.82,88.0,4,"PC, PlayStation, Xbox, Linux, Nintendo","Action, Adventure, Indie, Platformer","Owlboy is a pixel-art platformer game about an owl-humanoid boy called Otus. When his homeland was attacked by pirates, Otus starts an adventure to protect his home and reveal the secrets of his race. He makes new friends on the way. Each of them has special powers, useful during fights. Owlboy features classic platforming gameplay with a twist: unlike in many hardcore games of this genre, here you can fly and have almost no chance to die by falling. Otus can pick things up and use them as weapons or to solve puzzles. There are several ways to complete the same missions; your choice depends on your imagination only. Also, there are suitable tactics for different enemy types: while you can defeat some of them with direct force, the others can be destroyed in more creative ways. The game’s world is organized like a huge cylinder with Otus’ village on the bottom; during the game you will fly higher and higher. Missions are set in separate locations; after completing them you will return to the central hub to get new quests."
10090,beholder,Beholder,2016-11-08,2016,https://media.rawg.io/media/games/40a/40ab95c1639aa1d7ec04d4cd523af6b1.jpg,3.8,75.0,4,"PC, PlayStation, Xbox, iOS, Android, Apple Macintosh, Linux, Nintendo","Adventure, RPG, Strategy, Indie","If someone has to live in the totalitarian society, that person has to work not to become a victim of it. Carl, a state-appointed landlord, has to spy on the tenants and to receive orders from the government. But to follow them or to dismiss them is up to the player, controlling Carl. Players will have to eavesdrop, bug the apartments of tenants, search through their personal items and complete quests, given to them by the higher ups. The moral choice system will take note of every action players will make, and every decision will have consequences. Much like in a similar in spirit game “Papers, please,” a government worker has to report any suspicious activity or anyone involved in suspicious activity. Beholder has multiple endings, and each of them is a compilation of player-made choices over the course of the game. Each tenant has their own personality, distinct appearance, conditions, and issues. It’s up to the player, to empathize with the lives of the tenant, or to follow orders."
10091,gremlins-inc,"Gremlins, Inc.",2016-03-10,2016,https://media.rawg.io/media/screenshots/8ff/8ffe8f19d2e764867c8ed625ddf4e368.jpg,3.64,75.0,5,"PC, Apple Macintosh, Linux","Strategy, Board Games, Card, Indie","This is an intense strategy board game in a steampunk world of corrupt capitalist gremlins who compete for money, political power and prestige. Save and invest, steal and extort, arrest and get arrested – in single-player and multiplayer, with ranks and ladders, team mode and spectator mode. Featuring seasonal content updates, regular tournaments, item drops, full support of Steam Community Market – and more! HOW DO YOU PLAY THIS GAME? Gremlins, Inc. is designed for up to 6 players, in multiplayer or in single-player mode (with AI bots). Each player has 6 cards on their hand (replenished from the same deck) and uses them either to move around the playing field or to perform different game actions. There is a lot of interaction with other players, and duels are significantly different from 3-player or 4-player games. You can play until a certain score limit, or until agreed number of rounds, or for time limit. The game offers both custom and ranked sessions (with matchmaking by rating). CAN YOU PLAY IN TEAMS OR JUST WATCH? Yes, you can! In addition to custom sessions (where you define the parameters of the session and may optionally set filters for those who can join you) and password-protected private sessions (so that you and your friends can play undisturbed), the game offers team mode (2x2, 3x3, or 2x2x2) with teams of human players and/or AI bots. Gremlins, Inc. also supports a built-in spectator mode, which allows you to watch sessions of other players right from inside of the game, sharing your emotions with players and other spectators through messages and emoticons. CAN YOU PLAY THIS GAME OFFLINE? Certainly! When you buy this game, you get 2 products in your Steam Library: Gremlins, Inc. – the edition that is playable online in single-player and multiplayer modes, with full support of item drops and Steam Workshop; and Gremlins vs Automatons – the edition that is playable offline in single-player mode, without any connection to our server whatsoever. HOW LONG DOES IT TAKE TO PLAY ONE SESSION? The game offers different session settings to make them fit your available time, and single-player mode offers automatic SAVE / LOAD function at every turn so that you can take a break whenever you want (while multiplayer mode offers re-connect functionality as long as the session is still in progress). A quick duel for 20 score points with a fast timer can finish in under 20 minutes, while a 4-player session for 60 rounds can last for 2 hours or more. SHORT-TERM AND LONG-TERM STRATEGIES? There are different types of cards in the game (permanent, regular, secret and criminal) and as each card can be used either to move or for action, you will develop both short-term and long-term strategies for making the most out of where you are, and what you currently have in your hand. Normally, you spend half of your game time accumulating resources and building the foundation for the end-game, and the other half trying to control the progress of your opponents (stealing, arresting, initiating player conflicts, and so on). The more you play, the more new strategies you will discover – especially when combining the effects of several cards played in a combination. MAKE DECISIONS, PLAN YOUR MOVES This is an intense strategy game: make decisions at every round! Plan your moves, then adjust to the actions of the other players and new cards drawn.The design of the playing field and the multiple layers of optional features (that you can turn on or off, as you wish) allow for a variety of strategies. The more you play, the more roads to victory you discover, using a combination of features based on the particular setup of the session.The game offers a diverse resource system that allows for many comeback chances even after you're robbed or arrested (or both). With score, money, votes, malice, income and bribes, the tension often remains until the very last round.The multilayer mode of the game features a system of ratings, ladders and ranked sessions: compete in a specific league, and take part in the regularly organised tournaments with over 1,000 participants. A system of anonymous masks allows everyone to compete on equal terms in a ranked session.Additionally, the game offers over 10 single-player challenges plus the option to create custom single-player sessions with different settings and a different mix of AI bots.Finally, there's the team mode where victory is determined not only by strategic skill, but also by communication and coordination of each team, which is an entirely different layer of game mechanics. FACTS & FIGURES 179 cards in the main deck (143 of them – unique): permanent, regular, secret and criminal, each with a hand-drawn steampunk illustration; with each Season update, we keep adding several new cards to the deck.38 events in the Misfortune deck: these are the special events triggered at certain moments in the game, and may affect the current standing of all players to a significant degree, especially when used on a specific opponent.6 special Chaos Cards: this is an optional set of cards available to every player in the game; turn them on or off to change the dynamics of the session.12 sets of Character Abilities: another optional feature that brings to the game special game mechanics unique to each character type; playing with these makes different competing strategies even more pronounced.11 original locations: the Office, the Plant, the Dump, the Marketplace, the Inferno, the Jail, the Casino, the Court, the Treasure, the Bank and the Astral Plane; and 7 original spot types: Risk, Gamble, Police, Income, Bribe, Misfortune and Tribune.Finally, the game took us three years to develop from concept to full release, and we're still committed to continue supporting the community through development of new content. There are currently over 120,000 players of Gremlins, Inc. on Steam from all over the world, including USA, Russia, China, Japan, UK and France. Collectively, players launched over one million game sessions in the three months since its release. FINALLY, WHO ARE THE GREMLINS? You think that’s just a pocket watch in your hand, a watch that’s a bit late because you keep forgetting to wind it up? No, no and no – you couldn’t be further from the truth! What you carry around is a whole gremlin town packed into this tiny mechanism: a town with its own bank, its own casino… and even its own jail! Gremlins are the microscopic creatures that inhabit any mechanism that they can possibly infiltrate. If a watch or a telescope malfunctions, then it’s probably due to gremlins who took up a residence there. More than anything in life, gremlins value money, political power and prestige: prestige that one can claim after completing some sort of a grandiose engineering project. Aside from working on their own projects, gremlins mostly spend their time preventing other gremlins from building something even more grandiose. This they achieve through bribing officials and lying to the electorate, as well through stealing from their competitors - and outright arresting them. A DISCLAIMER (JUST IN CASE) We felt it important to note that Gremlins, Inc. is not a free-to-play game. Also, this is not a CCG or TCG: you do not need to buy boosters or packs; in every session the game offers the same deck to every player, and everyone's chances are equal. OUR DLC POLICY We are committed to the principle of continuously updating the game with new features and new game content that come as regular updates, FREE to every owner of the product. At the same time, from time to time we release DLCs that feature fun cosmetic content. If you like it, you can support our efforts by your purchase. However, there is absolutely no pressure to own any of the DLCs in order to play the game or compete in the tournaments. Every player, whether they have DLCs or not, has access to the same game features and the same game mechanics. The game also supports crafting: once you find a blueprint of a specific item, you can create as many such items as you wish, as long as you have the required number of charges (you get charges when you convert other in-game items that you do not want, or have multiple copies of). Finally, the game has its own Steam Item Store where we sell a very small number of unique items that influence the item meta-game (but they have no effect on the game mechanics). ONLINE & OFFLINE VERSIONS Gremlins, Inc. was designed as a digital board game with the multiplayer mode at its heart. However, this is not to say that we don't like single-player – we do, and there's a separate section with the single-player challenges as well as the mode where you can create any custom single-player session that you like! One of the products that you receive with this game, Gremlins, Inc., features both single-player and multiplayer modes, and requires that your game client is connected to both Steam and the game's server at all times – in order to support item drops, Steam Community Market and Steam Workshop. The other product that is included with the game, Gremlins vs Automatons, features single-player mode and is designed specifically to be played offline. AMSTERDAM AND SINGAPORE SERVERS The game currently supports 2 separate servers: Amsterdam and Singapore. Players are able to check their ping value for each of these servers, and play on the server that is the most convenient. Each server has its own player ladder, statistics and player profiles. Most players choose Amsterdam, since ping to Amsterdam from anywhere in the world rarely exceeds 300. However, as we saw more and more players from the Asian region join the game, especially from China, we added the server in Singapore in order to be able to offer faster connection specifically to these players. We hope that this works well for every player, as good player experience is our top priority. We will continue to monitor the quality of our server/client connection in order to adapt the servers to the changing requirements and we thank you for your patience."
10092,minion-masters,Minion Masters,2019-05-24,2019,https://media.rawg.io/media/games/e4a/e4ab7f784bdc38c76ce6e4cef9715d18.jpg,2.3,,5,"PC, Xbox","Action, Strategy, Indie","Two small platforms hang in space, each has a place for the commander and his few, but diverse warriors. Between the platforms there are two bridges. The goal of the game is to capture and hold bridges. The game involved more than three hundred characters. You can fight with players of different levels. There are game modes with the computer and with any partners, friends or players found on the game server on the Internet. After the end of the battle, you can see all the initial conditions of the opponent in the last game and all his actions in it. It is possible to trace what decisions the enemy took, how he equipped the troops and how he controlled them. The amount of armament and power increases from level to level, from battle to victory. A variety of monsters and fantastic teams are combined in different combinations to conquer and suppress the enemy. Control of the bridge and neutralization of enemy forces - in this game this is the sacred grail, after which the player goes away time and again, honing his mastery of strategic planning."
10093,thehunter,theHunter,2014-06-03,2014,https://media.rawg.io/media/screenshots/496/496a873faaee08ff2a9f2b0d40e9ee05.jpg,2.51,,1,PC,"Action, Adventure, Simulation, Sports","theHunter is a hunter simulation game developed by Expansive Worlds. It is a part of theHunter simulation series and serves as a reboot of the whole series. Gameplay No plot whatsoever is present in the game. At the beginning of the game, the players create their own character and complete a tutorial. After that, the players are put into an immersive open world where they can either hunt any animal they find or activate missions, the completion of which grants the players some amount of the in-game currency. The game's world is resembled by an immense island that features the surroundings of Washington, United States; Australia; France. The game can be played freely, yet only five species are present in its free-to-play version. While hunting, it is essential for the players to use cover to avoid getting detected by their prey. Each animal has its own specific reaction to the changes in the game's world. Some animals do not sense smells as well as the others, so the players can get to the prey much closer. It is also essential to take the sound you make into account, as it may scare the animal you hunt away. For hunting several species, it is required to use a specific weapon. The players are free to use bows on any animal they can find in the world, while the game's firearms' calibers have to be carefully picked out by the players, based on the animal."
10096,3dmark,3DMark,,,https://media.rawg.io/media/screenshots/39b/39b62f5a6813c71d4d6946828fcda4cb.jpg,3.38,,3,PC,,"3DMark includes everything you need to benchmark your hardware. With its wide range of benchmarks, you can test everything from tablets and notebooks to the latest 4K gaming PCs. It's the most powerful and flexible 3DMark we've ever created. 3DMark is for gamers, overclockers and system builders who want to get the most out of their hardware. When you buy 3DMark on Steam you unlock all tests, settings, and features. Better benchmarking with 3DMarkThe right test every timeWe've made it easy to find the right test for your PC. 3DMark automatically scans your hardware and recommends the best benchmark for your system.Choose your tests3DMark grows bigger every year with new tests. When you buy 3DMark from Steam, you can choose to install only the tests you need.Hardware monitoringDetailed charts show you how the CPU and GPU temperatures, clock speeds, and the frame rate changed during your benchmark run.Custom settingsExplore your PC's performance limits with custom benchmark settings. You can change the rendering resolution and quality across a range of settings.Benchmark TestsTime Spy - DirectX 12 benchmark for Windows 10 PCsWith its pure DirectX 12 engine, built from the ground up to support new API features like asynchronous compute, explicit multi-adapter, and multi-threading, Time Spy is the ideal benchmark for testing the DirectX 12 performance of the latest graphics cards. Fire Strike - For high-performance gaming PCsFire Strike is a showcase DirectX 11 benchmark designed for today's high-performance gaming PCs. Use Fire Strike to test dedicated gaming PCs, Fire Strike Extreme for high-end systems with multiple GPUs (Crossfire/SLI), or try Fire Strike Ultra, the world's first 4K Ultra HD benchmark. Sky Diver - For gaming laptops and mid-range PCsSky Diver is a DirectX 11 benchmark that is ideal for testing mainstream graphics cards, mobile GPUs, integrated graphics and other systems that cannot achieve double-digit frame rates in the more demanding Fire Strike test. Cloud Gate - For notebooks and home PCsUse Cloud Gate to test the performance of notebooks and typical home PCs with DirectX 10 compatible hardware. Ice Storm - For basic tablets and smartphonesUse Ice Storm, Ice Storm Extreme, and Ice Storm Unlimited to compare smartphones and tablets across platforms.Feature TestsAPI Overhead feature test - Compare the latest graphics APIsThe 3DMark API Overhead feature test is the world's first independent test for comparing the performance of DirectX 12, DirectX 11 and Vulkan. See how many draw calls your PC can handle with each API before the frame rate drops below 30 fps.Stress TestsCheck the stability of your systemStress testing is a good way to check the reliability and stability of your system after buying or building a new PC, upgrading your graphics card, or overclocking your GPU. Stress testing can also identify faulty hardware or the need for better cooling."
10108,portal-knights,Portal Knights,2016-02-25,2016,https://media.rawg.io/media/screenshots/999/9996d2692128d717880d2be9f9351765.jpg,2.98,72.0,3,"PC, PlayStation, Xbox, iOS, Android, Nintendo","Action, Adventure, RPG","Leave the familiar world behind and step into the fantastic unknown with Portal Knights, a cooperative 3D sandbox action-RPG! Level up your character and craft powerful gear to defeat your enemies in real-time tactical combat. Explore dozens of randomly-generated islands and restore peace to a world torn apart by The Fracture. Craft your adventure. Forge your hero. Become the ultimate Portal Knight!Key Features Travel between randomly generated 3D sandbox worlds. Traverse unique environments, meet unique NPC characters, discover creatures and resources for crafting. Explore caves, lakes and dungeons filled with surprises. Tactical action combat. Strike your foes and dodge their attacks in fast-paced 3rd-person battles. Outwit each enemy’s unique AI and choose from an assortment of weapons and spells to defeat them! RPG character classes including warrior, ranger and mage. Play as a Warrior, Mage or Ranger and customize your appearance, abilities, and gear. Unlock powerful talents as you level up! Random Events. Adventure in ever changing landscapes. Complete new quests and earn exclusive items in random events across the worlds. Mine and gather resources from across the lands to craft your arsenal and supplies. Upgrade your crafting stations and expand your recipe list to 100+ items, including crafting trees for each class. Build your home using dozens of materials and furnishings. Harvest resources and build grand structures, craft unique furniture, adopt a pet companion and more! Epic boss battles. Face off against the Portal Guardians, the most formidable beasts in the realm, in their twisted arenas. Join your friends in 4-person cooperative multiplayer or 2 player split screen. Work together on the same island to build structures, explore dungeons, and overcome the toughest perils or play separately on different islands."
10119,legacy-of-kain-soul-reaver-2,Legacy of Kain: Soul Reaver 2,2001-10-29,2001,https://media.rawg.io/media/games/837/8375a78025f2f969743c8f4aaa0e9774.jpg,3.91,77.0,1,"PC, PlayStation","Action, Adventure, Platformer","Soul Reaver 2 is the third installment of the Legacy of Kain franchise. It continues the plot of its predecessor, Legacy of Kain: Soul Reaver. Plot: 1500 years ago the vampire overlord Kain conquered the fantasy world of Nosgoth and established a new race of immortal vampires. The Elder God, who sees vampires as an abomination against the circle of life, opposes Kain. When Kain killed his lieutenant Raziel, The Elder God brought the dead man back to life to fight against Kain. At the beginning of Soul Reaver 2, both Raziel and Kain travel back in time to the ancient eras of Nosgoth. They both try to alter history in their favor. Raziel discovers he is the only person in Nosgoth who can evade his predefined fate, so he faces a dilemma: should he follow his predetermined past to defeat Kain, or should he break free from the bonds of destiny. Gameplay: The player assumes the role of Raziel, controlling him from the third person view. Raziel travels Nosgoth to fight monsters and other enemies. In the battles, he uses his Soul Reaver sword that allows him to steal the souls of his opponents. Various attacks can be used to form powerful combo movements. Gathered souls allow Raziel to enter the spectral realm. It is a world of ghosts that mirrors the real world. Spiritual realm allows Raziel to regenerate his health and avoid certain obstacles. After dying in the real world, the protagonist has to continue his journey in the spirits' world."
10121,conflict-denied-ops,Conflict: Denied Ops,2008-02-08,2008,https://media.rawg.io/media/screenshots/58d/58dea937cb848952b3734bed14829569.jpg,2.67,58.0,1,"PC, Xbox","Action, Shooter","*This is a single player only title*Venezuela is left in a state of civil war after the government was brutally overthrown by a military coup. With factions fighting to reinstate democracy, the U.S. government has offered their assistance, though the new government regime has threatened to deploy nuclear weapons if the U.S. meddles in Venezuelan affairs. The threat needs to be neutralized, and the U.S can't risk nuclear war.The CIA Special Activities Division operates in isolation and secrecy. If captured, any link with the U.S. Government will be denied.Conflict: Denied Ops is a highly accessible FPS featuring massive, extremely explosive firefights across destructible environments. Work as a team to utilize the specific skills of each operative and experience the ultimate in destructive satisfaction with tons of exploding objects and an endless barrage of terrorists who are begging to be blown to hell.Key Features: Two-Man Tactics  Switch between team members at any time for maximum control.Explode Your Enemies  Levels are built around massive fire fights with a continuous stream of enemies, and tons of exploding objects littered around the level to help your cause.Destroy Everything  Obliterate your enemies with explosions, demolish buildings, blow through walls and destroy almost anything in the environment.Accessible Action  Give commands to your team mate simply by pressing or holding a single button. Concentrate on the action, not complicated menus or control schemes.Puncture-Tech  Utilize strategic destruction made possible with new Puncture-Tech technology developed by Pivotal Studios. Blast open new pathways, shoot unaware enemies through walls, or create holes in your cover to generate firing paths."
10125,tom-clancys-ghost-recon-wildlands-2,Tom Clancy's Ghost Recon Wildlands,2017-03-06,2017,https://media.rawg.io/media/games/72e/72e0e063c817e90c696b2da3ea78abaa.jpg,3.57,72.0,18,"PC, PlayStation, Xbox","Action, Shooter, Massively Multiplayer","Tom Clancy's Ghost Recon Wildlands - the tenth game in a series of military tactical shooters with an open world, dedicated to the adventures of the special purpose squad ""Ghosts."" In the title of the series is the name of Tom Clancy - the author of super popular thrillers on military topics. Clancy is known for the ability to combine a tense plot with a detailed exposition of the details of military life, high realism of the narrative. In a series of these games, he served as a screenwriter. Players play as members of the Ghosts, an elite group of fighters performing special missions in the army of the United States. The game takes place in Bolivia, which is represented by the place where the drug cartel of Santa Blanca has much more power than the government. Thanks to cartel, this country is the largest supplier of drugs in the world. The power of a criminal group adversely affects the entire situation in the region. The US government sends an elite special unit ""Ghosts"" to investigate corruption links and destroy the drug cartel. The game uses a third party perspective. A first-person view is also possible - this option is used for aiming."
10130,obduction,Obduction,2016-08-23,2016,https://media.rawg.io/media/games/c01/c0137ea58ab81b909685b5fb78d788cc.jpg,3.16,76.0,2,"PC, PlayStation, Xbox, Apple Macintosh","Adventure, Indie, Puzzle","Now also playable on Oculus Rift! Note: This is a visually lush and detailed game. Playing in VR takes full advantage of higher-end systems - please refer to its minimum and recommended specs. From Cyan, the indie studio that brought you Myst, comes a new sci-fi adventure. As you walk beside the lake on a cloudy night, a curious, organic artifact falls from the starry sky and inexplicably, without asking permission, transports you across the universe. You’ve been abducted from your cozy existence and added into an alien landscape with pieces of Earth from unexpected times and places. The strange worlds of Obduction reveal their secrets only as you explore, discover, coax, and consider their clues. As you bask in the otherworldly beauty and explore the enigmatic landscapes, remember that the choices you make will have substantial consequences. This is your story now. Make it home. “Immense and immersive… It was breathtaking… something that feels magical.” - UploadVR “Cyan has succeeded in making another adventure that feels truly timeless.” - Polygon “Obduction’s beautiful world is a worthy successor to Myst.” - Wired"
10132,rpg-maker-vx-ace,RPG Maker VX Ace,2012-12-10,2012,https://media.rawg.io/media/screenshots/18e/18ef77d2a8ed1ddb7f1abf358a3c1ea0.jpg,3.44,,3,PC,,"RPG Maker VX Ace is a computer program to make Role-Playing Games and the variation of the original RPG Maker VX. It is a part of the RPG Maker series and is the seventh game in the set. Features Namely, the program allows the user to create any RPG he likes. It consists of three main sections: map editor, database and resources. The scheme for creating the game does not vary from title to title — one chooses the required map layout, then places the points of interests, initiates events and fills the map with content. In the later stages of developing, the user may track the behavior of the in-game elements using diverse data sets allowing him to change the variables without cutting open the game. Notes and restrictions It is possible to use the game commercially — for instance, sell and organize the IP around it with no copyrights from the Enterbrain attached. The Maker is limited to only single-player 2D games. Multiple paid DLCs are available each bringing new tiles or characters editor into the title. Ace updates Compared to the original VX, Ace version features minor improvements such as multi-tiles errors fix and new soundtrack options. There was also a problem with the static background in some locations which is also fixed in The Ace."
10141,nierautomata,NieR:Automata,2017-03-17,2017,https://media.rawg.io/media/games/5a4/5a44112251d70a25291cc33757220fce.jpg,4.38,86.0,14,"PC, PlayStation, Xbox, Nintendo","Action, RPG","NieR: Automata is an action RPG, a sequel to Nier and a spin-off to the Drakenguard series. The story is set in the middle of the war between humans and machines where you take on the role of an android warrior called 2B. The story develops around the theme of androids' ability to feel and make their own decisions. The gameplay of NieR: Automata combines RPG elements, such as character progression, with action-based combat and some platforming features, including climbing and jumping over obstacles. Except for traditional light and heavy attacks, there are quick time events that if the completed result in a highly damaging counterattack. You can use four weapon types during the battles: short swords, long swords, bracers, and spears. While you play as a robot, you can upgrade your body with special chips that increase your stats. The game is set in an open world and features numerous NPCs and side quests. You can explore it on foot as well as ride a wild animal or pilot a flying mech. There are also shops where you can get useful items including potions to restore health."
10156,aliens-colonial-marines-collection,Aliens: Colonial Marines Collection,2013-02-11,2013,https://media.rawg.io/media/screenshots/e2f/e2f77c0b293b8e0ea5ba551599e95556.jpg,2.65,45.0,5,"PC, PlayStation, Xbox",Action,"You and your friends are the deadliest killers in the galaxy. Another glorious day in the Corps. Buckle up, soldier! Welcome to Aliens™: Colonial Marines. Created by Gearbox, the critically acclaimed and fan-favourite developers of Borderlands and Brothers In Arms, you and your friends will become the most badass military outfit in the galaxy – the US Colonial Marines. It’s up to you to not just survive, but wipe out the Xeno infestation. Key Features: Enlist in the Marine Corps. Bringing you a true sequel to the classic Aliens film, get tooled up with classic Marine weapons including pulse rifles, motion trackers and flamethrowers. The most authentic Aliens experience ever. Using authentic environments inspired by the film series including Hadley’s Hope, the Sulaco and LV-426, you will be immersed in an eerie, atmospheric world where any moment could bring your death. Drop-in/Drop-out co-operative gameplay. The masters of co-op bring their expertise to the Aliens universe. Xenos getting too tough? Call up your buddies so they can drop in with extra firepower. The whole campaign can be played with a squad of up to four players, dropping in and out as necessary through self-contained missions within an over-arching narrative. Loadouts and upgrades. Create your perfect killing machine. An extensive upgrade system allows players to customise their characters to play the way they want. Earn experience to get perks, new weapons and new looks for your squad."
10161,blackwake,Blackwake,2017-02-24,2017,https://media.rawg.io/media/screenshots/360/3609a212ee012fad38d06f0cdd616091.jpg,3.26,,2,"PC, Apple Macintosh","Action, Strategy, Casual, Indie","Blackwake is a multiplayer naval FPS focused on teamwork and cooperation. Broadside or board enemy ships as a crew with intense FPS Naval Combat based in the Age of Sail Man the cannons and fire off coordinated broadsides with other players to sink the opposing ship. You will fight as a crew of up to 16 real players on a ship led by another player that has been voted as captain. Modes can have up to 54 players in a battle!Coordinate and cooperate to be efficient and be a devastating crew If you're part of the crew, you may help the ship in any way you see fit without being forced to a role. You can be the part of the gunnery crew by loading cannons and firing at the enemy, or be the master of repairs and help keep the ship afloat by patching holes in the ship, repairing sails, or pumping out water. Help keep your ship's fire power up by running supplies for your fellow crewman, or even board an enemy ship and conquer it!Lead your crew as the Captain and dominate the opponent or defeat an arch nemesis Issue commands to your crew, keep the coordination flowing as to which side to be at the ready, focusing on repairs or boarding the enemy! You can order which sides of the ship you want loaded with what, and motivate them until victory or death. Captain nominations occur at the start of the round and captain ratings improve or worsen depending on your success or failure.Game modes with variation Ranging from a traditional duel style 1v1 ship deathmatch all the way to a 3v3 deathmatch of various ship sizes, you will be tested as a captain, your coordination with other captains, and as a crew. Weather will change with each round, spanning from a calm day with islands to a heavy storm in the open ocean. More game modes are planned to come in free content updates to make sure things stay interesting!Communication is key There are multiple voice chat channels to keep coordinated, global, crew, faction, and proximity. Tell the powder monkey next to you, to fill yer' crate or the friendly ship's captain to come to your aid. Aside from voice channels there are also crew commands that are extremely helpful to people without microphones. You can expect the crew with the best communication and cooperation to win!Customization as both player and yer Ship Name your ship, change its colors and make it known in tales told. Change your appearance and outfits to display your skill, time played and persistence as a fellow crewman.Developers that are passionate about feedback and are part of the community Since our early development and Kickstarter we've spoken to our players through both discord and in-game chat, taking suggestions and feedback with care in real time. Every suggestion made by our players is truly considered and discussed, and we've been careful to keep in line with the vision we set out to create for Blackwake. The result is a game that we all helped create together and can enjoy together.As long as Blackwake breathes we'll keep her fed with content We want to keep developing Blackwake with FREE additional content to make Blackwake the best possible game it can be. No paid DLC to divide the community or pay to win items to give players who spend more an advantage. We have many more ideas for Blackwake, and we're excited to use them to keep the game fresh and active."
10163,rec-room,Rec Room,2016-06-01,2016,https://media.rawg.io/media/screenshots/35a/35a5b7aba92cb3cac5e3dde272336edf.jpg,2.99,,2,"PC, PlayStation, Xbox, iOS, Nintendo","Action, Adventure, Simulation, Sports, Arcade, Casual, Massively Multiplayer","Things to KnowRec Room is an active game. Please use common sense and caution while playing! Children under thirteen are not allowed. Children between 13-18 must consult with a parent or guardian before playing. In Early Access, Rec Room defaults to being a public experience. You will interact and voice chat with other people in real time. Rec Room offers mute, ignore and reporting features which we encourage you to learn and use. But even if you use these features, you still may be exposed to speech or behavior you find inappropriate. By playing Rec Room, you agree to our Code of Conduct!Code of ConductRule #1: Be excellent to each other! No sexually explicit behavior or language in the locker room or public activities. Children under thirteen are not allowed. Whatever you choose to do in a private activity, still make sure everyone is cool with it. Sexist, racist, discriminatory or harassing language is not welcome in Rec Room. Don't mess with other people's games! We don't want to implement a million rules to control your behavior in every game. Don't make us."
10166,depth,Depth,2014-11-03,2014,https://media.rawg.io/media/screenshots/41c/41cb09356a97110b6b7d79f0abcb7699.jpg,3.26,65.0,4,PC,"Action, Indie","Play as a shark or a diver in a dark aquatic world and overcome your enemies by employing cunning, teamwork, and stealth. Depth blends tension and visceral action as you team up against AI or be matched with other players in heart pounding combat.Key features Play as a shark As any one of 7 shark species, speed and senses are your greatest weapons. Stalk your prey from across the ocean and tear them in half with your razor sharp teeth. Be a Great White, Tiger, Mako, Bull , Hammerhead, Thresher ...... or even the legendary Megalodon! Play as a diver As a human diver you must explore the abyss in search of treasure to upgrade your arsenal. Defend yourself with a range of high powered gear, from spearguns and pistols to underwater assault rifles and explosive sea mines. Heart pounding atmosphere Experience the dread that comes from swimming in the darkness of the ocean. Dynamic lighting and shadows create a unique and gut-wrenching atmosphere that will have you on edge from the moment you dive in. Evolve your play style Unlock exotic new weapons for your diver, or 'evolutions' for your shark that open up new tactical possibilities as you play the game. Persistent stat tracking and meaningful steam achievements will also give you something to shoot for (in some cases, quite literally!) Practice offline with AI bots Not feeling quite ready to plunge into online play? Depth allows you to hone your skills against some alarmingly clever AI enemies who can be configured in several modes of difficulty."
10174,pirates-vikings-and-knights-ii,"Pirates, Vikings, and Knights II",2010-02-12,2010,https://media.rawg.io/media/screenshots/fb3/fb3d19e8da6a4fc13515c344c0e8c6ce.jpg,2.8,,1,"PC, Apple Macintosh, Linux","Action, Indie","Pirates, Vikings, and Knights II boasts a unique three-team symmetry and a myriad of colorful characters to promote exciting, strategic, and fun gameplay. It features several game modes, each requiring its own special brand of cunning to master. Do battle on a tropical island for control of bountiful treasure. Appease your gods by spilling the blood of your enemies deep within a Mayan temple. Conquer your foes by taking control of precious badlands territory. But most importantly, have FUN!Features & Accolades Three teams with 9 unique player classes Fun, skill-based combat Swords, axes, guns, and explosives Unique voice acting for every character A variety of gorgeous levels Whimsical and challenging achievements Command-able attack parrots 100% FREE! PiratesSkirmisher: A light-footed scallywag who can blow enemies away with his gunpowder-packed keg.Captain: Brandishes a peg-leg, hook, and an attack parrot, which will seek out enemies and peck them to death!Sharpshooter: A Spanish sweet-talker who snipes his enemies from a safe distance, or cuts them to pieces with his butter knife.VikingsBerserker: A shirtless and battle-crazed warrior capable of mowing enemies down with his dual-wielded weapons and giant axe.Huscarl: Throwing axes, a two-handed battle axe, and sword/shield combo allow this warrior to take on the toughest enemies.Gestir: A well-seasoned master of the spear and javelins who has no problem skewering his enemies either up close or from a distance.KnightsHeavy Knights: Wearing a full suit of armor, this battle tank can cut his foes in half with his great sword. Archer: There is no match for a skilled archer with a quiver full of arrows. He sometimes reigns fire down upon his enemies.Man-at-Arms: A Frenchman with a sense of humor. He brandishes a halberd, mace & buckler, and his fart special will leave enemies dazed and confused.Game ModesBootyBooty is a unique version of Capture the Flag. Players fight each other for treasure chests filled with gold and jewels. Bring chests back to your base and hold onto them to win the game.TerritoryTerritory is a king of the hill style game mode, where teams fight for territories throughout the map. Hold onto the territories for as long as you can to win the game.Trinket WarsTrinket Wars is the caffeinated version of Team Deathmatch. Teams must gain control of their trinkets, and then use the power of their trinket to destroy their enemies.Last Team StandingLast Team Standing is exactly what the name suggests - all three teams square off, fighting to the death. The last team alive wins the round.Objective PushThis game mode can range from a simple break-in and destroy your opponents' bases, to a more advanced sequence of map-specific objectives. The only limit is the mapper's imagination!Team DeathmatchTeam Deathmatch is a fight for dominance. Teams square off against one another to see who can rack up the most kills. Like the other game modes, you should stick together to achieve victory!"
10179,rakuen,Rakuen,2017-05-10,2017,https://media.rawg.io/media/screenshots/07d/07db693969f2d918aaba6adfbb0a4819.jpg,3.21,84.0,5,"PC, Apple Macintosh, Linux","Adventure, RPG, Indie","Rakuen is an adventure game about a little Boy who lives in the hospital. One day, the Boy asks his Mom to escort him to the fantasy world from his favorite storybook, so that he can ask the Guardian of the Forest to grant him one wish. In order to receive his wish, the Boy must complete a set of challenges that revolve around helping his neighbors in the hospital by interacting with their alter-egos in the fantasy world... ...A cranky old man who guards a broken music box with his life while complaining that he never gets any visitors; a young woman in a coma whose husband hasn’t left her side in months; a little girl who laments over a friend she was never able to say goodbye to after growing ill… The Boy slowly begins to realize that his neighbors are plagued by secrets and struggles that are mysteriously tied to the strange hospital.FEATURESHeartwarming and character-rich story. A unique non-combat adventure that mixes whimsical dungeons, eerie room escape puzzles, and dialogue-based mysteries that are intricately tied to the story. Walk a mile in everyone's shoes as you traverse each character's life to learn about their unfinished business and help them through it. An original soundtrack featuring multiple vocal songs that are closely tied to each character. Collect items and build friendships to gradually make the hospital a better place. Go on humorous quests for strange creatures in the fantasy world."
10180,wizard-of-legend,Wizard of Legend,2018-05-15,2018,https://media.rawg.io/media/screenshots/b25/b258a515226ab56c46ac8619cacb8f26.jpeg,3.52,77.0,3,"PC, PlayStation, Xbox, Apple Macintosh, Linux, Nintendo","Action, Adventure, Indie","Become A Wizard Of Legend! Wizard of Legend is a fast paced dungeon crawler with rogue-like elements where you assume the role of a powerful wizard intent on overcoming the Chaos Trials to become the next Wizard of Legend.Story Every year in the City of Lanova, the Council of Magic, comprised of the most powerful wizards in the world, holds the Chaos Trials to determine if there are any worthy of becoming a Wizard of Legend. The contestant that successfully navigates all of the challenges and demonstrates superior wizardry earns the right to become a Wizard of Legend!Gameplay Battle your way through each challenge by defeating powerful conjured enemies! Collect valuable spells and relics and build up your magical arsenal to fit your playstyle! Achieve mastery over magic by chaining spells together to create devastating combination attacks! Face each council member in combat and earn your right to become a Wizard of Legend!FeaturesFast Paced Spell Slinging Combat Use powerful spell combinations to destroy your enemies Procedurally generated levels mean a new challenge every time Tons of spells and items to fit your playstyle A variety of unlockable wizards to discover Local multiplayer allows you to play with or against a friend Gamepad and controller support for most major devices"
10186,mr-shifty,Mr. Shifty,2017-04-13,2017,https://media.rawg.io/media/screenshots/bbf/bbf9db1fa0bb301ec051e243e86c05a1.jpg,3.2,,3,"PC, PlayStation, Xbox, Apple Macintosh, Linux, Nintendo","Action, Shooter, Adventure, Indie","Shift through bullets, and master lightning-fast takedowns in an all new kind of action game from tinyBuild and Team Shifty! Mr. Shifty follows a teleportation-fueled heist to break into the world's most secure facility.Shift through walls, through bullets, cover huge distances and be everywhere at onceOne shot kills. Survive on skills.Use distraction, trickery, explore what's possible when stealth and action become one!Toy with enemies, laugh as they use doors to enter roomsUnderestimate enemies, and cry as they use group tactics to outsmart ShiftyA group of industry veterans behind 21 games, from GameBoy Advance to Xbox 360, have joined together to raise the bar for independent games: Team Shifty's action-packed debut is a must play!"
10198,craft-the-world,Craft The World,2014-11-23,2014,https://media.rawg.io/media/screenshots/cfe/cfed2e5b127ab7fce676be22b247ab40.jpg,3.84,,9,"PC, Apple Macintosh","RPG, Strategy, Simulation, Indie","Craft The World is a unique sandbox strategy game, the mix of Dungeon Keeper, Terraria and Dwarf Fortress.Explore a random generated world populated by dangerous creatures, build a dwarf fortress, gather resources, and craft all the items, weapons, and armor you need.GOD-SIMULATIONYou control a tribe of dwarves by giving them commands to dig in certain places, attack enemy creatures, and build houses and other structures. You'll need to provide your dwarves food and clothing, as well as help them with magic when fighting against other inhabitants of the world. You start the game with one dwarf and gain additional dwarves as your experience level increases.SANDBOX GAMEEach game level has many layers of earth to explore, from the sky down to boiling subterranean lava. The level is randomly generated as an island, restricted by natural boundaries: oceans on the edges, lava beneath it, and the sky above. Other features include day and night and changing weather conditions. The worlds differ in size, humidity, temperature, terrain, and flora and fauna. Abandoned halls and rooms with treasure are hidden somewhere deep within the islands.CRAFTINGOne feature of the game is a user-friendly system of recipes for crafting. The recipes are organized and easily accessible. You can craft dozens of different items: building blocks for houses, furniture, decorations, weapons, armor, ammunition, and food for your dwarves.RTSAt the outset you find the recipes for basic tools and items, and build a small house with places to sleep and eat. Then, the size of the tribe increases and catches the attention of other inhabitants of the world. Most of them are night creatures and dwell underground. The worlds are full of fantasy creatures like zombies, skeletons, goblins, beholders, ghosts, giant spiders, and others. Some of them pay little attention to the dwarves, as long as the dwarves do not come into their field of vision. Others gather into quite large groups and try to break into the dwarves’ residence.TOWER DEFENSEEspecially dangerous are the waves of monsters that appear from time to time from portals. So, do not neglect to build a safe haven with strong walls and numerous trapdoors, cells, firing towers, and secret passageways.MAGICAs a divine being, you possess various spells. You can speed up the movement of the dwarves, open small portals, illuminate dark caves to scare away monsters, evoke natural magic in the form of rain or tree growth, hurl fireballs at the monsters’ heads, and find useful resources and hidden rooms underground, thereby helping to speed up resource extraction, exploration of the world, and the population growth of your assistants."
10202,crush-crush,Crush Crush,2016-10-18,2016,https://media.rawg.io/media/screenshots/ede/ede5b57bb963e09584b5ec00a80323fb.jpg,3.09,,5,"PC, Apple Macintosh, Linux","Casual, Indie","Hey hot stuff! Are you looking for a fun and flirty game to kill some time and make you laugh out loud? That’s a crazy coincidence, because it’s been looking for you! Welcome to Crush Crush – the Idle Dating Sim! Begin your quest to win the hearts of your town’s lovely ladies… after a disastrous intro or two! To do it you’ll have to build your stats, unlock amazing new jobs, and then sweep your waifu off her feet with exotic dates, the perfect gift, or maybe a tickle fight or two."
10204,pavlov-vr,Pavlov VR,2017-02-27,2017,https://media.rawg.io/media/screenshots/ca3/ca3925d7004ae8dd6a1e897242152f32.jpg,4.06,,3,"PC, PlayStation","Action, Indie","Pavlov is a multiplayer shooter for the HTC Vive. FeaturesDedicated Servers Competitive Search And Destroy game mode Casual fast-paced game modes Bots Matchmaking Offline/Practice mode Voice Chat Touchpad and OOB locomotion OOB LocomotionOOB stands for ""out of body"", a teleport variation without actually teleporting, your ""avatar"" moves into the target location while you snap every half a second to it. This works great for people who are prone to motion sickness without breaking the game for other people, this means you can play with regular players."
10206,ashes-of-the-singularity-escalation,Ashes of the Singularity: Escalation,2016-11-09,2016,https://media.rawg.io/media/screenshots/651/651f338d5c03b8c650543629ce486a52.jpg,2.43,81.0,3,PC,"RPG, Strategy, Simulation, Indie","The human race has expanded into the galaxy thanks to the wonders of the technological singularity. You have become so powerful that you can manage vast armies across an entire world that provide you with an ever greater galactic empire.Now, humanity is under assault by a new enemy. Calling themselves the Substrate, they seek to annihilate the human race from existence. You, as an up and coming member of the Post-Human Coalition, must deal with both this new menace as well as renegade humans trying to lay claim to their own worlds.Play as the Post Human Coalition or their eternal foes the Substrate and battle for control of the galaxy. Experience maps of unprecedented size and detail with the unparalleled power of the world’s first native 64-bit RTS engine, Nitrous. Enjoy the game online with friends in ranked or unranked multiplayer mode or play it by yourself against a powerful non-cheating AI in skirmish or campaign mode. No matter what mode you play, strategy is the key: deciding what technologies to research, where to send your armies, how to manage your economy, and what units to construct are crucial to victory. Experience a massive-scale real time strategy game where you wage war across worlds with thousands of units. The conflict has escalated, and it’s time to choose a side."
10213,dota-2,Dota 2,2013-07-09,2013,https://media.rawg.io/media/games/6fc/6fcf4cd3b17c288821388e6085bb0fc9.jpg,3.07,90.0,14,"PC, Apple Macintosh, Linux","Action, Massively Multiplayer","What used to be an unofficial modded map for the Warcraft 3, ended up being the most budgeted cybersport discipline, gathering millions of people to watch annual international championships. MOBA genre started with the DOTA, Defense of the Ancients, which can be efficiently described as 5 vs 5 top-down action strategy game, during which players are tasked to destroy the enemy core while protecting their own. Players can pick out of the roster of 112 heroes and battle on the single map while taking advantage of field vision, resources and item build that can either make heroes stronger or disable the enemy. DOTA 2 is still active, and receives updates weekly, reshaping metas and refreshing game balance, if by any chance some heroes became unreasonably strong. Each hero has not only a unique set of abilities but is fully customizable, through getting items for heroes after matches of through the trade. Not only heroes but terrain, couriers, that deliver items for you and even match announcers, that can be voiced by heroes, professional casters of just memorable characters from other forms of media."
